-3,-9,uDRMLhioIdbUtHkmErU7MfppyJ4=,u4AwIGOk+f1F4n6fT2g98znhuEA=
-2,-9,yV2+khdzpvvk3YYPdmPA5eV1uYc=,uUXCtXX9SsOZHXe6qd3fSn3SmgQ=
-3,-8,uDRMLhioIdbUtHkmErU7MfppyJ4=,e7BEBH127jkTosX7JXC/hlXm/Sk=
-2,-8,uDRMLhioIdbUtHkmErU7MfppyJ4=,CVUSU84S+icfvcUUj+4WzTBOJNc=
-2,-6,S86IFJtO2Gnc9OUJeAOUZ5O04qk=,iRNCQibvMmTi8EqkiEbvTBmhDaU=
-3,-6,S86IFJtO2Gnc9OUJeAOUZ5O04qk=,16nWhKafqtUUDSNDsYK47DNJCOE=
-3,-7,S86IFJtO2Gnc9OUJeAOUZ5O04qk=,e7BEBH127jkTosX7JXC/hlXm/Sk=
-2,-7,S86IFJtO2Gnc9OUJeAOUZ5O04qk=,CVUSU84S+icfvcUUj+4WzTBOJNc=
-3,-4,vq2hA4rH40j6WS9P9dTrNq4Npf4=,Yy7rX0J+9ETkTWljXqnU/9FXOeg=
-2,-4,vq2hA4rH40j6WS9P9dTrNq4Npf4=,538TUPm9gRR54KosdtNm6pKEIcA=
-2,-5,vq2hA4rH40j6WS9P9dTrNq4Npf4=,iRNCQibvMmTi8EqkiEbvTBmhDaU=
-3,-5,vq2hA4rH40j6WS9P9dTrNq4Npf4=,16nWhKafqtUUDSNDsYK47DNJCOE=
-2,-2,vq2hA4rH40j6WS9P9dTrNq4Npf4=,8Ikq8X1p/uy0MXX+EB99h4ZAFLw=
-3,-2,vq2hA4rH40j6WS9P9dTrNq4Npf4=,sfZ1ti8n+oZjoWIbTIFkoBTYpkA=
-3,-3,vq2hA4rH40j6WS9P9dTrNq4Npf4=,Yy7rX0J+9ETkTWljXqnU/9FXOeg=
-2,-3,vq2hA4rH40j6WS9P9dTrNq4Npf4=,538TUPm9gRR54KosdtNm6pKEIcA=
-4,-2,cqYwlC8iDwKKn4Gcm73NYO7GSUg=,sfZ1ti8n+oZjoWIbTIFkoBTYpkA=
-5,-2,hYxhnsG9IRHW8z5p8PGNEbHIUKY=,JU7zk1GpFkRm5JQBFhZq7nAQ6Yc=
-5,-3,VNMpgM+UvbvTHmGg+xZmImq669I=,dL6SXE+UjE458s8wrRreH/o0fTo=
-4,-3,cqYwlC8iDwKKn4Gcm73NYO7GSUg=,Yy7rX0J+9ETkTWljXqnU/9FXOeg=
-5,-5,cqYwlC8iDwKKn4Gcm73NYO7GSUg=,trj6S5Tj0JoM63Ko7MPem+Lo4jc=
-5,-4,m3FBC02URKpNYKPq51gP+HDpYQM=,dL6SXE+UjE458s8wrRreH/o0fTo=
-4,-4,cqYwlC8iDwKKn4Gcm73NYO7GSUg=,Yy7rX0J+9ETkTWljXqnU/9FXOeg=
-4,-5,cqYwlC8iDwKKn4Gcm73NYO7GSUg=,16nWhKafqtUUDSNDsYK47DNJCOE=
-5,-6,S86IFJtO2Gnc9OUJeAOUZ5O04qk=,trj6S5Tj0JoM63Ko7MPem+Lo4jc=
-5,-7,S86IFJtO2Gnc9OUJeAOUZ5O04qk=,NJ8bsiXtktf+ULaUPiepx/BtG7o=
-4,-6,S86IFJtO2Gnc9OUJeAOUZ5O04qk=,16nWhKafqtUUDSNDsYK47DNJCOE=
-4,-7,S86IFJtO2Gnc9OUJeAOUZ5O04qk=,e7BEBH127jkTosX7JXC/hlXm/Sk=
-5,-8,EF2VZL7oNoQfWkaFMnn4C+XIw8c=,NJ8bsiXtktf+ULaUPiepx/BtG7o=
-4,-9,EF2VZL7oNoQfWkaFMnn4C+XIw8c=,u4AwIGOk+f1F4n6fT2g98znhuEA=
-5,-9,yV2+khdzpvvk3YYPdmPA5eV1uYc=,VsgBl3CNrDgREssCXOexN7e7fC8=
-4,-8,EF2VZL7oNoQfWkaFMnn4C+XIw8c=,e7BEBH127jkTosX7JXC/hlXm/Sk=
-5,-10,4Oe+hDXP33+rxr4BhkpGY63tckM=,VsgBl3CNrDgREssCXOexN7e7fC8=
-2,-11,h7snZOvUB+HX/LT0OBnbU3sSL3M=,znmtjHYhG99WMF5tRc+AMISl1m4=
-5,-11,EF2VZL7oNoQfWkaFMnn4C+XIw8c=,T5elkSvKyEcxYnlmlATDzH7F4+k=
-4,-10,EF2VZL7oNoQfWkaFMnn4C+XIw8c=,u4AwIGOk+f1F4n6fT2g98znhuEA=
-3,-10,uDRMLhioIdbUtHkmErU7MfppyJ4=,u4AwIGOk+f1F4n6fT2g98znhuEA=
-4,-11,4Oe+hDXP33+rxr4BhkpGY63tckM=,SRt2uMAHKLhfUmY5isWg3HemABs=
-3,-11,h7snZOvUB+HX/LT0OBnbU3sSL3M=,SRt2uMAHKLhfUmY5isWg3HemABs=
-2,-10,h7snZOvUB+HX/LT0OBnbU3sSL3M=,uUXCtXX9SsOZHXe6qd3fSn3SmgQ=
-7,-12,DUx5OcsJ61N0vQxbWvDxOKR1uvI=,rHzyl82hz7XaSrG9/U3dOsqhII8=
-6,-12,cqYwlC8iDwKKn4Gcm73NYO7GSUg=,T5elkSvKyEcxYnlmlATDzH7F4+k=
-6,-13,iCf7WB46WTE1B/AJHDh8Tidi4oI=,gLPR9L2E5Yc2/czndkmh+Ag3s1E=
-4,-13,QBMqEjQPL8PXv0pvv0ddV6ymP1o=,VXnq89VYs+DIOBUculsh8iOjq3I=
-3,-13,cqYwlC8iDwKKn4Gcm73NYO7GSUg=,VXnq89VYs+DIOBUculsh8iOjq3I=
-5,-12,QBMqEjQPL8PXv0pvv0ddV6ymP1o=,T5elkSvKyEcxYnlmlATDzH7F4+k=
-5,-13,4Oe+hDXP33+rxr4BhkpGY63tckM=,gLPR9L2E5Yc2/czndkmh+Ag3s1E=
-2,-13,1Vyg7+DDTWnPEPT2lbg0Pw59rgw=,BZgcdxnb0wpGJprHlo7QhHnCM/0=
-4,-12,4Oe+hDXP33+rxr4BhkpGY63tckM=,SRt2uMAHKLhfUmY5isWg3HemABs=
-3,-12,1Vyg7+DDTWnPEPT2lbg0Pw59rgw=,SRt2uMAHKLhfUmY5isWg3HemABs=
-2,-12,1Vyg7+DDTWnPEPT2lbg0Pw59rgw=,znmtjHYhG99WMF5tRc+AMISl1m4=
-6,-10,3BL9eDRx2BFN4j0zpYHNotiTBr8=,VsgBl3CNrDgREssCXOexN7e7fC8=
-10,-9,/c9/1LaWeOKwyQhuw2jeajAyRUM=,GVTaDBt5ilj7iWsrpGh6IhnWfM0=
-10,-8,/c9/1LaWeOKwyQhuw2jeajAyRUM=,9CEodHghisWnVUp9b8bYv2mlZ4I=
-11,-8,/c9/1LaWeOKwyQhuw2jeajAyRUM=,zQR/yEWEzZRlsoUPnnySA7LEcKU=
-11,-9,/c9/1LaWeOKwyQhuw2jeajAyRUM=,iE2VtMnXIyBXfYTT4YW8srZi83E=
-8,-8,cqYwlC8iDwKKn4Gcm73NYO7GSUg=,VPoj679X1ZrdJS2DhJD/pE/5o24=
-6,-8,cqYwlC8iDwKKn4Gcm73NYO7GSUg=,NJ8bsiXtktf+ULaUPiepx/BtG7o=
-7,-8,cqYwlC8iDwKKn4Gcm73NYO7GSUg=,VPoj679X1ZrdJS2DhJD/pE/5o24=
-6,-9,hWnbDo1SW3BBRMKkykSgzgyK5Bw=,VsgBl3CNrDgREssCXOexN7e7fC8=
-8,-9,hWnbDo1SW3BBRMKkykSgzgyK5Bw=,afpaBF1Vhfhm/aefLl67IYkbwn8=
-9,-9,hWnbDo1SW3BBRMKkykSgzgyK5Bw=,GVTaDBt5ilj7iWsrpGh6IhnWfM0=
-7,-9,hWnbDo1SW3BBRMKkykSgzgyK5Bw=,afpaBF1Vhfhm/aefLl67IYkbwn8=
-6,-11,cqYwlC8iDwKKn4Gcm73NYO7GSUg=,T5elkSvKyEcxYnlmlATDzH7F4+k=
-7,-11,3BL9eDRx2BFN4j0zpYHNotiTBr8=,rHzyl82hz7XaSrG9/U3dOsqhII8=
-9,-8,hWnbDo1SW3BBRMKkykSgzgyK5Bw=,9CEodHghisWnVUp9b8bYv2mlZ4I=
-7,-10,3BL9eDRx2BFN4j0zpYHNotiTBr8=,afpaBF1Vhfhm/aefLl67IYkbwn8=
-10,-6,/c9/1LaWeOKwyQhuw2jeajAyRUM=,7M2yxYyGeiE+7E1/glygIu77JwY=
-11,-6,/c9/1LaWeOKwyQhuw2jeajAyRUM=,wdJyELAQWx9EVXyndbfJ4ZDQVtY=
-10,-7,/c9/1LaWeOKwyQhuw2jeajAyRUM=,9CEodHghisWnVUp9b8bYv2mlZ4I=
-11,-7,/c9/1LaWeOKwyQhuw2jeajAyRUM=,zQR/yEWEzZRlsoUPnnySA7LEcKU=
-6,-6,cqYwlC8iDwKKn4Gcm73NYO7GSUg=,trj6S5Tj0JoM63Ko7MPem+Lo4jc=
-6,-7,cqYwlC8iDwKKn4Gcm73NYO7GSUg=,NJ8bsiXtktf+ULaUPiepx/BtG7o=
-9,-6,hWnbDo1SW3BBRMKkykSgzgyK5Bw=,7M2yxYyGeiE+7E1/glygIu77JwY=
-9,-7,hWnbDo1SW3BBRMKkykSgzgyK5Bw=,9CEodHghisWnVUp9b8bYv2mlZ4I=
-8,-6,05+2GpN1D5Bvx9QEMjAyLoZQ/nY=,31uaGRzxMnpnNnFT7FIo/TDtZg4=
-7,-7,cqYwlC8iDwKKn4Gcm73NYO7GSUg=,VPoj679X1ZrdJS2DhJD/pE/5o24=
-7,-6,05+2GpN1D5Bvx9QEMjAyLoZQ/nY=,31uaGRzxMnpnNnFT7FIo/TDtZg4=
-8,-7,cqYwlC8iDwKKn4Gcm73NYO7GSUg=,VPoj679X1ZrdJS2DhJD/pE/5o24=
-10,-4,qzo//iJXxHNAGRdca3F5AiTOIJA=,B0KgFufmg05L1ETVSX8L1YjHLxQ=
-11,-4,qzo//iJXxHNAGRdca3F5AiTOIJA=,BA+ZW36Tzd4se2KxORFBUAyQvOU=
-10,-5,qzo//iJXxHNAGRdca3F5AiTOIJA=,7M2yxYyGeiE+7E1/glygIu77JwY=
-11,-5,qzo//iJXxHNAGRdca3F5AiTOIJA=,wdJyELAQWx9EVXyndbfJ4ZDQVtY=
-6,-5,cqYwlC8iDwKKn4Gcm73NYO7GSUg=,trj6S5Tj0JoM63Ko7MPem+Lo4jc=
-9,-5,yV2+khdzpvvk3YYPdmPA5eV1uYc=,7M2yxYyGeiE+7E1/glygIu77JwY=
-8,-4,4TeAz9T2jKmMYrUfFJGv5yr/miw=,6RdOZYLSwMfqy2rIw2aCFI7sCZQ=
-8,-5,4TeAz9T2jKmMYrUfFJGv5yr/miw=,31uaGRzxMnpnNnFT7FIo/TDtZg4=
-9,-4,yV2+khdzpvvk3YYPdmPA5eV1uYc=,B0KgFufmg05L1ETVSX8L1YjHLxQ=
-7,-4,4TeAz9T2jKmMYrUfFJGv5yr/miw=,6RdOZYLSwMfqy2rIw2aCFI7sCZQ=
-6,-4,4TeAz9T2jKmMYrUfFJGv5yr/miw=,dL6SXE+UjE458s8wrRreH/o0fTo=
-7,-5,4TeAz9T2jKmMYrUfFJGv5yr/miw=,31uaGRzxMnpnNnFT7FIo/TDtZg4=
-5,-1,hYxhnsG9IRHW8z5p8PGNEbHIUKY=,JU7zk1GpFkRm5JQBFhZq7nAQ6Yc=
-4,-1,cqYwlC8iDwKKn4Gcm73NYO7GSUg=,sfZ1ti8n+oZjoWIbTIFkoBTYpkA=
-2,-1,vq2hA4rH40j6WS9P9dTrNq4Npf4=,8Ikq8X1p/uy0MXX+EB99h4ZAFLw=
-3,-1,vq2hA4rH40j6WS9P9dTrNq4Npf4=,sfZ1ti8n+oZjoWIbTIFkoBTYpkA=
-1,-2,cqYwlC8iDwKKn4Gcm73NYO7GSUg=,8Ikq8X1p/uy0MXX+EB99h4ZAFLw=
-1,-3,cqYwlC8iDwKKn4Gcm73NYO7GSUg=,538TUPm9gRR54KosdtNm6pKEIcA=
-1,-5,vq2hA4rH40j6WS9P9dTrNq4Npf4=,iRNCQibvMmTi8EqkiEbvTBmhDaU=
-1,-4,vq2hA4rH40j6WS9P9dTrNq4Npf4=,538TUPm9gRR54KosdtNm6pKEIcA=
-1,-6,vq2hA4rH40j6WS9P9dTrNq4Npf4=,iRNCQibvMmTi8EqkiEbvTBmhDaU=
-1,-7,vq2hA4rH40j6WS9P9dTrNq4Npf4=,CVUSU84S+icfvcUUj+4WzTBOJNc=
-1,-13,1Vyg7+DDTWnPEPT2lbg0Pw59rgw=,BZgcdxnb0wpGJprHlo7QhHnCM/0=
-1,-12,1Vyg7+DDTWnPEPT2lbg0Pw59rgw=,znmtjHYhG99WMF5tRc+AMISl1m4=
-3,-14,cqYwlC8iDwKKn4Gcm73NYO7GSUg=,VXnq89VYs+DIOBUculsh8iOjq3I=
-2,-14,1Vyg7+DDTWnPEPT2lbg0Pw59rgw=,BZgcdxnb0wpGJprHlo7QhHnCM/0=
-1,-11,hWnbDo1SW3BBRMKkykSgzgyK5Bw=,znmtjHYhG99WMF5tRc+AMISl1m4=
-1,-8,uDRMLhioIdbUtHkmErU7MfppyJ4=,CVUSU84S+icfvcUUj+4WzTBOJNc=
-1,-10,hWnbDo1SW3BBRMKkykSgzgyK5Bw=,uUXCtXX9SsOZHXe6qd3fSn3SmgQ=
-1,-9,1Vyg7+DDTWnPEPT2lbg0Pw59rgw=,uUXCtXX9SsOZHXe6qd3fSn3SmgQ=
-1,-14,1Vyg7+DDTWnPEPT2lbg0Pw59rgw=,BZgcdxnb0wpGJprHlo7QhHnCM/0=
-12,-10,jswF0pcF/fE0O2oqtJMBKINa6q4=,iE2VtMnXIyBXfYTT4YW8srZi83E=
-12,-9,uC05X/miBepghBeAB/BuoqVTcEQ=,iE2VtMnXIyBXfYTT4YW8srZi83E=
-13,-10,jswF0pcF/fE0O2oqtJMBKINa6q4=,qZVxSV4Qnjx/QAhwOziPD9gUthE=
-8,-11,iCf7WB46WTE1B/AJHDh8Tidi4oI=,rHzyl82hz7XaSrG9/U3dOsqhII8=
-12,-8,uC05X/miBepghBeAB/BuoqVTcEQ=,zQR/yEWEzZRlsoUPnnySA7LEcKU=
-12,-11,uDRMLhioIdbUtHkmErU7MfppyJ4=,rZQ55wzYLnKkNV/sWbqc+WkaW3E=
-8,-10,iCf7WB46WTE1B/AJHDh8Tidi4oI=,afpaBF1Vhfhm/aefLl67IYkbwn8=
-13,-9,uC05X/miBepghBeAB/BuoqVTcEQ=,qZVxSV4Qnjx/QAhwOziPD9gUthE=
-10,-10,KuZQrHkACLdBsfqkI9J+8A1p/w0=,GVTaDBt5ilj7iWsrpGh6IhnWfM0=
-8,-12,4Oe+hDXP33+rxr4BhkpGY63tckM=,rHzyl82hz7XaSrG9/U3dOsqhII8=
-9,-12,4Oe+hDXP33+rxr4BhkpGY63tckM=,Y45u+nAzkCiqcWnCkxR/eTBURfM=
-14,-9,yV2+khdzpvvk3YYPdmPA5eV1uYc=,qZVxSV4Qnjx/QAhwOziPD9gUthE=
-12,-6,uC05X/miBepghBeAB/BuoqVTcEQ=,wdJyELAQWx9EVXyndbfJ4ZDQVtY=
-12,-7,uC05X/miBepghBeAB/BuoqVTcEQ=,zQR/yEWEzZRlsoUPnnySA7LEcKU=
-12,-4,CVzmhXrZN4GZ4o9FQjv53UFBrL8=,BA+ZW36Tzd4se2KxORFBUAyQvOU=
-12,-5,CVzmhXrZN4GZ4o9FQjv53UFBrL8=,wdJyELAQWx9EVXyndbfJ4ZDQVtY=
-1,-1,cqYwlC8iDwKKn4Gcm73NYO7GSUg=,8Ikq8X1p/uy0MXX+EB99h4ZAFLw=
-9,-10,iCf7WB46WTE1B/AJHDh8Tidi4oI=,GVTaDBt5ilj7iWsrpGh6IhnWfM0=
-12,-2,CVzmhXrZN4GZ4o9FQjv53UFBrL8=,hos4NJ98Xk2GJO/tSUbttGuf/fo=
-12,-3,CVzmhXrZN4GZ4o9FQjv53UFBrL8=,BA+ZW36Tzd4se2KxORFBUAyQvOU=
-14,-10,yV2+khdzpvvk3YYPdmPA5eV1uYc=,qZVxSV4Qnjx/QAhwOziPD9gUthE=
-12,-1,yV2+khdzpvvk3YYPdmPA5eV1uYc=,hos4NJ98Xk2GJO/tSUbttGuf/fo=
-10,-12,KuZQrHkACLdBsfqkI9J+8A1p/w0=,Y45u+nAzkCiqcWnCkxR/eTBURfM=
-11,-12,uDRMLhioIdbUtHkmErU7MfppyJ4=,rZQ55wzYLnKkNV/sWbqc+WkaW3E=
-12,-12,uDRMLhioIdbUtHkmErU7MfppyJ4=,rZQ55wzYLnKkNV/sWbqc+WkaW3E=
-4,-14,cqYwlC8iDwKKn4Gcm73NYO7GSUg=,VXnq89VYs+DIOBUculsh8iOjq3I=
-5,-14,1Vyg7+DDTWnPEPT2lbg0Pw59rgw=,gLPR9L2E5Yc2/czndkmh+Ag3s1E=
-6,-14,I7yoyq6B7a/pkxdgUirNChvMbPE=,gLPR9L2E5Yc2/czndkmh+Ag3s1E=
-11,-11,uDRMLhioIdbUtHkmErU7MfppyJ4=,rZQ55wzYLnKkNV/sWbqc+WkaW3E=
-9,-11,iCf7WB46WTE1B/AJHDh8Tidi4oI=,Y45u+nAzkCiqcWnCkxR/eTBURfM=
-10,-11,KuZQrHkACLdBsfqkI9J+8A1p/w0=,Y45u+nAzkCiqcWnCkxR/eTBURfM=
-11,-10,KuZQrHkACLdBsfqkI9J+8A1p/w0=,iE2VtMnXIyBXfYTT4YW8srZi83E=
-6,-3,lWQil0144nR3P4CwmCImam62xoQ=,dL6SXE+UjE458s8wrRreH/o0fTo=
-7,-3,lWQil0144nR3P4CwmCImam62xoQ=,6RdOZYLSwMfqy2rIw2aCFI7sCZQ=
-7,-1,lWQil0144nR3P4CwmCImam62xoQ=,5uDCPbtkq8U51yj+iXWf+HxewJ8=
-6,-2,hYxhnsG9IRHW8z5p8PGNEbHIUKY=,JU7zk1GpFkRm5JQBFhZq7nAQ6Yc=
-6,-1,hYxhnsG9IRHW8z5p8PGNEbHIUKY=,JU7zk1GpFkRm5JQBFhZq7nAQ6Yc=
-7,-2,lWQil0144nR3P4CwmCImam62xoQ=,5uDCPbtkq8U51yj+iXWf+HxewJ8=
-11,-3,rF96KaCh5bKRYvSzixW9owY7Xp4=,BA+ZW36Tzd4se2KxORFBUAyQvOU=
-11,-2,rF96KaCh5bKRYvSzixW9owY7Xp4=,hos4NJ98Xk2GJO/tSUbttGuf/fo=
-11,-1,yV2+khdzpvvk3YYPdmPA5eV1uYc=,hos4NJ98Xk2GJO/tSUbttGuf/fo=
-9,-3,yV2+khdzpvvk3YYPdmPA5eV1uYc=,B0KgFufmg05L1ETVSX8L1YjHLxQ=
-8,-3,lWQil0144nR3P4CwmCImam62xoQ=,6RdOZYLSwMfqy2rIw2aCFI7sCZQ=
-10,-3,rF96KaCh5bKRYvSzixW9owY7Xp4=,B0KgFufmg05L1ETVSX8L1YjHLxQ=
-8,-1,lWQil0144nR3P4CwmCImam62xoQ=,5uDCPbtkq8U51yj+iXWf+HxewJ8=
-9,-2,yV2+khdzpvvk3YYPdmPA5eV1uYc=,p2Q5wrUS7n9joscDi/CWtQuPYQg=
-8,-2,lWQil0144nR3P4CwmCImam62xoQ=,5uDCPbtkq8U51yj+iXWf+HxewJ8=
-9,-1,1Vyg7+DDTWnPEPT2lbg0Pw59rgw=,p2Q5wrUS7n9joscDi/CWtQuPYQg=
-10,-1,yV2+khdzpvvk3YYPdmPA5eV1uYc=,p2Q5wrUS7n9joscDi/CWtQuPYQg=
-10,-2,rF96KaCh5bKRYvSzixW9owY7Xp4=,p2Q5wrUS7n9joscDi/CWtQuPYQg=
-7,-13,DUx5OcsJ61N0vQxbWvDxOKR1uvI=,2uRWAQ7+qDO7G6z80PY1/rZb3ks=
-9,-13,4Oe+hDXP33+rxr4BhkpGY63tckM=,DJVZSivNtbvZ0YvlvreTDuKEq8k=
-8,-13,4Oe+hDXP33+rxr4BhkpGY63tckM=,2uRWAQ7+qDO7G6z80PY1/rZb3ks=
-11,-14,qL9bghlctOzhzJL+n98heShvWAw=,Je1jMjOSMao0fQsb3k7A9q6x6p8=
-11,-15,hb9rHG3QlUUk6BlQ4KrDGsmodGg=,nstpP91sGWnP96dS2eoqdRE1eV8=
-10,-15,hb9rHG3QlUUk6BlQ4KrDGsmodGg=,zIpfpIw55NdW9lBieawLXLRs3Ng=
-10,-14,qL9bghlctOzhzJL+n98heShvWAw=,DJVZSivNtbvZ0YvlvreTDuKEq8k=
-11,-13,KuZQrHkACLdBsfqkI9J+8A1p/w0=,Je1jMjOSMao0fQsb3k7A9q6x6p8=
-10,-13,KuZQrHkACLdBsfqkI9J+8A1p/w0=,DJVZSivNtbvZ0YvlvreTDuKEq8k=
-13,-3,CVzmhXrZN4GZ4o9FQjv53UFBrL8=,VSln5zvutkjQCEVELXye1l8ncKY=
-13,-2,CVzmhXrZN4GZ4o9FQjv53UFBrL8=,We8ckx5XpIu92DugUl+XdbUDNqA=
-13,-4,CVzmhXrZN4GZ4o9FQjv53UFBrL8=,VSln5zvutkjQCEVELXye1l8ncKY=
-13,-5,uC05X/miBepghBeAB/BuoqVTcEQ=,UjqdU0MseRWk9E/c5T+8wYG9vxk=
-13,-7,uC05X/miBepghBeAB/BuoqVTcEQ=,ucfhIu9GL9BUsLj+/vxY1/T05ZY=
-13,-6,uC05X/miBepghBeAB/BuoqVTcEQ=,UjqdU0MseRWk9E/c5T+8wYG9vxk=
-13,-8,uC05X/miBepghBeAB/BuoqVTcEQ=,ucfhIu9GL9BUsLj+/vxY1/T05ZY=
-13,-11,jswF0pcF/fE0O2oqtJMBKINa6q4=,HnuNIkwbVdXnB/RmnV2BS0STYlw=
-13,-12,jswF0pcF/fE0O2oqtJMBKINa6q4=,HnuNIkwbVdXnB/RmnV2BS0STYlw=
-12,-15,nsDqHPpRbdBUy9e4GxFP9Z76MIU=,nstpP91sGWnP96dS2eoqdRE1eV8=
-13,-15,nsDqHPpRbdBUy9e4GxFP9Z76MIU=,9vehOen2XdTFGN3z/saF2dBjHAQ=
-13,-13,jswF0pcF/fE0O2oqtJMBKINa6q4=,mGVxFMMkdsyb2W74rhPprPMz79Q=
-12,-14,jswF0pcF/fE0O2oqtJMBKINa6q4=,Je1jMjOSMao0fQsb3k7A9q6x6p8=
-12,-13,jswF0pcF/fE0O2oqtJMBKINa6q4=,Je1jMjOSMao0fQsb3k7A9q6x6p8=
-13,-14,jswF0pcF/fE0O2oqtJMBKINa6q4=,mGVxFMMkdsyb2W74rhPprPMz79Q=
-15,-12,BY6PwZuibZfdvBmzy5b4cLcxTbg=,45hlIUu0jWO/Kb6X7JGUWYExb88=
-15,-13,BY6PwZuibZfdvBmzy5b4cLcxTbg=,4Td/ymrrFgI2THmtu0z+VtI4phM=
-14,-12,6pW4hheQr4Gq5ScL/HTBSCy2mXo=,HnuNIkwbVdXnB/RmnV2BS0STYlw=
-14,-13,6pW4hheQr4Gq5ScL/HTBSCy2mXo=,mGVxFMMkdsyb2W74rhPprPMz79Q=
-15,-14,BKE1w01NdO1/KOs7dNaMNs6IhLI=,4Td/ymrrFgI2THmtu0z+VtI4phM=
-15,-15,BKE1w01NdO1/KOs7dNaMNs6IhLI=,Q1ewFgTIjDV7ss7oiE84gj73r68=
-14,-15,BKE1w01NdO1/KOs7dNaMNs6IhLI=,9vehOen2XdTFGN3z/saF2dBjHAQ=
-14,-14,6pW4hheQr4Gq5ScL/HTBSCy2mXo=,mGVxFMMkdsyb2W74rhPprPMz79Q=
-15,-10,BY6PwZuibZfdvBmzy5b4cLcxTbg=,ib9eamIh51wl4hPMf94vGbOE5oE=
-14,-11,yV2+khdzpvvk3YYPdmPA5eV1uYc=,HnuNIkwbVdXnB/RmnV2BS0STYlw=
-15,-11,BY6PwZuibZfdvBmzy5b4cLcxTbg=,45hlIUu0jWO/Kb6X7JGUWYExb88=
-15,-8,doPUFj90eOhxVB0tgAMj70N1qHY=,qqCWu0MPBAzlGKbPPnvZVGkGxQU=
-14,-8,yV2+khdzpvvk3YYPdmPA5eV1uYc=,ucfhIu9GL9BUsLj+/vxY1/T05ZY=
-15,-9,doPUFj90eOhxVB0tgAMj70N1qHY=,ib9eamIh51wl4hPMf94vGbOE5oE=
-13,-1,yV2+khdzpvvk3YYPdmPA5eV1uYc=,We8ckx5XpIu92DugUl+XdbUDNqA=
-14,-7,yV2+khdzpvvk3YYPdmPA5eV1uYc=,ucfhIu9GL9BUsLj+/vxY1/T05ZY=
-14,-6,yV2+khdzpvvk3YYPdmPA5eV1uYc=,UjqdU0MseRWk9E/c5T+8wYG9vxk=
-16,-7,doPUFj90eOhxVB0tgAMj70N1qHY=,qqCWu0MPBAzlGKbPPnvZVGkGxQU=
-16,-6,doPUFj90eOhxVB0tgAMj70N1qHY=,DIVVEeLuzLq5RJPJx8bxwTta96M=
-15,-7,doPUFj90eOhxVB0tgAMj70N1qHY=,qqCWu0MPBAzlGKbPPnvZVGkGxQU=
-15,-6,doPUFj90eOhxVB0tgAMj70N1qHY=,DIVVEeLuzLq5RJPJx8bxwTta96M=
-15,-4,doPUFj90eOhxVB0tgAMj70N1qHY=,2L4sr7ZHZkLOQANYWIKPAQ9RtO4=
-16,-5,doPUFj90eOhxVB0tgAMj70N1qHY=,DIVVEeLuzLq5RJPJx8bxwTta96M=
-16,-4,doPUFj90eOhxVB0tgAMj70N1qHY=,2L4sr7ZHZkLOQANYWIKPAQ9RtO4=
-14,-4,yV2+khdzpvvk3YYPdmPA5eV1uYc=,VSln5zvutkjQCEVELXye1l8ncKY=
-14,-5,yV2+khdzpvvk3YYPdmPA5eV1uYc=,UjqdU0MseRWk9E/c5T+8wYG9vxk=
-15,-5,doPUFj90eOhxVB0tgAMj70N1qHY=,DIVVEeLuzLq5RJPJx8bxwTta96M=
-15,-1,doPUFj90eOhxVB0tgAMj70N1qHY=,sIkxeF/a7SS3udAHvxLr0h60BGE=
-14,-2,hWnbDo1SW3BBRMKkykSgzgyK5Bw=,We8ckx5XpIu92DugUl+XdbUDNqA=
-15,-2,doPUFj90eOhxVB0tgAMj70N1qHY=,sIkxeF/a7SS3udAHvxLr0h60BGE=
-16,-2,doPUFj90eOhxVB0tgAMj70N1qHY=,sIkxeF/a7SS3udAHvxLr0h60BGE=
-14,-1,hWnbDo1SW3BBRMKkykSgzgyK5Bw=,We8ckx5XpIu92DugUl+XdbUDNqA=
-14,-3,hWnbDo1SW3BBRMKkykSgzgyK5Bw=,VSln5zvutkjQCEVELXye1l8ncKY=
-15,-3,doPUFj90eOhxVB0tgAMj70N1qHY=,2L4sr7ZHZkLOQANYWIKPAQ9RtO4=
-16,-3,doPUFj90eOhxVB0tgAMj70N1qHY=,2L4sr7ZHZkLOQANYWIKPAQ9RtO4=
-3,-15,BwbgxOQqk4WbylZCYTT5x+D/3s0=,b1FDKp+aQPqgIlq98BxB4uzX4s0=
-2,-15,BwbgxOQqk4WbylZCYTT5x+D/3s0=,iaDL+aWmjUi0T+nY7m6aQ/h2JYA=
-3,-16,Js/qgeXfNGtevMkVqXwR8Shj9r8=,b1FDKp+aQPqgIlq98BxB4uzX4s0=
-2,-16,Js/qgeXfNGtevMkVqXwR8Shj9r8=,iaDL+aWmjUi0T+nY7m6aQ/h2JYA=
-1,-16,Js/qgeXfNGtevMkVqXwR8Shj9r8=,iaDL+aWmjUi0T+nY7m6aQ/h2JYA=
-1,-15,Js/qgeXfNGtevMkVqXwR8Shj9r8=,iaDL+aWmjUi0T+nY7m6aQ/h2JYA=
-11,-16,doPUFj90eOhxVB0tgAMj70N1qHY=,nstpP91sGWnP96dS2eoqdRE1eV8=
-10,-16,doPUFj90eOhxVB0tgAMj70N1qHY=,zIpfpIw55NdW9lBieawLXLRs3Ng=
-13,-16,doPUFj90eOhxVB0tgAMj70N1qHY=,9vehOen2XdTFGN3z/saF2dBjHAQ=
-12,-16,doPUFj90eOhxVB0tgAMj70N1qHY=,nstpP91sGWnP96dS2eoqdRE1eV8=
-15,-16,Js/qgeXfNGtevMkVqXwR8Shj9r8=,Q1ewFgTIjDV7ss7oiE84gj73r68=
-14,-16,Js/qgeXfNGtevMkVqXwR8Shj9r8=,9vehOen2XdTFGN3z/saF2dBjHAQ=
-16,-16,Js/qgeXfNGtevMkVqXwR8Shj9r8=,Q1ewFgTIjDV7ss7oiE84gj73r68=
-16,-14,Js/qgeXfNGtevMkVqXwR8Shj9r8=,4Td/ymrrFgI2THmtu0z+VtI4phM=
-16,-15,Js/qgeXfNGtevMkVqXwR8Shj9r8=,Q1ewFgTIjDV7ss7oiE84gj73r68=
-16,-12,BY6PwZuibZfdvBmzy5b4cLcxTbg=,45hlIUu0jWO/Kb6X7JGUWYExb88=
-16,-8,hYxhnsG9IRHW8z5p8PGNEbHIUKY=,qqCWu0MPBAzlGKbPPnvZVGkGxQU=
-16,-11,hYxhnsG9IRHW8z5p8PGNEbHIUKY=,45hlIUu0jWO/Kb6X7JGUWYExb88=
-16,-9,hYxhnsG9IRHW8z5p8PGNEbHIUKY=,ib9eamIh51wl4hPMf94vGbOE5oE=
-16,-13,BY6PwZuibZfdvBmzy5b4cLcxTbg=,4Td/ymrrFgI2THmtu0z+VtI4phM=
-16,-10,hYxhnsG9IRHW8z5p8PGNEbHIUKY=,ib9eamIh51wl4hPMf94vGbOE5oE=
-16,-1,doPUFj90eOhxVB0tgAMj70N1qHY=,sIkxeF/a7SS3udAHvxLr0h60BGE=
-5,-15,5Hx1TYyIhSoA3neCMo4YEBrU8kg=,L63Om13jFU3d0ZWbqiZS9RAXBoI=
-5,-16,Js/qgeXfNGtevMkVqXwR8Shj9r8=,L63Om13jFU3d0ZWbqiZS9RAXBoI=
-4,-15,5Hx1TYyIhSoA3neCMo4YEBrU8kg=,b1FDKp+aQPqgIlq98BxB4uzX4s0=
-4,-16,Js/qgeXfNGtevMkVqXwR8Shj9r8=,b1FDKp+aQPqgIlq98BxB4uzX4s0=
-9,-15,5Hx1TYyIhSoA3neCMo4YEBrU8kg=,zIpfpIw55NdW9lBieawLXLRs3Ng=
-7,-16,Js/qgeXfNGtevMkVqXwR8Shj9r8=,1xixwX4X0tyCGiBE2wUNYa9PNSU=
-8,-15,5Hx1TYyIhSoA3neCMo4YEBrU8kg=,1xixwX4X0tyCGiBE2wUNYa9PNSU=
-7,-14,I7yoyq6B7a/pkxdgUirNChvMbPE=,2uRWAQ7+qDO7G6z80PY1/rZb3ks=
-8,-16,Js/qgeXfNGtevMkVqXwR8Shj9r8=,1xixwX4X0tyCGiBE2wUNYa9PNSU=
-7,-15,5Hx1TYyIhSoA3neCMo4YEBrU8kg=,1xixwX4X0tyCGiBE2wUNYa9PNSU=
-6,-16,Js/qgeXfNGtevMkVqXwR8Shj9r8=,L63Om13jFU3d0ZWbqiZS9RAXBoI=
-9,-16,Js/qgeXfNGtevMkVqXwR8Shj9r8=,zIpfpIw55NdW9lBieawLXLRs3Ng=
-6,-15,5Hx1TYyIhSoA3neCMo4YEBrU8kg=,L63Om13jFU3d0ZWbqiZS9RAXBoI=
-9,-14,I7yoyq6B7a/pkxdgUirNChvMbPE=,DJVZSivNtbvZ0YvlvreTDuKEq8k=
-8,-14,I7yoyq6B7a/pkxdgUirNChvMbPE=,2uRWAQ7+qDO7G6z80PY1/rZb3ks=
-9,-19,KqvBvBKvo5tyZsjR10zsmOmFdAM=,KMlsc69HRk2AI4oGZ2My5dRYLw8=
-8,-19,KqvBvBKvo5tyZsjR10zsmOmFdAM=,+M5t9oUP/U46lw1MKy+7+lpi8kg=
-8,-18,VPQkyi2tEqV9fLLWPDjvxP9R878=,+rBMyLqSqsQjdY/q1xYqkb6wM4I=
-9,-18,VPQkyi2tEqV9fLLWPDjvxP9R878=,+e++iXvgjDEl2M8yXp5gTmzlTQ0=
-6,-19,KqvBvBKvo5tyZsjR10zsmOmFdAM=,f2qBxJa9BZeD6GWwiIHvlpJz53c=
-6,-18,VPQkyi2tEqV9fLLWPDjvxP9R878=,ASrs1IAqsn8Utw2UExfmPVmL0rk=
-7,-18,VPQkyi2tEqV9fLLWPDjvxP9R878=,+rBMyLqSqsQjdY/q1xYqkb6wM4I=
-7,-19,KqvBvBKvo5tyZsjR10zsmOmFdAM=,+M5t9oUP/U46lw1MKy+7+lpi8kg=
-6,-17,VPQkyi2tEqV9fLLWPDjvxP9R878=,ASrs1IAqsn8Utw2UExfmPVmL0rk=
-7,-17,VPQkyi2tEqV9fLLWPDjvxP9R878=,+rBMyLqSqsQjdY/q1xYqkb6wM4I=
-9,-17,VPQkyi2tEqV9fLLWPDjvxP9R878=,+e++iXvgjDEl2M8yXp5gTmzlTQ0=
-8,-17,VPQkyi2tEqV9fLLWPDjvxP9R878=,+rBMyLqSqsQjdY/q1xYqkb6wM4I=
-5,-18,gzxbFUK8Z7ccRh85qLWE5mNCZTc=,ASrs1IAqsn8Utw2UExfmPVmL0rk=
-4,-17,gzxbFUK8Z7ccRh85qLWE5mNCZTc=,sJ0l9awS8O7feQZptsb3g+eZlUQ=
-5,-19,KqvBvBKvo5tyZsjR10zsmOmFdAM=,f2qBxJa9BZeD6GWwiIHvlpJz53c=
-4,-18,gzxbFUK8Z7ccRh85qLWE5mNCZTc=,sJ0l9awS8O7feQZptsb3g+eZlUQ=
-4,-19,KqvBvBKvo5tyZsjR10zsmOmFdAM=,1RkOJV4Lwl33CbAyapHllQdRMSM=
-5,-17,gzxbFUK8Z7ccRh85qLWE5mNCZTc=,ASrs1IAqsn8Utw2UExfmPVmL0rk=
-2,-18,gzxbFUK8Z7ccRh85qLWE5mNCZTc=,cH6JM4j190Zr7kXcuzZVYtpqPLs=
-3,-17,gzxbFUK8Z7ccRh85qLWE5mNCZTc=,sJ0l9awS8O7feQZptsb3g+eZlUQ=
-3,-19,KqvBvBKvo5tyZsjR10zsmOmFdAM=,1RkOJV4Lwl33CbAyapHllQdRMSM=
-2,-19,KqvBvBKvo5tyZsjR10zsmOmFdAM=,PUzQHWO+Xc+y6VmiZQ95xJNbxto=
-3,-18,gzxbFUK8Z7ccRh85qLWE5mNCZTc=,sJ0l9awS8O7feQZptsb3g+eZlUQ=
-2,-17,gzxbFUK8Z7ccRh85qLWE5mNCZTc=,cH6JM4j190Zr7kXcuzZVYtpqPLs=
-11,-18,PlsyYYZXC2TNcqwf8ymG6bHUKbw=,CG1Ypa1YNbOM0ENg2EyihTjGGyc=
-11,-19,KqvBvBKvo5tyZsjR10zsmOmFdAM=,/sy1xQtwe07osXUkliTL56c2I54=
-10,-19,KqvBvBKvo5tyZsjR10zsmOmFdAM=,KMlsc69HRk2AI4oGZ2My5dRYLw8=
-10,-18,PlsyYYZXC2TNcqwf8ymG6bHUKbw=,+e++iXvgjDEl2M8yXp5gTmzlTQ0=
-13,-19,KqvBvBKvo5tyZsjR10zsmOmFdAM=,dwTrJiVgs9UV7DYGGcU8HxGd0Mo=
-12,-19,KqvBvBKvo5tyZsjR10zsmOmFdAM=,/sy1xQtwe07osXUkliTL56c2I54=
-12,-18,PlsyYYZXC2TNcqwf8ymG6bHUKbw=,CG1Ypa1YNbOM0ENg2EyihTjGGyc=
-13,-18,PlsyYYZXC2TNcqwf8ymG6bHUKbw=,eohEmHxyuR/GzDtQKCn22b1UCH0=
-11,-17,PlsyYYZXC2TNcqwf8ymG6bHUKbw=,CG1Ypa1YNbOM0ENg2EyihTjGGyc=
-12,-17,PlsyYYZXC2TNcqwf8ymG6bHUKbw=,CG1Ypa1YNbOM0ENg2EyihTjGGyc=
-1,-18,PlsyYYZXC2TNcqwf8ymG6bHUKbw=,cH6JM4j190Zr7kXcuzZVYtpqPLs=
-10,-17,PlsyYYZXC2TNcqwf8ymG6bHUKbw=,+e++iXvgjDEl2M8yXp5gTmzlTQ0=
-1,-19,KqvBvBKvo5tyZsjR10zsmOmFdAM=,PUzQHWO+Xc+y6VmiZQ95xJNbxto=
-13,-17,PlsyYYZXC2TNcqwf8ymG6bHUKbw=,eohEmHxyuR/GzDtQKCn22b1UCH0=
-1,-17,PlsyYYZXC2TNcqwf8ymG6bHUKbw=,cH6JM4j190Zr7kXcuzZVYtpqPLs=
-15,-19,KqvBvBKvo5tyZsjR10zsmOmFdAM=,SAz+m9y4YEtyk+3929mXcvnRtFk=
-16,-18,PlsyYYZXC2TNcqwf8ymG6bHUKbw=,9Law56mtex3/pwcS/5ukDgFGsec=
-16,-19,KqvBvBKvo5tyZsjR10zsmOmFdAM=,SAz+m9y4YEtyk+3929mXcvnRtFk=
-14,-19,KqvBvBKvo5tyZsjR10zsmOmFdAM=,dwTrJiVgs9UV7DYGGcU8HxGd0Mo=
-15,-18,PlsyYYZXC2TNcqwf8ymG6bHUKbw=,9Law56mtex3/pwcS/5ukDgFGsec=
-16,-17,PlsyYYZXC2TNcqwf8ymG6bHUKbw=,9Law56mtex3/pwcS/5ukDgFGsec=
-15,-17,PlsyYYZXC2TNcqwf8ymG6bHUKbw=,9Law56mtex3/pwcS/5ukDgFGsec=
-14,-17,PlsyYYZXC2TNcqwf8ymG6bHUKbw=,eohEmHxyuR/GzDtQKCn22b1UCH0=
-14,-18,PlsyYYZXC2TNcqwf8ymG6bHUKbw=,eohEmHxyuR/GzDtQKCn22b1UCH0=
-19,-18,/bAalsO/6ki9li1vhWHAdunnPYs=,ZyXjN4PubZRt1wjkV2CW32Ar+ks=
-17,-19,/bAalsO/6ki9li1vhWHAdunnPYs=,ZA0moF/jyFPBqzsaWCCqgtU3jeg=
-19,-19,/bAalsO/6ki9li1vhWHAdunnPYs=,SqUd8q+1dQZa1gQP1pYAqlKfA1I=
-17,-18,Zwkc99sFMygtUa6BEjjqgB+28RA=,ni7CD2y/aJHXu3ixEXelKQIte6k=
-19,-17,/bAalsO/6ki9li1vhWHAdunnPYs=,ZyXjN4PubZRt1wjkV2CW32Ar+ks=
-17,-17,Zwkc99sFMygtUa6BEjjqgB+28RA=,ni7CD2y/aJHXu3ixEXelKQIte6k=
-18,-18,Zwkc99sFMygtUa6BEjjqgB+28RA=,ni7CD2y/aJHXu3ixEXelKQIte6k=
-18,-17,Zwkc99sFMygtUa6BEjjqgB+28RA=,ni7CD2y/aJHXu3ixEXelKQIte6k=
-18,-19,/bAalsO/6ki9li1vhWHAdunnPYs=,ZA0moF/jyFPBqzsaWCCqgtU3jeg=
-19,-11,DWIS2uiNWzNQoHdahLg3i/wPJcg=,5RIDSO9mHOAFcLNJO7fs5DgkF04=
-19,-10,1EBhdY0m7QrgiSpsZJqYKXEBbYY=,DSnGNSEIWccblripji6yyv8smwM=
-18,-11,Z6qDr8gfOWpfgxkgJMt7Iy5FACE=,P++icbjY1rLsWMQET1zsQpnlplw=
-18,-10,Z6qDr8gfOWpfgxkgJMt7Iy5FACE=,Ql/ZyDoBKRJToCYhuVfDTCI7Jas=
-18,-9,Z6qDr8gfOWpfgxkgJMt7Iy5FACE=,Ql/ZyDoBKRJToCYhuVfDTCI7Jas=
-19,-9,1EBhdY0m7QrgiSpsZJqYKXEBbYY=,DSnGNSEIWccblripji6yyv8smwM=
-19,-8,DWIS2uiNWzNQoHdahLg3i/wPJcg=,9zFg3sq/r4l0thjI8RQbGCzEZuY=
-18,-8,Z6qDr8gfOWpfgxkgJMt7Iy5FACE=,Ey18f0R7/7JwORpQ1R6TPhcoXn8=
-19,-6,J0Vx33dk3v71+7xsAe7SIBmCMXw=,6QufDHzti9rnpnKsyTqZTKrVVmA=
-18,-7,8Ly7uo7km5biqAub2V3OJje32h4=,Ey18f0R7/7JwORpQ1R6TPhcoXn8=
-18,-6,8Ly7uo7km5biqAub2V3OJje32h4=,gaR+a+9Xbbz++siqPz+JdlYdiBY=
-19,-7,J0Vx33dk3v71+7xsAe7SIBmCMXw=,9zFg3sq/r4l0thjI8RQbGCzEZuY=
-19,-5,J0Vx33dk3v71+7xsAe7SIBmCMXw=,6QufDHzti9rnpnKsyTqZTKrVVmA=
-19,-4,J0Vx33dk3v71+7xsAe7SIBmCMXw=,HGP/knzpppH+Honsg3/5fYh4iyw=
-18,-5,8Ly7uo7km5biqAub2V3OJje32h4=,gaR+a+9Xbbz++siqPz+JdlYdiBY=
-18,-4,8Ly7uo7km5biqAub2V3OJje32h4=,6LIwpgIL5yu5Ln88vZD6bDcFoJg=
-17,-5,8Ly7uo7km5biqAub2V3OJje32h4=,gaR+a+9Xbbz++siqPz+JdlYdiBY=
-17,-4,8Ly7uo7km5biqAub2V3OJje32h4=,6LIwpgIL5yu5Ln88vZD6bDcFoJg=
-17,-10,8Ly7uo7km5biqAub2V3OJje32h4=,Ql/ZyDoBKRJToCYhuVfDTCI7Jas=
-17,-11,8Ly7uo7km5biqAub2V3OJje32h4=,P++icbjY1rLsWMQET1zsQpnlplw=
-17,-8,8Ly7uo7km5biqAub2V3OJje32h4=,Ey18f0R7/7JwORpQ1R6TPhcoXn8=
-17,-6,8Ly7uo7km5biqAub2V3OJje32h4=,gaR+a+9Xbbz++siqPz+JdlYdiBY=
-17,-7,8Ly7uo7km5biqAub2V3OJje32h4=,Ey18f0R7/7JwORpQ1R6TPhcoXn8=
-17,-9,8Ly7uo7km5biqAub2V3OJje32h4=,Ql/ZyDoBKRJToCYhuVfDTCI7Jas=
-17,-1,efr2KjrdUWtN9jMv2T9ysPHWL9w=,qvvNPXEQc8DER6W0A30YSPNkDyk=
-17,-2,efr2KjrdUWtN9jMv2T9ysPHWL9w=,qvvNPXEQc8DER6W0A30YSPNkDyk=
-18,-3,efr2KjrdUWtN9jMv2T9ysPHWL9w=,6LIwpgIL5yu5Ln88vZD6bDcFoJg=
-18,-2,efr2KjrdUWtN9jMv2T9ysPHWL9w=,qvvNPXEQc8DER6W0A30YSPNkDyk=
-19,-1,J0Vx33dk3v71+7xsAe7SIBmCMXw=,iFqSuoBg0cXQDYY935d9ifWrXiY=
-19,-3,J0Vx33dk3v71+7xsAe7SIBmCMXw=,HGP/knzpppH+Honsg3/5fYh4iyw=
-19,-2,J0Vx33dk3v71+7xsAe7SIBmCMXw=,iFqSuoBg0cXQDYY935d9ifWrXiY=
-18,-1,efr2KjrdUWtN9jMv2T9ysPHWL9w=,qvvNPXEQc8DER6W0A30YSPNkDyk=
-17,-3,efr2KjrdUWtN9jMv2T9ysPHWL9w=,6LIwpgIL5yu5Ln88vZD6bDcFoJg=
-18,-16,efr2KjrdUWtN9jMv2T9ysPHWL9w=,6ogbsIGDoRBFeBIg9BymJr2I/rI=
-17,-16,efr2KjrdUWtN9jMv2T9ysPHWL9w=,6ogbsIGDoRBFeBIg9BymJr2I/rI=
-19,-16,NsEBASs0+eoJ8KUVlNe03RAJf+c=,lxhiV9Z+AhPt9+Mi+5fcBIDFIq8=
-19,-15,NsEBASs0+eoJ8KUVlNe03RAJf+c=,lxhiV9Z+AhPt9+Mi+5fcBIDFIq8=
-19,-14,NsEBASs0+eoJ8KUVlNe03RAJf+c=,Sw2wTBgtYh1nvbTk7UzpUW4HseY=
-18,-15,efr2KjrdUWtN9jMv2T9ysPHWL9w=,6ogbsIGDoRBFeBIg9BymJr2I/rI=
-17,-15,efr2KjrdUWtN9jMv2T9ysPHWL9w=,6ogbsIGDoRBFeBIg9BymJr2I/rI=
-19,-12,DWIS2uiNWzNQoHdahLg3i/wPJcg=,5RIDSO9mHOAFcLNJO7fs5DgkF04=
-18,-12,efr2KjrdUWtN9jMv2T9ysPHWL9w=,P++icbjY1rLsWMQET1zsQpnlplw=
-19,-13,DWIS2uiNWzNQoHdahLg3i/wPJcg=,Sw2wTBgtYh1nvbTk7UzpUW4HseY=
-17,-12,efr2KjrdUWtN9jMv2T9ysPHWL9w=,P++icbjY1rLsWMQET1zsQpnlplw=
-18,-14,efr2KjrdUWtN9jMv2T9ysPHWL9w=,CqGP0VucnADMGUCEkNuZLXRz0WQ=
-18,-13,efr2KjrdUWtN9jMv2T9ysPHWL9w=,CqGP0VucnADMGUCEkNuZLXRz0WQ=
-17,-13,efr2KjrdUWtN9jMv2T9ysPHWL9w=,CqGP0VucnADMGUCEkNuZLXRz0WQ=
-17,-14,efr2KjrdUWtN9jMv2T9ysPHWL9w=,CqGP0VucnADMGUCEkNuZLXRz0WQ=
-15,-22,Nhd7tf0Lzb/XkTL2gKuWnSXp1fY=,7Fc7GQX6Tf4Qq2H4ZxIrd6QwhVA=
-14,-22,Nhd7tf0Lzb/XkTL2gKuWnSXp1fY=,UPs2QlHLcHxi/PvFo2UMBtqj04U=
-15,-21,Nhd7tf0Lzb/XkTL2gKuWnSXp1fY=,7Fc7GQX6Tf4Qq2H4ZxIrd6QwhVA=
-15,-20,W5fTTt+wliU2HNoPN5UsbKhtChs=,SAz+m9y4YEtyk+3929mXcvnRtFk=
-14,-21,Nhd7tf0Lzb/XkTL2gKuWnSXp1fY=,UPs2QlHLcHxi/PvFo2UMBtqj04U=
-14,-20,W5fTTt+wliU2HNoPN5UsbKhtChs=,dwTrJiVgs9UV7DYGGcU8HxGd0Mo=
-12,-22,in7rWyjyojbeIIVu01CtbO3+BaI=,0Wznejh5D0djrW/HzbwdY+aqf9g=
-13,-22,in7rWyjyojbeIIVu01CtbO3+BaI=,UPs2QlHLcHxi/PvFo2UMBtqj04U=
-12,-20,Ia7EwdtLUgF20VkR/OtZ2tyxAqc=,/sy1xQtwe07osXUkliTL56c2I54=
-13,-20,Ia7EwdtLUgF20VkR/OtZ2tyxAqc=,dwTrJiVgs9UV7DYGGcU8HxGd0Mo=
-13,-21,Nhd7tf0Lzb/XkTL2gKuWnSXp1fY=,UPs2QlHLcHxi/PvFo2UMBtqj04U=
-12,-21,Nhd7tf0Lzb/XkTL2gKuWnSXp1fY=,0Wznejh5D0djrW/HzbwdY+aqf9g=
-11,-22,pdzb+/NHixGV6LExf1cnBBiQjGI=,0Wznejh5D0djrW/HzbwdY+aqf9g=
-10,-22,pdzb+/NHixGV6LExf1cnBBiQjGI=,dBp2HJiCGvJse1Ng3G7Ck6I7yN8=
-11,-21,Nhd7tf0Lzb/XkTL2gKuWnSXp1fY=,0Wznejh5D0djrW/HzbwdY+aqf9g=
-10,-21,Nhd7tf0Lzb/XkTL2gKuWnSXp1fY=,dBp2HJiCGvJse1Ng3G7Ck6I7yN8=
-10,-20,Ia7EwdtLUgF20VkR/OtZ2tyxAqc=,KMlsc69HRk2AI4oGZ2My5dRYLw8=
-11,-20,Ia7EwdtLUgF20VkR/OtZ2tyxAqc=,/sy1xQtwe07osXUkliTL56c2I54=
-8,-22,NuRSKwilKKMyOH8ivZeudxOgQpU=,PbfW1nVOIi465pOcmZtJLZQ5vy0=
-9,-22,NuRSKwilKKMyOH8ivZeudxOgQpU=,dBp2HJiCGvJse1Ng3G7Ck6I7yN8=
-9,-21,Nhd7tf0Lzb/XkTL2gKuWnSXp1fY=,dBp2HJiCGvJse1Ng3G7Ck6I7yN8=
-9,-20,3htlyEjfrtI1yr9ent8dQHR9rhE=,KMlsc69HRk2AI4oGZ2My5dRYLw8=
-8,-20,3htlyEjfrtI1yr9ent8dQHR9rhE=,+M5t9oUP/U46lw1MKy+7+lpi8kg=
-8,-21,Nhd7tf0Lzb/XkTL2gKuWnSXp1fY=,PbfW1nVOIi465pOcmZtJLZQ5vy0=
-6,-22,EQRTeyA/fiQVRJ/FHwaPJkMnvw0=,SGUGY3cQ63sTvcVU1m2ZINTpHcQ=
-7,-21,Nhd7tf0Lzb/XkTL2gKuWnSXp1fY=,PbfW1nVOIi465pOcmZtJLZQ5vy0=
-7,-20,3htlyEjfrtI1yr9ent8dQHR9rhE=,+M5t9oUP/U46lw1MKy+7+lpi8kg=
-7,-22,EQRTeyA/fiQVRJ/FHwaPJkMnvw0=,PbfW1nVOIi465pOcmZtJLZQ5vy0=
-6,-21,Nhd7tf0Lzb/XkTL2gKuWnSXp1fY=,SGUGY3cQ63sTvcVU1m2ZINTpHcQ=
-6,-20,3htlyEjfrtI1yr9ent8dQHR9rhE=,f2qBxJa9BZeD6GWwiIHvlpJz53c=
-4,-22,boLidnqnYOSBZKK+nDcV2XBDpIM=,YTUhxwS2H1wt+U4yhEXau/o62jM=
-5,-22,boLidnqnYOSBZKK+nDcV2XBDpIM=,SGUGY3cQ63sTvcVU1m2ZINTpHcQ=
-5,-20,KqvBvBKvo5tyZsjR10zsmOmFdAM=,f2qBxJa9BZeD6GWwiIHvlpJz53c=
-4,-20,KqvBvBKvo5tyZsjR10zsmOmFdAM=,1RkOJV4Lwl33CbAyapHllQdRMSM=
-5,-21,Nhd7tf0Lzb/XkTL2gKuWnSXp1fY=,SGUGY3cQ63sTvcVU1m2ZINTpHcQ=
-4,-21,Nhd7tf0Lzb/XkTL2gKuWnSXp1fY=,YTUhxwS2H1wt+U4yhEXau/o62jM=
-2,-22,Nhd7tf0Lzb/XkTL2gKuWnSXp1fY=,5muVZP/lFOSe/Aqchs+4/5qa2xs=
-2,-20,KqvBvBKvo5tyZsjR10zsmOmFdAM=,PUzQHWO+Xc+y6VmiZQ95xJNbxto=
-3,-21,Nhd7tf0Lzb/XkTL2gKuWnSXp1fY=,YTUhxwS2H1wt+U4yhEXau/o62jM=
-3,-20,KqvBvBKvo5tyZsjR10zsmOmFdAM=,1RkOJV4Lwl33CbAyapHllQdRMSM=
-2,-21,Nhd7tf0Lzb/XkTL2gKuWnSXp1fY=,5muVZP/lFOSe/Aqchs+4/5qa2xs=
-3,-22,Nhd7tf0Lzb/XkTL2gKuWnSXp1fY=,YTUhxwS2H1wt+U4yhEXau/o62jM=
-1,-22,Nhd7tf0Lzb/XkTL2gKuWnSXp1fY=,5muVZP/lFOSe/Aqchs+4/5qa2xs=
-1,-21,Nhd7tf0Lzb/XkTL2gKuWnSXp1fY=,5muVZP/lFOSe/Aqchs+4/5qa2xs=
-1,-20,KqvBvBKvo5tyZsjR10zsmOmFdAM=,PUzQHWO+Xc+y6VmiZQ95xJNbxto=
-16,-20,KqvBvBKvo5tyZsjR10zsmOmFdAM=,SAz+m9y4YEtyk+3929mXcvnRtFk=
-16,-21,Nhd7tf0Lzb/XkTL2gKuWnSXp1fY=,7Fc7GQX6Tf4Qq2H4ZxIrd6QwhVA=
-16,-22,Nhd7tf0Lzb/XkTL2gKuWnSXp1fY=,7Fc7GQX6Tf4Qq2H4ZxIrd6QwhVA=
-22,-22,L2oekfEubstnAzeZX+o+TY5AVCA=,c1Q/csc+VOjBhJnC+nGSc377dPc=
-22,-21,Dv2fVB/v1X/v9jse0cXxT1g9YYw=,c1Q/csc+VOjBhJnC+nGSc377dPc=
-22,-20,Dv2fVB/v1X/v9jse0cXxT1g9YYw=,TTZYieyHk9IyWAciI+2GAN20ppA=
-21,-22,L2oekfEubstnAzeZX+o+TY5AVCA=,c1Q/csc+VOjBhJnC+nGSc377dPc=
-20,-22,L2oekfEubstnAzeZX+o+TY5AVCA=,vcb8MuxHS6AbPYvW9As9eUWG5PA=
-20,-20,mnqQhnV1zdhGVGOMtR3txOZFQPI=,SqUd8q+1dQZa1gQP1pYAqlKfA1I=
-21,-20,ysM7vAmSynCjj8qg2ByHWMXVc5c=,TTZYieyHk9IyWAciI+2GAN20ppA=
-21,-21,ysM7vAmSynCjj8qg2ByHWMXVc5c=,c1Q/csc+VOjBhJnC+nGSc377dPc=
-20,-21,ysM7vAmSynCjj8qg2ByHWMXVc5c=,vcb8MuxHS6AbPYvW9As9eUWG5PA=
-19,-20,/bAalsO/6ki9li1vhWHAdunnPYs=,SqUd8q+1dQZa1gQP1pYAqlKfA1I=
-18,-20,/bAalsO/6ki9li1vhWHAdunnPYs=,ZA0moF/jyFPBqzsaWCCqgtU3jeg=
-18,-21,ysM7vAmSynCjj8qg2ByHWMXVc5c=,JTjtdUI00B4pIexpu78MA/Yd7S4=
-20,-18,/bAalsO/6ki9li1vhWHAdunnPYs=,ZyXjN4PubZRt1wjkV2CW32Ar+ks=
-21,-18,ysM7vAmSynCjj8qg2ByHWMXVc5c=,D1Z6Z6jruLJJ6MaEr1gZh432qSA=
-19,-22,ysM7vAmSynCjj8qg2ByHWMXVc5c=,vcb8MuxHS6AbPYvW9As9eUWG5PA=
-19,-21,ysM7vAmSynCjj8qg2ByHWMXVc5c=,vcb8MuxHS6AbPYvW9As9eUWG5PA=
-21,-19,ysM7vAmSynCjj8qg2ByHWMXVc5c=,TTZYieyHk9IyWAciI+2GAN20ppA=
-20,-19,/bAalsO/6ki9li1vhWHAdunnPYs=,SqUd8q+1dQZa1gQP1pYAqlKfA1I=
-18,-22,ysM7vAmSynCjj8qg2ByHWMXVc5c=,JTjtdUI00B4pIexpu78MA/Yd7S4=
-22,-18,Dv2fVB/v1X/v9jse0cXxT1g9YYw=,D1Z6Z6jruLJJ6MaEr1gZh432qSA=
-22,-17,Dv2fVB/v1X/v9jse0cXxT1g9YYw=,D1Z6Z6jruLJJ6MaEr1gZh432qSA=
-22,-19,Dv2fVB/v1X/v9jse0cXxT1g9YYw=,TTZYieyHk9IyWAciI+2GAN20ppA=
-21,-17,ysM7vAmSynCjj8qg2ByHWMXVc5c=,D1Z6Z6jruLJJ6MaEr1gZh432qSA=
-20,-17,/bAalsO/6ki9li1vhWHAdunnPYs=,ZyXjN4PubZRt1wjkV2CW32Ar+ks=
-17,-20,/bAalsO/6ki9li1vhWHAdunnPYs=,ZA0moF/jyFPBqzsaWCCqgtU3jeg=
-17,-21,ysM7vAmSynCjj8qg2ByHWMXVc5c=,JTjtdUI00B4pIexpu78MA/Yd7S4=
-17,-22,ysM7vAmSynCjj8qg2ByHWMXVc5c=,JTjtdUI00B4pIexpu78MA/Yd7S4=
-22,-9,ROUVjZFFRu9S1zBF4KHc5TOHM4Q=,iZW1NrZXd+UfdZqNrvsFcWWJoMg=
-22,-8,ROUVjZFFRu9S1zBF4KHc5TOHM4Q=,hDIwkyAptEW1vyZjtRQzo7j2Ohk=
-20,-8,DQpg2VRBLzuTnOOzOOl4SdRmqwo=,9zFg3sq/r4l0thjI8RQbGCzEZuY=
-20,-9,1EBhdY0m7QrgiSpsZJqYKXEBbYY=,DSnGNSEIWccblripji6yyv8smwM=
-21,-9,9DtTzhg3RqmzkA8WRus6JB71oR8=,iZW1NrZXd+UfdZqNrvsFcWWJoMg=
-21,-8,9DtTzhg3RqmzkA8WRus6JB71oR8=,hDIwkyAptEW1vyZjtRQzo7j2Ohk=
-22,-13,y/MGFqrKybucc1jWWxVZ+ebGgfE=,g9wNkvVxdT+gMSQvEl88KN+l0LQ=
-22,-12,y/MGFqrKybucc1jWWxVZ+ebGgfE=,/IQTGzJ7mAF5wJzV3UTilJwANpw=
-22,-10,ROUVjZFFRu9S1zBF4KHc5TOHM4Q=,iZW1NrZXd+UfdZqNrvsFcWWJoMg=
-22,-11,ROUVjZFFRu9S1zBF4KHc5TOHM4Q=,/IQTGzJ7mAF5wJzV3UTilJwANpw=
-21,-13,9DtTzhg3RqmzkA8WRus6JB71oR8=,g9wNkvVxdT+gMSQvEl88KN+l0LQ=
-20,-12,DWIS2uiNWzNQoHdahLg3i/wPJcg=,5RIDSO9mHOAFcLNJO7fs5DgkF04=
-21,-12,9DtTzhg3RqmzkA8WRus6JB71oR8=,/IQTGzJ7mAF5wJzV3UTilJwANpw=
-20,-13,DWIS2uiNWzNQoHdahLg3i/wPJcg=,Sw2wTBgtYh1nvbTk7UzpUW4HseY=
-21,-11,9DtTzhg3RqmzkA8WRus6JB71oR8=,/IQTGzJ7mAF5wJzV3UTilJwANpw=
-20,-11,DWIS2uiNWzNQoHdahLg3i/wPJcg=,5RIDSO9mHOAFcLNJO7fs5DgkF04=
-20,-10,1EBhdY0m7QrgiSpsZJqYKXEBbYY=,DSnGNSEIWccblripji6yyv8smwM=
-21,-10,9DtTzhg3RqmzkA8WRus6JB71oR8=,iZW1NrZXd+UfdZqNrvsFcWWJoMg=
-22,-15,9DtTzhg3RqmzkA8WRus6JB71oR8=,saluupeS1UZFQmrYIMY7Z+yQgEg=
-22,-16,9DtTzhg3RqmzkA8WRus6JB71oR8=,saluupeS1UZFQmrYIMY7Z+yQgEg=
-22,-14,9DtTzhg3RqmzkA8WRus6JB71oR8=,g9wNkvVxdT+gMSQvEl88KN+l0LQ=
-21,-15,9DtTzhg3RqmzkA8WRus6JB71oR8=,saluupeS1UZFQmrYIMY7Z+yQgEg=
-20,-16,NsEBASs0+eoJ8KUVlNe03RAJf+c=,lxhiV9Z+AhPt9+Mi+5fcBIDFIq8=
-20,-14,NsEBASs0+eoJ8KUVlNe03RAJf+c=,Sw2wTBgtYh1nvbTk7UzpUW4HseY=
-21,-14,9DtTzhg3RqmzkA8WRus6JB71oR8=,g9wNkvVxdT+gMSQvEl88KN+l0LQ=
-21,-16,9DtTzhg3RqmzkA8WRus6JB71oR8=,saluupeS1UZFQmrYIMY7Z+yQgEg=
-20,-15,NsEBASs0+eoJ8KUVlNe03RAJf+c=,lxhiV9Z+AhPt9+Mi+5fcBIDFIq8=
-22,-6,ROUVjZFFRu9S1zBF4KHc5TOHM4Q=,crpw2U5g9xUYI80u8HxENDA0OV8=
-22,-7,ROUVjZFFRu9S1zBF4KHc5TOHM4Q=,hDIwkyAptEW1vyZjtRQzo7j2Ohk=
-20,-7,IMrefePioI5a2D1ao4fNSRCXCqo=,9zFg3sq/r4l0thjI8RQbGCzEZuY=
-21,-6,9DtTzhg3RqmzkA8WRus6JB71oR8=,crpw2U5g9xUYI80u8HxENDA0OV8=
-20,-6,IMrefePioI5a2D1ao4fNSRCXCqo=,6QufDHzti9rnpnKsyTqZTKrVVmA=
-21,-7,9DtTzhg3RqmzkA8WRus6JB71oR8=,hDIwkyAptEW1vyZjtRQzo7j2Ohk=
-20,-4,J0Vx33dk3v71+7xsAe7SIBmCMXw=,HGP/knzpppH+Honsg3/5fYh4iyw=
-20,-5,J0Vx33dk3v71+7xsAe7SIBmCMXw=,6QufDHzti9rnpnKsyTqZTKrVVmA=
-21,-5,9DtTzhg3RqmzkA8WRus6JB71oR8=,crpw2U5g9xUYI80u8HxENDA0OV8=
-22,-5,+aMFgYmRIH0caa4IMTFueKmEdhs=,crpw2U5g9xUYI80u8HxENDA0OV8=
-22,-4,+aMFgYmRIH0caa4IMTFueKmEdhs=,sFFjC8qu5aYaH18NE6rlSZl2FX4=
-21,-4,9DtTzhg3RqmzkA8WRus6JB71oR8=,sFFjC8qu5aYaH18NE6rlSZl2FX4=
-22,-1,9DtTzhg3RqmzkA8WRus6JB71oR8=,mzDp3lAFFKdzveQWJZyEUIJx8HM=
-22,-2,+aMFgYmRIH0caa4IMTFueKmEdhs=,mzDp3lAFFKdzveQWJZyEUIJx8HM=
-22,-3,+aMFgYmRIH0caa4IMTFueKmEdhs=,sFFjC8qu5aYaH18NE6rlSZl2FX4=
-20,-1,J0Vx33dk3v71+7xsAe7SIBmCMXw=,iFqSuoBg0cXQDYY935d9ifWrXiY=
-21,-1,9DtTzhg3RqmzkA8WRus6JB71oR8=,mzDp3lAFFKdzveQWJZyEUIJx8HM=
-21,-3,9DtTzhg3RqmzkA8WRus6JB71oR8=,sFFjC8qu5aYaH18NE6rlSZl2FX4=
-20,-3,J0Vx33dk3v71+7xsAe7SIBmCMXw=,HGP/knzpppH+Honsg3/5fYh4iyw=
-21,-2,9DtTzhg3RqmzkA8WRus6JB71oR8=,mzDp3lAFFKdzveQWJZyEUIJx8HM=
-20,-2,J0Vx33dk3v71+7xsAe7SIBmCMXw=,iFqSuoBg0cXQDYY935d9ifWrXiY=
-14,-24,JJof5AAYbEf3CCBy8vdDnQfd7w8=,VNnLT+JkNFR8kOgPTXUwJtrZcxI=
-15,-24,JJof5AAYbEf3CCBy8vdDnQfd7w8=,N1yVh8cHmSprmcdOTC0barZZsUw=
-15,-25,m6ow4Buhm9QYJBYd4ntUpxxxvrc=,FVdFbmhrJH7bI7a6MQhaeNULf1A=
-14,-25,m6ow4Buhm9QYJBYd4ntUpxxxvrc=,G3w/dM9LFUqjIM+eqCme/mfmVo8=
-13,-24,3hjZKubyZqiV2/bC69aOwYYg1AU=,VNnLT+JkNFR8kOgPTXUwJtrZcxI=
-13,-25,m6ow4Buhm9QYJBYd4ntUpxxxvrc=,G3w/dM9LFUqjIM+eqCme/mfmVo8=
-12,-24,3hjZKubyZqiV2/bC69aOwYYg1AU=,ZwTtjhiBo5s56N+djEV1TvkY3IA=
-12,-25,m6ow4Buhm9QYJBYd4ntUpxxxvrc=,84QAyUzgcm2HyDXM07pgpU/IwfM=
-12,-23,in7rWyjyojbeIIVu01CtbO3+BaI=,ZwTtjhiBo5s56N+djEV1TvkY3IA=
-13,-23,in7rWyjyojbeIIVu01CtbO3+BaI=,VNnLT+JkNFR8kOgPTXUwJtrZcxI=
-10,-23,pdzb+/NHixGV6LExf1cnBBiQjGI=,Bv06hCAK5Rf4Em8WvmaEl7/QP9I=
-11,-23,pdzb+/NHixGV6LExf1cnBBiQjGI=,ZwTtjhiBo5s56N+djEV1TvkY3IA=
-8,-23,NuRSKwilKKMyOH8ivZeudxOgQpU=,qPq1o4TmfKbWDE3/EWY5aw3Z8Ro=
-9,-23,NuRSKwilKKMyOH8ivZeudxOgQpU=,Bv06hCAK5Rf4Em8WvmaEl7/QP9I=
-6,-25,m6ow4Buhm9QYJBYd4ntUpxxxvrc=,CSqgemjRaRNuBDaIkni2SJvYlOI=
-7,-25,m6ow4Buhm9QYJBYd4ntUpxxxvrc=,AUJPY5kkWB9Xm3MhycvDreA1yj0=
-6,-24,EQRTeyA/fiQVRJ/FHwaPJkMnvw0=,QfuGhf2oNi6yxhnRK0Er28nYlkI=
-7,-24,EQRTeyA/fiQVRJ/FHwaPJkMnvw0=,qPq1o4TmfKbWDE3/EWY5aw3Z8Ro=
-7,-23,EQRTeyA/fiQVRJ/FHwaPJkMnvw0=,qPq1o4TmfKbWDE3/EWY5aw3Z8Ro=
-6,-23,EQRTeyA/fiQVRJ/FHwaPJkMnvw0=,QfuGhf2oNi6yxhnRK0Er28nYlkI=
-4,-25,m6ow4Buhm9QYJBYd4ntUpxxxvrc=,f3P05REQrlB5sCHq9nvQ6oyvT2g=
-4,-24,boLidnqnYOSBZKK+nDcV2XBDpIM=,FWDn04cyAE7+sptnUL3/9RSz+5o=
-5,-25,m6ow4Buhm9QYJBYd4ntUpxxxvrc=,CSqgemjRaRNuBDaIkni2SJvYlOI=
-5,-24,boLidnqnYOSBZKK+nDcV2XBDpIM=,QfuGhf2oNi6yxhnRK0Er28nYlkI=
-4,-23,boLidnqnYOSBZKK+nDcV2XBDpIM=,FWDn04cyAE7+sptnUL3/9RSz+5o=
-5,-23,boLidnqnYOSBZKK+nDcV2XBDpIM=,QfuGhf2oNi6yxhnRK0Er28nYlkI=
-2,-25,m6ow4Buhm9QYJBYd4ntUpxxxvrc=,/zTCpgHyWIVCStPLWaVId38T204=
-3,-25,m6ow4Buhm9QYJBYd4ntUpxxxvrc=,f3P05REQrlB5sCHq9nvQ6oyvT2g=
-3,-24,Nhd7tf0Lzb/XkTL2gKuWnSXp1fY=,FWDn04cyAE7+sptnUL3/9RSz+5o=
-1,-24,Nhd7tf0Lzb/XkTL2gKuWnSXp1fY=,vnKZEQjF0e4ip+aE4x6G4hO/o8I=
-2,-24,Nhd7tf0Lzb/XkTL2gKuWnSXp1fY=,vnKZEQjF0e4ip+aE4x6G4hO/o8I=
-1,-25,m6ow4Buhm9QYJBYd4ntUpxxxvrc=,/zTCpgHyWIVCStPLWaVId38T204=
-16,-25,m6ow4Buhm9QYJBYd4ntUpxxxvrc=,FVdFbmhrJH7bI7a6MQhaeNULf1A=
-16,-24,Nhd7tf0Lzb/XkTL2gKuWnSXp1fY=,N1yVh8cHmSprmcdOTC0barZZsUw=
-3,-23,Nhd7tf0Lzb/XkTL2gKuWnSXp1fY=,FWDn04cyAE7+sptnUL3/9RSz+5o=
-1,-23,Nhd7tf0Lzb/XkTL2gKuWnSXp1fY=,vnKZEQjF0e4ip+aE4x6G4hO/o8I=
-2,-23,Nhd7tf0Lzb/XkTL2gKuWnSXp1fY=,vnKZEQjF0e4ip+aE4x6G4hO/o8I=
-10,-24,Nhd7tf0Lzb/XkTL2gKuWnSXp1fY=,Bv06hCAK5Rf4Em8WvmaEl7/QP9I=
-11,-25,m6ow4Buhm9QYJBYd4ntUpxxxvrc=,84QAyUzgcm2HyDXM07pgpU/IwfM=
-11,-24,Nhd7tf0Lzb/XkTL2gKuWnSXp1fY=,ZwTtjhiBo5s56N+djEV1TvkY3IA=
-9,-24,Nhd7tf0Lzb/XkTL2gKuWnSXp1fY=,Bv06hCAK5Rf4Em8WvmaEl7/QP9I=
-8,-25,m6ow4Buhm9QYJBYd4ntUpxxxvrc=,AUJPY5kkWB9Xm3MhycvDreA1yj0=
-9,-25,m6ow4Buhm9QYJBYd4ntUpxxxvrc=,hDEksIxiut3SZLKdvxm5pXovjLM=
-8,-24,Nhd7tf0Lzb/XkTL2gKuWnSXp1fY=,qPq1o4TmfKbWDE3/EWY5aw3Z8Ro=
-10,-25,m6ow4Buhm9QYJBYd4ntUpxxxvrc=,hDEksIxiut3SZLKdvxm5pXovjLM=
-15,-23,Nhd7tf0Lzb/XkTL2gKuWnSXp1fY=,N1yVh8cHmSprmcdOTC0barZZsUw=
-16,-23,Nhd7tf0Lzb/XkTL2gKuWnSXp1fY=,N1yVh8cHmSprmcdOTC0barZZsUw=
-14,-23,Nhd7tf0Lzb/XkTL2gKuWnSXp1fY=,VNnLT+JkNFR8kOgPTXUwJtrZcxI=
-23,-24,ca9S+du2/3pYlF6OpZgMhQShUho=,7Yx+1bpPYZGb7XUi6ummDOXedPw=
-22,-24,ca9S+du2/3pYlF6OpZgMhQShUho=,qcSpVsavuVfaCchfna/5McX7lk4=
-22,-25,J1Rx3Ifjmbv/b1dZQRv7gUobqmM=,TBmM7j1iQS5Lhgu0KpLiPmnVxvk=
-23,-25,J1Rx3Ifjmbv/b1dZQRv7gUobqmM=,6w+UvufgiFr5ZXrHKBpOPqp7JY4=
-21,-24,L2oekfEubstnAzeZX+o+TY5AVCA=,qcSpVsavuVfaCchfna/5McX7lk4=
-21,-25,S3Zpdj7LgdgtDuk1cqwAI2Pjtog=,TBmM7j1iQS5Lhgu0KpLiPmnVxvk=
-20,-24,L2oekfEubstnAzeZX+o+TY5AVCA=,Fs5r2XcLCLtqKEcyuzyFVhccjsA=
-20,-25,S3Zpdj7LgdgtDuk1cqwAI2Pjtog=,YfPt40HFwr6iY496oZ6iX7rCgsw=
-22,-23,L2oekfEubstnAzeZX+o+TY5AVCA=,qcSpVsavuVfaCchfna/5McX7lk4=
-21,-23,L2oekfEubstnAzeZX+o+TY5AVCA=,qcSpVsavuVfaCchfna/5McX7lk4=
-23,-22,L2oekfEubstnAzeZX+o+TY5AVCA=,deL/gE78FfV+X9Z3cX3Bvm+4Up4=
-23,-23,L2oekfEubstnAzeZX+o+TY5AVCA=,7Yx+1bpPYZGb7XUi6ummDOXedPw=
-20,-23,L2oekfEubstnAzeZX+o+TY5AVCA=,Fs5r2XcLCLtqKEcyuzyFVhccjsA=
-23,-21,Dv2fVB/v1X/v9jse0cXxT1g9YYw=,deL/gE78FfV+X9Z3cX3Bvm+4Up4=
-23,-20,Dv2fVB/v1X/v9jse0cXxT1g9YYw=,K3IaK20kvhXvAaDoSvppB36wVUc=
-23,-19,Dv2fVB/v1X/v9jse0cXxT1g9YYw=,K3IaK20kvhXvAaDoSvppB36wVUc=
-23,-18,Dv2fVB/v1X/v9jse0cXxT1g9YYw=,tOTJvwmS8pTFjtfModX+zeOOJm0=
-23,-17,Dv2fVB/v1X/v9jse0cXxT1g9YYw=,tOTJvwmS8pTFjtfModX+zeOOJm0=
-25,-17,GKbrrKDG+d6vA17TkCLqdX/Lh5c=,hsH5tNYXJCfqishbBauupLm+bX4=
-24,-17,Dv2fVB/v1X/v9jse0cXxT1g9YYw=,tOTJvwmS8pTFjtfModX+zeOOJm0=
-24,-19,Dv2fVB/v1X/v9jse0cXxT1g9YYw=,K3IaK20kvhXvAaDoSvppB36wVUc=
-25,-18,GKbrrKDG+d6vA17TkCLqdX/Lh5c=,hsH5tNYXJCfqishbBauupLm+bX4=
-24,-18,Dv2fVB/v1X/v9jse0cXxT1g9YYw=,tOTJvwmS8pTFjtfModX+zeOOJm0=
-25,-19,GKbrrKDG+d6vA17TkCLqdX/Lh5c=,v7JGJv7XZP8G0LHr6DUcwIKF/uw=
-24,-24,Dv2fVB/v1X/v9jse0cXxT1g9YYw=,7Yx+1bpPYZGb7XUi6ummDOXedPw=
-25,-24,J1Rx3Ifjmbv/b1dZQRv7gUobqmM=,s+P4YOb/oVKlYVRA8dMe8TvPk3c=
-25,-23,GKbrrKDG+d6vA17TkCLqdX/Lh5c=,s+P4YOb/oVKlYVRA8dMe8TvPk3c=
-24,-22,1hTdOVyKiHvNR35/7RzpGZq8UWs=,deL/gE78FfV+X9Z3cX3Bvm+4Up4=
-24,-20,1hTdOVyKiHvNR35/7RzpGZq8UWs=,K3IaK20kvhXvAaDoSvppB36wVUc=
-24,-23,1hTdOVyKiHvNR35/7RzpGZq8UWs=,7Yx+1bpPYZGb7XUi6ummDOXedPw=
-25,-25,J1Rx3Ifjmbv/b1dZQRv7gUobqmM=,kHNi0PTJJTOhzeNh49gJVyoNKs4=
-24,-25,J1Rx3Ifjmbv/b1dZQRv7gUobqmM=,6w+UvufgiFr5ZXrHKBpOPqp7JY4=
-25,-20,2o9qn6T4mun3GIF//nl1TyziIz8=,v7JGJv7XZP8G0LHr6DUcwIKF/uw=
-25,-21,GKbrrKDG+d6vA17TkCLqdX/Lh5c=,zf3Fio3p8IOig0a5zTJpK6dzHD4=
-25,-22,GKbrrKDG+d6vA17TkCLqdX/Lh5c=,zf3Fio3p8IOig0a5zTJpK6dzHD4=
-24,-21,1hTdOVyKiHvNR35/7RzpGZq8UWs=,deL/gE78FfV+X9Z3cX3Bvm+4Up4=
-19,-24,ysM7vAmSynCjj8qg2ByHWMXVc5c=,Fs5r2XcLCLtqKEcyuzyFVhccjsA=
-19,-25,4W5OWsOREt+nO806A/SzDGgaE9U=,YfPt40HFwr6iY496oZ6iX7rCgsw=
-19,-23,ysM7vAmSynCjj8qg2ByHWMXVc5c=,Fs5r2XcLCLtqKEcyuzyFVhccjsA=
-18,-25,4W5OWsOREt+nO806A/SzDGgaE9U=,N8/6tLQ+RLlb5ZV/AQ3Od7gAQbc=
-18,-23,ysM7vAmSynCjj8qg2ByHWMXVc5c=,mdpbHPuDrFwQTiag4gXGn87OQgc=
-17,-24,ysM7vAmSynCjj8qg2ByHWMXVc5c=,mdpbHPuDrFwQTiag4gXGn87OQgc=
-17,-25,2o9qn6T4mun3GIF//nl1TyziIz8=,N8/6tLQ+RLlb5ZV/AQ3Od7gAQbc=
-18,-24,ysM7vAmSynCjj8qg2ByHWMXVc5c=,mdpbHPuDrFwQTiag4gXGn87OQgc=
-17,-23,ysM7vAmSynCjj8qg2ByHWMXVc5c=,mdpbHPuDrFwQTiag4gXGn87OQgc=
-24,-11,SvYpdiepH3vhzGXRzQA+UuBj8PY=,dOhrSeTOXO66Ws6yg66U32+QI6g=
-25,-11,pxIG2n5XLvc6tXJGT7zyWwlDZGo=,war2DU9o5lB/SKplrebpFuxUnYw=
-25,-10,pxIG2n5XLvc6tXJGT7zyWwlDZGo=,DDrBKaTofSLpqhv7fw9jrsI1lKE=
-24,-10,SvYpdiepH3vhzGXRzQA+UuBj8PY=,4d/Ae9tmVn+Ihl9p2ZxJN3M8UjI=
-24,-9,J5D90WvldLwbeCLtGTIMqVtbBe4=,4d/Ae9tmVn+Ihl9p2ZxJN3M8UjI=
-25,-8,RSs+KDeHcitzF9xCveGlqybmEIs=,06DmOqX+Vswj6HFUGkHozvcTNeI=
-24,-8,J5D90WvldLwbeCLtGTIMqVtbBe4=,/sLL75mMQCWd9XWr3b11SlmqL8c=
-25,-9,RSs+KDeHcitzF9xCveGlqybmEIs=,DDrBKaTofSLpqhv7fw9jrsI1lKE=
-25,-6,RSs+KDeHcitzF9xCveGlqybmEIs=,Z4I+BVBiBsc9JgLTMleM8EZN12s=
-25,-7,RSs+KDeHcitzF9xCveGlqybmEIs=,06DmOqX+Vswj6HFUGkHozvcTNeI=
-24,-7,O6ZvVY1yS+OHK32NdqVMdd+6Xlk=,/sLL75mMQCWd9XWr3b11SlmqL8c=
-24,-6,O6ZvVY1yS+OHK32NdqVMdd+6Xlk=,pEIbH//KK1Czo0sBbOrkYMWHjks=
-25,-4,RSs+KDeHcitzF9xCveGlqybmEIs=,G+AeylHX2iWgTozzUrEehoO1C1k=
-24,-5,O6ZvVY1yS+OHK32NdqVMdd+6Xlk=,pEIbH//KK1Czo0sBbOrkYMWHjks=
-24,-4,O6ZvVY1yS+OHK32NdqVMdd+6Xlk=,SxGXe7fGY1mbqefg3PPMlA+QLqs=
-25,-5,RSs+KDeHcitzF9xCveGlqybmEIs=,Z4I+BVBiBsc9JgLTMleM8EZN12s=
-23,-5,+aMFgYmRIH0caa4IMTFueKmEdhs=,pEIbH//KK1Czo0sBbOrkYMWHjks=
-25,-3,1EBhdY0m7QrgiSpsZJqYKXEBbYY=,G+AeylHX2iWgTozzUrEehoO1C1k=
-23,-4,+aMFgYmRIH0caa4IMTFueKmEdhs=,SxGXe7fGY1mbqefg3PPMlA+QLqs=
-25,-2,1EBhdY0m7QrgiSpsZJqYKXEBbYY=,YxnhkUxCbf/gL8rE/xnSgWMRAI8=
-24,-3,+aMFgYmRIH0caa4IMTFueKmEdhs=,SxGXe7fGY1mbqefg3PPMlA+QLqs=
-24,-2,+aMFgYmRIH0caa4IMTFueKmEdhs=,yJAbfadox2RcnslC0xlJr1/Mr8A=
-23,-3,+aMFgYmRIH0caa4IMTFueKmEdhs=,SxGXe7fGY1mbqefg3PPMlA+QLqs=
-23,-2,+aMFgYmRIH0caa4IMTFueKmEdhs=,yJAbfadox2RcnslC0xlJr1/Mr8A=
-23,-7,ROUVjZFFRu9S1zBF4KHc5TOHM4Q=,/sLL75mMQCWd9XWr3b11SlmqL8c=
-23,-6,ROUVjZFFRu9S1zBF4KHc5TOHM4Q=,pEIbH//KK1Czo0sBbOrkYMWHjks=
-23,-10,ROUVjZFFRu9S1zBF4KHc5TOHM4Q=,4d/Ae9tmVn+Ihl9p2ZxJN3M8UjI=
-23,-8,ROUVjZFFRu9S1zBF4KHc5TOHM4Q=,/sLL75mMQCWd9XWr3b11SlmqL8c=
-23,-9,ROUVjZFFRu9S1zBF4KHc5TOHM4Q=,4d/Ae9tmVn+Ihl9p2ZxJN3M8UjI=
-23,-11,ROUVjZFFRu9S1zBF4KHc5TOHM4Q=,dOhrSeTOXO66Ws6yg66U32+QI6g=
-25,-16,pxIG2n5XLvc6tXJGT7zyWwlDZGo=,6ZEDZ1jW9SfjCeQbWmCm+L/K8Bs=
-24,-16,y/MGFqrKybucc1jWWxVZ+ebGgfE=,EXBJz4MZvUG3eCXja1sPes8LPPU=
-24,-14,pxIG2n5XLvc6tXJGT7zyWwlDZGo=,w4tJdxFxKNiAZU9Akah+Mul2BDU=
-25,-12,pxIG2n5XLvc6tXJGT7zyWwlDZGo=,war2DU9o5lB/SKplrebpFuxUnYw=
-25,-13,pxIG2n5XLvc6tXJGT7zyWwlDZGo=,kC192DxcYDQZb42tM7ghjJ3Boo0=
-23,-12,y/MGFqrKybucc1jWWxVZ+ebGgfE=,dOhrSeTOXO66Ws6yg66U32+QI6g=
-25,-15,pxIG2n5XLvc6tXJGT7zyWwlDZGo=,6ZEDZ1jW9SfjCeQbWmCm+L/K8Bs=
-24,-15,y/MGFqrKybucc1jWWxVZ+ebGgfE=,EXBJz4MZvUG3eCXja1sPes8LPPU=
-25,-14,pxIG2n5XLvc6tXJGT7zyWwlDZGo=,kC192DxcYDQZb42tM7ghjJ3Boo0=
-23,-13,1EBhdY0m7QrgiSpsZJqYKXEBbYY=,w4tJdxFxKNiAZU9Akah+Mul2BDU=
-24,-12,y/MGFqrKybucc1jWWxVZ+ebGgfE=,dOhrSeTOXO66Ws6yg66U32+QI6g=
-24,-13,pxIG2n5XLvc6tXJGT7zyWwlDZGo=,w4tJdxFxKNiAZU9Akah+Mul2BDU=
-23,-16,9DtTzhg3RqmzkA8WRus6JB71oR8=,EXBJz4MZvUG3eCXja1sPes8LPPU=
-23,-14,pxIG2n5XLvc6tXJGT7zyWwlDZGo=,w4tJdxFxKNiAZU9Akah+Mul2BDU=
-23,-15,9DtTzhg3RqmzkA8WRus6JB71oR8=,EXBJz4MZvUG3eCXja1sPes8LPPU=
-23,-1,9DtTzhg3RqmzkA8WRus6JB71oR8=,yJAbfadox2RcnslC0xlJr1/Mr8A=
-24,-1,9DtTzhg3RqmzkA8WRus6JB71oR8=,yJAbfadox2RcnslC0xlJr1/Mr8A=
-25,-1,1EBhdY0m7QrgiSpsZJqYKXEBbYY=,YxnhkUxCbf/gL8rE/xnSgWMRAI8=
-2,-26,8i+Hv2/49VK6rpxvKkwbiZeCXUE=,/zTCpgHyWIVCStPLWaVId38T204=
-2,-27,8i+Hv2/49VK6rpxvKkwbiZeCXUE=,tU04WTkRAgn2N1GzTmJFiUUysnA=
-3,-26,8i+Hv2/49VK6rpxvKkwbiZeCXUE=,f3P05REQrlB5sCHq9nvQ6oyvT2g=
-3,-27,8i+Hv2/49VK6rpxvKkwbiZeCXUE=,Hw6Rs8N5iNRbV1OALkuCKHBEzh4=
-5,-26,RiepeFEfggEc2fepMcWr8v8LEZM=,CSqgemjRaRNuBDaIkni2SJvYlOI=
-4,-27,RiepeFEfggEc2fepMcWr8v8LEZM=,Hw6Rs8N5iNRbV1OALkuCKHBEzh4=
-4,-29,RiepeFEfggEc2fepMcWr8v8LEZM=,VFQgKnkpOaUEt15cFFr8UsWpM2w=
-5,-29,RiepeFEfggEc2fepMcWr8v8LEZM=,ynzSmrBy6gWtd24Ds3bYjTkj/ow=
-4,-28,RiepeFEfggEc2fepMcWr8v8LEZM=,Hw6Rs8N5iNRbV1OALkuCKHBEzh4=
-5,-27,RiepeFEfggEc2fepMcWr8v8LEZM=,zXQa5/OI8obNuUVyZQUW4pSd8bI=
-4,-26,RiepeFEfggEc2fepMcWr8v8LEZM=,f3P05REQrlB5sCHq9nvQ6oyvT2g=
-5,-28,RiepeFEfggEc2fepMcWr8v8LEZM=,zXQa5/OI8obNuUVyZQUW4pSd8bI=
-7,-26,RiepeFEfggEc2fepMcWr8v8LEZM=,AUJPY5kkWB9Xm3MhycvDreA1yj0=
-7,-27,RiepeFEfggEc2fepMcWr8v8LEZM=,xhlU3S8oHC+aEbr1VMQV8ZxyVZo=
-6,-26,RiepeFEfggEc2fepMcWr8v8LEZM=,CSqgemjRaRNuBDaIkni2SJvYlOI=
-6,-27,RiepeFEfggEc2fepMcWr8v8LEZM=,zXQa5/OI8obNuUVyZQUW4pSd8bI=
-9,-26,xqEnorpNkM8zjP3BSjDBzorrlDM=,hDEksIxiut3SZLKdvxm5pXovjLM=
-8,-26,xqEnorpNkM8zjP3BSjDBzorrlDM=,AUJPY5kkWB9Xm3MhycvDreA1yj0=
-9,-27,xqEnorpNkM8zjP3BSjDBzorrlDM=,nyFyKqVdSNRPrLKOWp4uwdjLVKA=
-8,-27,xqEnorpNkM8zjP3BSjDBzorrlDM=,xhlU3S8oHC+aEbr1VMQV8ZxyVZo=
-11,-26,xqEnorpNkM8zjP3BSjDBzorrlDM=,84QAyUzgcm2HyDXM07pgpU/IwfM=
-10,-26,xqEnorpNkM8zjP3BSjDBzorrlDM=,hDEksIxiut3SZLKdvxm5pXovjLM=
-11,-27,xqEnorpNkM8zjP3BSjDBzorrlDM=,thkAoV44R6AT1wnHF9YfOeVjckQ=
-10,-27,xqEnorpNkM8zjP3BSjDBzorrlDM=,nyFyKqVdSNRPrLKOWp4uwdjLVKA=
-13,-26,m6ow4Buhm9QYJBYd4ntUpxxxvrc=,G3w/dM9LFUqjIM+eqCme/mfmVo8=
-12,-27,m6ow4Buhm9QYJBYd4ntUpxxxvrc=,thkAoV44R6AT1wnHF9YfOeVjckQ=
-12,-26,m6ow4Buhm9QYJBYd4ntUpxxxvrc=,84QAyUzgcm2HyDXM07pgpU/IwfM=
-13,-27,m6ow4Buhm9QYJBYd4ntUpxxxvrc=,ONfbxnLwzGzFC25BQkaYP3WEUdM=
-12,-29,m6ow4Buhm9QYJBYd4ntUpxxxvrc=,HkAYSyzlQnitMA1id7RM+/GuiOQ=
-13,-28,m6ow4Buhm9QYJBYd4ntUpxxxvrc=,ONfbxnLwzGzFC25BQkaYP3WEUdM=
-12,-28,m6ow4Buhm9QYJBYd4ntUpxxxvrc=,thkAoV44R6AT1wnHF9YfOeVjckQ=
-13,-29,m6ow4Buhm9QYJBYd4ntUpxxxvrc=,X04aKO6n3U/k9nPpwH+RmYseSbw=
-14,-28,m6ow4Buhm9QYJBYd4ntUpxxxvrc=,ONfbxnLwzGzFC25BQkaYP3WEUdM=
-16,-27,m6ow4Buhm9QYJBYd4ntUpxxxvrc=,ukNU6M5o/OvCrVdeRsdbwFejqvQ=
-14,-29,m6ow4Buhm9QYJBYd4ntUpxxxvrc=,X04aKO6n3U/k9nPpwH+RmYseSbw=
-15,-28,m6ow4Buhm9QYJBYd4ntUpxxxvrc=,ukNU6M5o/OvCrVdeRsdbwFejqvQ=
-14,-26,m6ow4Buhm9QYJBYd4ntUpxxxvrc=,G3w/dM9LFUqjIM+eqCme/mfmVo8=
-15,-29,m6ow4Buhm9QYJBYd4ntUpxxxvrc=,4z17sY3USL1Xa/N9tS0DkSL37TU=
-16,-29,m6ow4Buhm9QYJBYd4ntUpxxxvrc=,4z17sY3USL1Xa/N9tS0DkSL37TU=
-16,-28,m6ow4Buhm9QYJBYd4ntUpxxxvrc=,ukNU6M5o/OvCrVdeRsdbwFejqvQ=
-14,-27,m6ow4Buhm9QYJBYd4ntUpxxxvrc=,ONfbxnLwzGzFC25BQkaYP3WEUdM=
-15,-26,m6ow4Buhm9QYJBYd4ntUpxxxvrc=,FVdFbmhrJH7bI7a6MQhaeNULf1A=
-15,-27,m6ow4Buhm9QYJBYd4ntUpxxxvrc=,ukNU6M5o/OvCrVdeRsdbwFejqvQ=
-16,-26,m6ow4Buhm9QYJBYd4ntUpxxxvrc=,FVdFbmhrJH7bI7a6MQhaeNULf1A=
-3,-29,m6ow4Buhm9QYJBYd4ntUpxxxvrc=,VFQgKnkpOaUEt15cFFr8UsWpM2w=
-1,-26,m6ow4Buhm9QYJBYd4ntUpxxxvrc=,/zTCpgHyWIVCStPLWaVId38T204=
-2,-29,m6ow4Buhm9QYJBYd4ntUpxxxvrc=,GsskausKAdxGqzFnZG0cZNj3ba8=
-1,-29,m6ow4Buhm9QYJBYd4ntUpxxxvrc=,GsskausKAdxGqzFnZG0cZNj3ba8=
-2,-28,m6ow4Buhm9QYJBYd4ntUpxxxvrc=,tU04WTkRAgn2N1GzTmJFiUUysnA=
-3,-28,m6ow4Buhm9QYJBYd4ntUpxxxvrc=,Hw6Rs8N5iNRbV1OALkuCKHBEzh4=
-1,-28,m6ow4Buhm9QYJBYd4ntUpxxxvrc=,tU04WTkRAgn2N1GzTmJFiUUysnA=
-1,-27,m6ow4Buhm9QYJBYd4ntUpxxxvrc=,tU04WTkRAgn2N1GzTmJFiUUysnA=
-10,-29,m6ow4Buhm9QYJBYd4ntUpxxxvrc=,Irt48rMAr3WXElogH6Qusfw1r5s=
-11,-29,m6ow4Buhm9QYJBYd4ntUpxxxvrc=,HkAYSyzlQnitMA1id7RM+/GuiOQ=
-7,-29,m6ow4Buhm9QYJBYd4ntUpxxxvrc=,5WKt4HmdYlCCNMDy9l07ixGDE4U=
-11,-28,m6ow4Buhm9QYJBYd4ntUpxxxvrc=,thkAoV44R6AT1wnHF9YfOeVjckQ=
-6,-29,m6ow4Buhm9QYJBYd4ntUpxxxvrc=,ynzSmrBy6gWtd24Ds3bYjTkj/ow=
-10,-28,m6ow4Buhm9QYJBYd4ntUpxxxvrc=,nyFyKqVdSNRPrLKOWp4uwdjLVKA=
-9,-29,m6ow4Buhm9QYJBYd4ntUpxxxvrc=,Irt48rMAr3WXElogH6Qusfw1r5s=
-6,-28,m6ow4Buhm9QYJBYd4ntUpxxxvrc=,zXQa5/OI8obNuUVyZQUW4pSd8bI=
-7,-28,m6ow4Buhm9QYJBYd4ntUpxxxvrc=,xhlU3S8oHC+aEbr1VMQV8ZxyVZo=
-8,-29,m6ow4Buhm9QYJBYd4ntUpxxxvrc=,5WKt4HmdYlCCNMDy9l07ixGDE4U=
-9,-28,m6ow4Buhm9QYJBYd4ntUpxxxvrc=,nyFyKqVdSNRPrLKOWp4uwdjLVKA=
-8,-28,m6ow4Buhm9QYJBYd4ntUpxxxvrc=,xhlU3S8oHC+aEbr1VMQV8ZxyVZo=
-24,-26,tSSIV4S7P2muy4Q8w0pF75P6ceU=,6w+UvufgiFr5ZXrHKBpOPqp7JY4=
-25,-26,tSSIV4S7P2muy4Q8w0pF75P6ceU=,kHNi0PTJJTOhzeNh49gJVyoNKs4=
-25,-27,tSSIV4S7P2muy4Q8w0pF75P6ceU=,cmSnTAR2QQpnZBc3Koqc8IVi12E=
-24,-27,tSSIV4S7P2muy4Q8w0pF75P6ceU=,q/8gBgiuc9QgGxgc39/5SVm0D/M=
-24,-29,OWUxemqgvxLFWe0/o9t1M2xrcCo=,5wMIlViQ2CNkYWiiAJeeR0HesJE=
-25,-29,OWUxemqgvxLFWe0/o9t1M2xrcCo=,SuKP5yxKwlt/Q2oEXLdYxFnBlco=
-24,-28,OWUxemqgvxLFWe0/o9t1M2xrcCo=,q/8gBgiuc9QgGxgc39/5SVm0D/M=
-25,-28,OWUxemqgvxLFWe0/o9t1M2xrcCo=,cmSnTAR2QQpnZBc3Koqc8IVi12E=
-23,-27,Vy00uVXbDOqyzd+D3L75hrOFtdk=,q/8gBgiuc9QgGxgc39/5SVm0D/M=
-22,-27,Vy00uVXbDOqyzd+D3L75hrOFtdk=,rx+pBWGGt5rF41gdO+YTR11DOcY=
-22,-28,Vy00uVXbDOqyzd+D3L75hrOFtdk=,rx+pBWGGt5rF41gdO+YTR11DOcY=
-22,-29,Vy00uVXbDOqyzd+D3L75hrOFtdk=,4bMBRF3CZERDfQdxRFHHycBcKf4=
-23,-29,Vy00uVXbDOqyzd+D3L75hrOFtdk=,5wMIlViQ2CNkYWiiAJeeR0HesJE=
-22,-26,Vy00uVXbDOqyzd+D3L75hrOFtdk=,TBmM7j1iQS5Lhgu0KpLiPmnVxvk=
-23,-28,Vy00uVXbDOqyzd+D3L75hrOFtdk=,q/8gBgiuc9QgGxgc39/5SVm0D/M=
-23,-26,Vy00uVXbDOqyzd+D3L75hrOFtdk=,6w+UvufgiFr5ZXrHKBpOPqp7JY4=
-21,-27,S3Zpdj7LgdgtDuk1cqwAI2Pjtog=,rx+pBWGGt5rF41gdO+YTR11DOcY=
-21,-28,S3Zpdj7LgdgtDuk1cqwAI2Pjtog=,rx+pBWGGt5rF41gdO+YTR11DOcY=
-20,-26,S3Zpdj7LgdgtDuk1cqwAI2Pjtog=,YfPt40HFwr6iY496oZ6iX7rCgsw=
-21,-29,S3Zpdj7LgdgtDuk1cqwAI2Pjtog=,4bMBRF3CZERDfQdxRFHHycBcKf4=
-20,-29,S3Zpdj7LgdgtDuk1cqwAI2Pjtog=,b+Ch/iYgAc8Medfz2RNfLu1TpAk=
-20,-27,S3Zpdj7LgdgtDuk1cqwAI2Pjtog=,TY8z2k4/dflLn6+8FpRghLvd+yk=
-20,-28,S3Zpdj7LgdgtDuk1cqwAI2Pjtog=,TY8z2k4/dflLn6+8FpRghLvd+yk=
-21,-26,S3Zpdj7LgdgtDuk1cqwAI2Pjtog=,TBmM7j1iQS5Lhgu0KpLiPmnVxvk=
-19,-27,4W5OWsOREt+nO806A/SzDGgaE9U=,TY8z2k4/dflLn6+8FpRghLvd+yk=
-19,-29,4W5OWsOREt+nO806A/SzDGgaE9U=,b+Ch/iYgAc8Medfz2RNfLu1TpAk=
-18,-29,4W5OWsOREt+nO806A/SzDGgaE9U=,rG1vFGv+/yyURRcUTSYuBp3wfxY=
-17,-27,4W5OWsOREt+nO806A/SzDGgaE9U=,A2nIRYlDfOWwI7RTQF57uw7amV4=
-17,-26,4W5OWsOREt+nO806A/SzDGgaE9U=,N8/6tLQ+RLlb5ZV/AQ3Od7gAQbc=
-19,-28,4W5OWsOREt+nO806A/SzDGgaE9U=,TY8z2k4/dflLn6+8FpRghLvd+yk=
-18,-26,4W5OWsOREt+nO806A/SzDGgaE9U=,N8/6tLQ+RLlb5ZV/AQ3Od7gAQbc=
-18,-27,4W5OWsOREt+nO806A/SzDGgaE9U=,A2nIRYlDfOWwI7RTQF57uw7amV4=
-19,-26,4W5OWsOREt+nO806A/SzDGgaE9U=,YfPt40HFwr6iY496oZ6iX7rCgsw=
-18,-28,4W5OWsOREt+nO806A/SzDGgaE9U=,A2nIRYlDfOWwI7RTQF57uw7amV4=
-29,-24,VIOMp/F0q5PwV4H1dC00uxqJ+k0=,Xei3x+oN4sMQ7QeixqBgEnaL63Y=
-27,-24,VIOMp/F0q5PwV4H1dC00uxqJ+k0=,8JED6s4KoFYYjxfP0wxogI+P9ao=
-28,-24,VIOMp/F0q5PwV4H1dC00uxqJ+k0=,8JED6s4KoFYYjxfP0wxogI+P9ao=
-28,-25,VIOMp/F0q5PwV4H1dC00uxqJ+k0=,BIL5ZdIshKswj9vA+6OQtlPnda8=
-26,-25,VIOMp/F0q5PwV4H1dC00uxqJ+k0=,kHNi0PTJJTOhzeNh49gJVyoNKs4=
-27,-25,VIOMp/F0q5PwV4H1dC00uxqJ+k0=,BIL5ZdIshKswj9vA+6OQtlPnda8=
-26,-24,VIOMp/F0q5PwV4H1dC00uxqJ+k0=,s+P4YOb/oVKlYVRA8dMe8TvPk3c=
-29,-25,VIOMp/F0q5PwV4H1dC00uxqJ+k0=,j1co3iwTdooTwKnEBXXzJa98H+M=
-29,-21,5mj7C86JYE2nGBM9kRCYLRS+Z18=,h+gjvnmfbx7HKEQwjpyCZKXDA34=
-29,-22,5mj7C86JYE2nGBM9kRCYLRS+Z18=,h+gjvnmfbx7HKEQwjpyCZKXDA34=
-28,-20,5mj7C86JYE2nGBM9kRCYLRS+Z18=,oz6IUMBvscUYpkmAoVfc+qKb7XE=
-29,-20,5mj7C86JYE2nGBM9kRCYLRS+Z18=,tvmkjcGooDkxSMHP+vsSv5UI6fk=
-29,-23,5mj7C86JYE2nGBM9kRCYLRS+Z18=,Xei3x+oN4sMQ7QeixqBgEnaL63Y=
-28,-23,5mj7C86JYE2nGBM9kRCYLRS+Z18=,8JED6s4KoFYYjxfP0wxogI+P9ao=
-28,-21,5mj7C86JYE2nGBM9kRCYLRS+Z18=,6a8lNoV6jNZkKVw/9AKPt3R9V+c=
-28,-22,5mj7C86JYE2nGBM9kRCYLRS+Z18=,6a8lNoV6jNZkKVw/9AKPt3R9V+c=
-28,-19,GKbrrKDG+d6vA17TkCLqdX/Lh5c=,oz6IUMBvscUYpkmAoVfc+qKb7XE=
-29,-18,GKbrrKDG+d6vA17TkCLqdX/Lh5c=,j16mO6VhKTU9PYEHQT5HDDia1Lk=
-29,-19,GKbrrKDG+d6vA17TkCLqdX/Lh5c=,tvmkjcGooDkxSMHP+vsSv5UI6fk=
-28,-18,GKbrrKDG+d6vA17TkCLqdX/Lh5c=,0zekTN9hw1SwMfa1OIgj2J+ODP4=
-27,-23,GKbrrKDG+d6vA17TkCLqdX/Lh5c=,8JED6s4KoFYYjxfP0wxogI+P9ao=
-26,-23,GKbrrKDG+d6vA17TkCLqdX/Lh5c=,s+P4YOb/oVKlYVRA8dMe8TvPk3c=
-27,-22,GKbrrKDG+d6vA17TkCLqdX/Lh5c=,6a8lNoV6jNZkKVw/9AKPt3R9V+c=
-26,-22,GKbrrKDG+d6vA17TkCLqdX/Lh5c=,zf3Fio3p8IOig0a5zTJpK6dzHD4=
-29,-17,GKbrrKDG+d6vA17TkCLqdX/Lh5c=,j16mO6VhKTU9PYEHQT5HDDia1Lk=
-28,-17,GKbrrKDG+d6vA17TkCLqdX/Lh5c=,0zekTN9hw1SwMfa1OIgj2J+ODP4=
-26,-17,GKbrrKDG+d6vA17TkCLqdX/Lh5c=,hsH5tNYXJCfqishbBauupLm+bX4=
-27,-17,GKbrrKDG+d6vA17TkCLqdX/Lh5c=,0zekTN9hw1SwMfa1OIgj2J+ODP4=
-26,-21,GKbrrKDG+d6vA17TkCLqdX/Lh5c=,zf3Fio3p8IOig0a5zTJpK6dzHD4=
-26,-19,2o9qn6T4mun3GIF//nl1TyziIz8=,v7JGJv7XZP8G0LHr6DUcwIKF/uw=
-27,-19,2o9qn6T4mun3GIF//nl1TyziIz8=,oz6IUMBvscUYpkmAoVfc+qKb7XE=
-26,-18,2o9qn6T4mun3GIF//nl1TyziIz8=,hsH5tNYXJCfqishbBauupLm+bX4=
-27,-18,2o9qn6T4mun3GIF//nl1TyziIz8=,0zekTN9hw1SwMfa1OIgj2J+ODP4=
-27,-20,2o9qn6T4mun3GIF//nl1TyziIz8=,oz6IUMBvscUYpkmAoVfc+qKb7XE=
-27,-21,2o9qn6T4mun3GIF//nl1TyziIz8=,6a8lNoV6jNZkKVw/9AKPt3R9V+c=
-26,-20,2o9qn6T4mun3GIF//nl1TyziIz8=,v7JGJv7XZP8G0LHr6DUcwIKF/uw=
-17,-29,2o9qn6T4mun3GIF//nl1TyziIz8=,rG1vFGv+/yyURRcUTSYuBp3wfxY=
-17,-28,2o9qn6T4mun3GIF//nl1TyziIz8=,A2nIRYlDfOWwI7RTQF57uw7amV4=
-28,-29,2o9qn6T4mun3GIF//nl1TyziIz8=,Xt498O/W6o1habyNP7xMzHgWH5Q=
-27,-29,2o9qn6T4mun3GIF//nl1TyziIz8=,Xt498O/W6o1habyNP7xMzHgWH5Q=
-29,-27,2o9qn6T4mun3GIF//nl1TyziIz8=,LlygqolBMR2yf4lJ70LS7f4CoR0=
-29,-28,2o9qn6T4mun3GIF//nl1TyziIz8=,LlygqolBMR2yf4lJ70LS7f4CoR0=
-29,-29,2o9qn6T4mun3GIF//nl1TyziIz8=,zDPU+39kvenbWAK1rrFyCq0KTDU=
-29,-26,2o9qn6T4mun3GIF//nl1TyziIz8=,j1co3iwTdooTwKnEBXXzJa98H+M=
-26,-29,2o9qn6T4mun3GIF//nl1TyziIz8=,SuKP5yxKwlt/Q2oEXLdYxFnBlco=
-26,-28,2o9qn6T4mun3GIF//nl1TyziIz8=,cmSnTAR2QQpnZBc3Koqc8IVi12E=
-28,-26,2o9qn6T4mun3GIF//nl1TyziIz8=,BIL5ZdIshKswj9vA+6OQtlPnda8=
-26,-27,2o9qn6T4mun3GIF//nl1TyziIz8=,cmSnTAR2QQpnZBc3Koqc8IVi12E=
-26,-26,2o9qn6T4mun3GIF//nl1TyziIz8=,kHNi0PTJJTOhzeNh49gJVyoNKs4=
-27,-26,2o9qn6T4mun3GIF//nl1TyziIz8=,BIL5ZdIshKswj9vA+6OQtlPnda8=
-27,-28,2o9qn6T4mun3GIF//nl1TyziIz8=,Z1xGbmCNnYzzVFhrE5oAK3yh+dw=
-28,-28,2o9qn6T4mun3GIF//nl1TyziIz8=,Z1xGbmCNnYzzVFhrE5oAK3yh+dw=
-28,-27,2o9qn6T4mun3GIF//nl1TyziIz8=,Z1xGbmCNnYzzVFhrE5oAK3yh+dw=
-27,-27,2o9qn6T4mun3GIF//nl1TyziIz8=,Z1xGbmCNnYzzVFhrE5oAK3yh+dw=
-26,-5,kAj4csRtJOyRN97VKETwbpn+9ro=,Z4I+BVBiBsc9JgLTMleM8EZN12s=
-27,-5,kAj4csRtJOyRN97VKETwbpn+9ro=,rhP2dKV1/iGWt7rCF3HHwt7NbFo=
-26,-4,kAj4csRtJOyRN97VKETwbpn+9ro=,G+AeylHX2iWgTozzUrEehoO1C1k=
-27,-4,kAj4csRtJOyRN97VKETwbpn+9ro=,jOZLBYZnYUTBoe+NNZTnI0JQi1o=
-27,-7,QqdZWPNwCSRvJZ85Yp7utDpLtkk=,ZxA8ASXwdfo7IfwoBCa1oc0pT8Q=
-26,-6,QqdZWPNwCSRvJZ85Yp7utDpLtkk=,Z4I+BVBiBsc9JgLTMleM8EZN12s=
-26,-7,QqdZWPNwCSRvJZ85Yp7utDpLtkk=,06DmOqX+Vswj6HFUGkHozvcTNeI=
-27,-6,QqdZWPNwCSRvJZ85Yp7utDpLtkk=,rhP2dKV1/iGWt7rCF3HHwt7NbFo=
-27,-9,rcJvy8Y5z6o5TWLP7AWQR7UL7CU=,nNq/pA0z2W7PFKiQTo0kyQEvlPo=
-26,-8,rcJvy8Y5z6o5TWLP7AWQR7UL7CU=,06DmOqX+Vswj6HFUGkHozvcTNeI=
-27,-8,rcJvy8Y5z6o5TWLP7AWQR7UL7CU=,ZxA8ASXwdfo7IfwoBCa1oc0pT8Q=
-26,-9,rcJvy8Y5z6o5TWLP7AWQR7UL7CU=,DDrBKaTofSLpqhv7fw9jrsI1lKE=
-27,-11,g6eYFkBhtlP0et60aMy8bHRJB1k=,n21mzwwUEzVNfZ+vnyde+/3PO+k=
-26,-11,g6eYFkBhtlP0et60aMy8bHRJB1k=,war2DU9o5lB/SKplrebpFuxUnYw=
-26,-10,g6eYFkBhtlP0et60aMy8bHRJB1k=,DDrBKaTofSLpqhv7fw9jrsI1lKE=
-27,-10,g6eYFkBhtlP0et60aMy8bHRJB1k=,nNq/pA0z2W7PFKiQTo0kyQEvlPo=
-26,-12,RSs+KDeHcitzF9xCveGlqybmEIs=,war2DU9o5lB/SKplrebpFuxUnYw=
-27,-12,RSs+KDeHcitzF9xCveGlqybmEIs=,n21mzwwUEzVNfZ+vnyde+/3PO+k=
-26,-13,RSs+KDeHcitzF9xCveGlqybmEIs=,kC192DxcYDQZb42tM7ghjJ3Boo0=
-27,-13,RSs+KDeHcitzF9xCveGlqybmEIs=,3492helTU9uctgWrrfWGjz5TTI4=
-29,-15,RSs+KDeHcitzF9xCveGlqybmEIs=,kAvzO+cVmCsm1LGOXvx9f9/HzM0=
-29,-14,RSs+KDeHcitzF9xCveGlqybmEIs=,FgeD2hhE/DrLB9TSzApLhlqHHVw=
-28,-15,RSs+KDeHcitzF9xCveGlqybmEIs=,EIrK2p84Y/E4kQsXVRyTt8pzCQk=
-28,-14,RSs+KDeHcitzF9xCveGlqybmEIs=,3492helTU9uctgWrrfWGjz5TTI4=
-26,-15,RSs+KDeHcitzF9xCveGlqybmEIs=,6ZEDZ1jW9SfjCeQbWmCm+L/K8Bs=
-27,-14,RSs+KDeHcitzF9xCveGlqybmEIs=,3492helTU9uctgWrrfWGjz5TTI4=
-27,-15,RSs+KDeHcitzF9xCveGlqybmEIs=,EIrK2p84Y/E4kQsXVRyTt8pzCQk=
-26,-14,RSs+KDeHcitzF9xCveGlqybmEIs=,kC192DxcYDQZb42tM7ghjJ3Boo0=
-26,-16,RSs+KDeHcitzF9xCveGlqybmEIs=,6ZEDZ1jW9SfjCeQbWmCm+L/K8Bs=
-27,-16,RSs+KDeHcitzF9xCveGlqybmEIs=,EIrK2p84Y/E4kQsXVRyTt8pzCQk=
-29,-2,pxIG2n5XLvc6tXJGT7zyWwlDZGo=,vJUEpVJUzCJShlFcGB5VBzdaxcw=
-29,-3,pxIG2n5XLvc6tXJGT7zyWwlDZGo=,vB3Uuhz5gq25n7HUsodq8wu+RUQ=
-28,-3,pxIG2n5XLvc6tXJGT7zyWwlDZGo=,jOZLBYZnYUTBoe+NNZTnI0JQi1o=
-28,-2,pxIG2n5XLvc6tXJGT7zyWwlDZGo=,f40iL4OE4rDn7yiSL5JLUc4Wgp8=
-29,-1,pxIG2n5XLvc6tXJGT7zyWwlDZGo=,vJUEpVJUzCJShlFcGB5VBzdaxcw=
-28,-1,pxIG2n5XLvc6tXJGT7zyWwlDZGo=,f40iL4OE4rDn7yiSL5JLUc4Wgp8=
-29,-4,1EBhdY0m7QrgiSpsZJqYKXEBbYY=,vB3Uuhz5gq25n7HUsodq8wu+RUQ=
-29,-7,1EBhdY0m7QrgiSpsZJqYKXEBbYY=,82+nKDT8TZfiFXtOofJOdB56HtI=
-29,-6,1EBhdY0m7QrgiSpsZJqYKXEBbYY=,JAVA3iyj8wOMSSSbNBRRiqclW6s=
-29,-5,1EBhdY0m7QrgiSpsZJqYKXEBbYY=,JAVA3iyj8wOMSSSbNBRRiqclW6s=
-28,-6,1EBhdY0m7QrgiSpsZJqYKXEBbYY=,rhP2dKV1/iGWt7rCF3HHwt7NbFo=
-28,-7,1EBhdY0m7QrgiSpsZJqYKXEBbYY=,ZxA8ASXwdfo7IfwoBCa1oc0pT8Q=
-28,-5,1EBhdY0m7QrgiSpsZJqYKXEBbYY=,rhP2dKV1/iGWt7rCF3HHwt7NbFo=
-28,-4,1EBhdY0m7QrgiSpsZJqYKXEBbYY=,jOZLBYZnYUTBoe+NNZTnI0JQi1o=
-26,-1,1EBhdY0m7QrgiSpsZJqYKXEBbYY=,YxnhkUxCbf/gL8rE/xnSgWMRAI8=
-26,-2,1EBhdY0m7QrgiSpsZJqYKXEBbYY=,YxnhkUxCbf/gL8rE/xnSgWMRAI8=
-26,-3,1EBhdY0m7QrgiSpsZJqYKXEBbYY=,G+AeylHX2iWgTozzUrEehoO1C1k=
-27,-2,1EBhdY0m7QrgiSpsZJqYKXEBbYY=,f40iL4OE4rDn7yiSL5JLUc4Wgp8=
-27,-3,1EBhdY0m7QrgiSpsZJqYKXEBbYY=,jOZLBYZnYUTBoe+NNZTnI0JQi1o=
-27,-1,1EBhdY0m7QrgiSpsZJqYKXEBbYY=,f40iL4OE4rDn7yiSL5JLUc4Wgp8=
-29,-12,1EBhdY0m7QrgiSpsZJqYKXEBbYY=,JHNnm2u3+IyP8b4nAm2vevikdNY=
-29,-13,1EBhdY0m7QrgiSpsZJqYKXEBbYY=,FgeD2hhE/DrLB9TSzApLhlqHHVw=
-28,-12,1EBhdY0m7QrgiSpsZJqYKXEBbYY=,n21mzwwUEzVNfZ+vnyde+/3PO+k=
-28,-13,1EBhdY0m7QrgiSpsZJqYKXEBbYY=,3492helTU9uctgWrrfWGjz5TTI4=
-29,-16,1EBhdY0m7QrgiSpsZJqYKXEBbYY=,kAvzO+cVmCsm1LGOXvx9f9/HzM0=
-28,-16,1EBhdY0m7QrgiSpsZJqYKXEBbYY=,EIrK2p84Y/E4kQsXVRyTt8pzCQk=
-29,-9,1EBhdY0m7QrgiSpsZJqYKXEBbYY=,Jxj1pRVHBrXZ86OV64H9/KEMv84=
-29,-10,1EBhdY0m7QrgiSpsZJqYKXEBbYY=,Jxj1pRVHBrXZ86OV64H9/KEMv84=
-29,-8,1EBhdY0m7QrgiSpsZJqYKXEBbYY=,82+nKDT8TZfiFXtOofJOdB56HtI=
-29,-11,1EBhdY0m7QrgiSpsZJqYKXEBbYY=,JHNnm2u3+IyP8b4nAm2vevikdNY=
-28,-10,1EBhdY0m7QrgiSpsZJqYKXEBbYY=,nNq/pA0z2W7PFKiQTo0kyQEvlPo=
-28,-8,1EBhdY0m7QrgiSpsZJqYKXEBbYY=,ZxA8ASXwdfo7IfwoBCa1oc0pT8Q=
-28,-11,1EBhdY0m7QrgiSpsZJqYKXEBbYY=,n21mzwwUEzVNfZ+vnyde+/3PO+k=
-28,-9,1EBhdY0m7QrgiSpsZJqYKXEBbYY=,nNq/pA0z2W7PFKiQTo0kyQEvlPo=
