-4,10,LfWF84W/WlHfIladGvHh6c0FXCQ=,AGIVNk8Ds6XLiBj9nFrwQnUYCk4=
-5,10,LfWF84W/WlHfIladGvHh6c0FXCQ=,uVVe4Ljf3VEvD66WVAA1ApZ8Mao=
-5,9,LfWF84W/WlHfIladGvHh6c0FXCQ=,r/TZOaG6GJMeTlc8URvhZ2lpOE4=
-3,10,l9CSFWNQ6+1G758X9ak7xjhts8k=,AGIVNk8Ds6XLiBj9nFrwQnUYCk4=
-2,10,HPITz/CfsCTjbcjGLDnVXrF4ARs=,Zf/5NFB0hAEsosQQZt1Rhb9fxc4=
-2,9,l9CSFWNQ6+1G758X9ak7xjhts8k=,qBKEYl63llCkvn2+LNVVQUhKHbQ=
-3,9,l9CSFWNQ6+1G758X9ak7xjhts8k=,R+zQv8sZA8vCrK0mbl7mJRkuY8o=
-4,9,LfWF84W/WlHfIladGvHh6c0FXCQ=,R+zQv8sZA8vCrK0mbl7mJRkuY8o=
-4,8,PXfgBp/erZwGrPSAW4hB/WGhps8=,R+zQv8sZA8vCrK0mbl7mJRkuY8o=
-2,8,B067x09Xnbf8H4f6i3SaXh9exu8=,qBKEYl63llCkvn2+LNVVQUhKHbQ=
-3,7,B067x09Xnbf8H4f6i3SaXh9exu8=,C38ET0dkH9IAzzwZveVQnwlzskg=
-7,8,PXfgBp/erZwGrPSAW4hB/WGhps8=,xzf+t1UPsyfT/vRkO4NUOty4ozA=
-2,7,B067x09Xnbf8H4f6i3SaXh9exu8=,dkBar+xPZLHMqJ88FkL36VnXW6g=
-6,8,PXfgBp/erZwGrPSAW4hB/WGhps8=,r/TZOaG6GJMeTlc8URvhZ2lpOE4=
-6,7,PXfgBp/erZwGrPSAW4hB/WGhps8=,VesoduUbBcYG7iOl/KZLPRAkUfc=
-4,7,PXfgBp/erZwGrPSAW4hB/WGhps8=,C38ET0dkH9IAzzwZveVQnwlzskg=
-5,7,PXfgBp/erZwGrPSAW4hB/WGhps8=,VesoduUbBcYG7iOl/KZLPRAkUfc=
-3,8,B067x09Xnbf8H4f6i3SaXh9exu8=,R+zQv8sZA8vCrK0mbl7mJRkuY8o=
-5,8,PXfgBp/erZwGrPSAW4hB/WGhps8=,r/TZOaG6GJMeTlc8URvhZ2lpOE4=
-7,7,1NA2bGbZcE6D31hrdoQYjzZjEwY=,pDq1ZX134YVSXGmtMQMjhLhGebg=
-9,7,4se0JIoFIct0qkcr5fnHr5QuZLs=,P4wHFN9ip9mpMZaGgSA52uXXNfs=
-9,8,4se0JIoFIct0qkcr5fnHr5QuZLs=,txrrdiABCUf5jWFF6zJ+YZ8p2BA=
-8,8,l9CSFWNQ6+1G758X9ak7xjhts8k=,xzf+t1UPsyfT/vRkO4NUOty4ozA=
-8,7,VpwWFjymNqbY7oo2Dr8BZWwmL5w=,pDq1ZX134YVSXGmtMQMjhLhGebg=
-11,6,m+Iuw1wFKPWTLjx23jcOipW1tII=,QDTTpgH5SCgCJYKc9rOYtrlyG48=
-10,4,m+Iuw1wFKPWTLjx23jcOipW1tII=,HGPeZC8X09Ht6iIPU/uscHUlzI4=
-11,3,m+Iuw1wFKPWTLjx23jcOipW1tII=,+wHI4Ws90NuRxGoMtHkpe4NqFcg=
-11,4,m+Iuw1wFKPWTLjx23jcOipW1tII=,JPPDEKr2q70IWlfQkLqrNpTiIA8=
-10,6,m+Iuw1wFKPWTLjx23jcOipW1tII=,P4wHFN9ip9mpMZaGgSA52uXXNfs=
-10,3,m+Iuw1wFKPWTLjx23jcOipW1tII=,lQtdd5d5aPSBl0SdVSNhY+kMiMs=
-11,5,m+Iuw1wFKPWTLjx23jcOipW1tII=,JPPDEKr2q70IWlfQkLqrNpTiIA8=
-10,5,m+Iuw1wFKPWTLjx23jcOipW1tII=,HGPeZC8X09Ht6iIPU/uscHUlzI4=
-6,10,PXfgBp/erZwGrPSAW4hB/WGhps8=,uVVe4Ljf3VEvD66WVAA1ApZ8Mao=
-7,9,PXfgBp/erZwGrPSAW4hB/WGhps8=,xzf+t1UPsyfT/vRkO4NUOty4ozA=
-8,10,PXfgBp/erZwGrPSAW4hB/WGhps8=,PIpmMcI34zbujEasVuX7Vys8lDA=
-6,9,PXfgBp/erZwGrPSAW4hB/WGhps8=,r/TZOaG6GJMeTlc8URvhZ2lpOE4=
-9,10,PXfgBp/erZwGrPSAW4hB/WGhps8=,GtoIKUpA/9XW0S0ig61g09TPOtg=
-7,10,PXfgBp/erZwGrPSAW4hB/WGhps8=,PIpmMcI34zbujEasVuX7Vys8lDA=
-9,9,wscvjYoWqHNEyndMt5hIly1/Rmc=,txrrdiABCUf5jWFF6zJ+YZ8p2BA=
-8,9,PXfgBp/erZwGrPSAW4hB/WGhps8=,xzf+t1UPsyfT/vRkO4NUOty4ozA=
-11,7,m+Iuw1wFKPWTLjx23jcOipW1tII=,QDTTpgH5SCgCJYKc9rOYtrlyG48=
-10,9,wscvjYoWqHNEyndMt5hIly1/Rmc=,txrrdiABCUf5jWFF6zJ+YZ8p2BA=
-10,10,l9CSFWNQ6+1G758X9ak7xjhts8k=,GtoIKUpA/9XW0S0ig61g09TPOtg=
-11,10,wscvjYoWqHNEyndMt5hIly1/Rmc=,DZoEJ78cWZ3cKjfzm6KWHcMsVtU=
-10,8,m+Iuw1wFKPWTLjx23jcOipW1tII=,txrrdiABCUf5jWFF6zJ+YZ8p2BA=
-11,8,m+Iuw1wFKPWTLjx23jcOipW1tII=,j5yO1OqMscfLKu1hkzyXJ36a++U=
-11,9,wscvjYoWqHNEyndMt5hIly1/Rmc=,j5yO1OqMscfLKu1hkzyXJ36a++U=
-10,7,m+Iuw1wFKPWTLjx23jcOipW1tII=,P4wHFN9ip9mpMZaGgSA52uXXNfs=
-11,1,l9CSFWNQ6+1G758X9ak7xjhts8k=,OWEK/RjSsk8YcHPCngEQogyNdcw=
-11,2,RthJgL0iDyQ/QW67TwW+/dDqBYs=,+wHI4Ws90NuRxGoMtHkpe4NqFcg=
-10,1,RthJgL0iDyQ/QW67TwW+/dDqBYs=,F2HmmBNmaY4++cBrL/S/RMTl8zE=
-10,2,RthJgL0iDyQ/QW67TwW+/dDqBYs=,lQtdd5d5aPSBl0SdVSNhY+kMiMs=
-8,2,UIEqkYLziC6N3TZQmQiK3L/BQY0=,D6deWvDIBlYt+bLS6+7ucRvtH8A=
-8,1,l9CSFWNQ6+1G758X9ak7xjhts8k=,VJnGKz7X/eOo4HVxUppgW0ywuMc=
-9,2,RthJgL0iDyQ/QW67TwW+/dDqBYs=,lQtdd5d5aPSBl0SdVSNhY+kMiMs=
-9,1,RthJgL0iDyQ/QW67TwW+/dDqBYs=,F2HmmBNmaY4++cBrL/S/RMTl8zE=
-9,6,4se0JIoFIct0qkcr5fnHr5QuZLs=,P4wHFN9ip9mpMZaGgSA52uXXNfs=
-9,4,RthJgL0iDyQ/QW67TwW+/dDqBYs=,HGPeZC8X09Ht6iIPU/uscHUlzI4=
-9,3,RthJgL0iDyQ/QW67TwW+/dDqBYs=,lQtdd5d5aPSBl0SdVSNhY+kMiMs=
-8,3,GdWQOo0a2tZ1xTETrUlEz/WgzeQ=,D6deWvDIBlYt+bLS6+7ucRvtH8A=
-8,4,GdWQOo0a2tZ1xTETrUlEz/WgzeQ=,ff0fwrqCj41I/c/IhafSwax7Fjw=
-8,5,GdWQOo0a2tZ1xTETrUlEz/WgzeQ=,ff0fwrqCj41I/c/IhafSwax7Fjw=
-8,6,GdWQOo0a2tZ1xTETrUlEz/WgzeQ=,pDq1ZX134YVSXGmtMQMjhLhGebg=
-9,5,4se0JIoFIct0qkcr5fnHr5QuZLs=,HGPeZC8X09Ht6iIPU/uscHUlzI4=
-6,6,PXfgBp/erZwGrPSAW4hB/WGhps8=,VesoduUbBcYG7iOl/KZLPRAkUfc=
-7,6,MafPUGV4MnspCUPV5evXsZvEFoY=,pDq1ZX134YVSXGmtMQMjhLhGebg=
-7,5,MafPUGV4MnspCUPV5evXsZvEFoY=,ff0fwrqCj41I/c/IhafSwax7Fjw=
-6,5,PXfgBp/erZwGrPSAW4hB/WGhps8=,y5eg2djhbasNutpsghiqZ/0vhlM=
-6,3,M6fpLaF2Pgye8uGEFTe/YV404ys=,54LDOST+wwE6rgcfGT2MR9p5G2E=
-7,4,V1zgboiRx15BvH+OYvhOQoB03a0=,ff0fwrqCj41I/c/IhafSwax7Fjw=
-6,4,M6fpLaF2Pgye8uGEFTe/YV404ys=,y5eg2djhbasNutpsghiqZ/0vhlM=
-7,3,V1zgboiRx15BvH+OYvhOQoB03a0=,D6deWvDIBlYt+bLS6+7ucRvtH8A=
-4,6,PXfgBp/erZwGrPSAW4hB/WGhps8=,C38ET0dkH9IAzzwZveVQnwlzskg=
-5,6,PXfgBp/erZwGrPSAW4hB/WGhps8=,VesoduUbBcYG7iOl/KZLPRAkUfc=
-4,5,PXfgBp/erZwGrPSAW4hB/WGhps8=,3a4loyaKH65dj6nEIzpbEul1ywk=
-5,5,PXfgBp/erZwGrPSAW4hB/WGhps8=,y5eg2djhbasNutpsghiqZ/0vhlM=
-5,3,M4UOKDb3ilicnENMnRp4o25PuPw=,54LDOST+wwE6rgcfGT2MR9p5G2E=
-5,4,M4UOKDb3ilicnENMnRp4o25PuPw=,y5eg2djhbasNutpsghiqZ/0vhlM=
-4,4,M4UOKDb3ilicnENMnRp4o25PuPw=,3a4loyaKH65dj6nEIzpbEul1ywk=
-4,3,M4UOKDb3ilicnENMnRp4o25PuPw=,etQ1ahEBQrfKaPFAZu0xQsnaG4k=
-2,4,adozhJRmJorYmshKxRx1QdSEAkQ=,diRZhJK2VF8sl+31l0lUdliPa7E=
-2,6,adozhJRmJorYmshKxRx1QdSEAkQ=,dkBar+xPZLHMqJ88FkL36VnXW6g=
-3,6,adozhJRmJorYmshKxRx1QdSEAkQ=,C38ET0dkH9IAzzwZveVQnwlzskg=
-2,3,adozhJRmJorYmshKxRx1QdSEAkQ=,Ah74aW4vOIkr14u6NCGMA5fcekQ=
-3,4,adozhJRmJorYmshKxRx1QdSEAkQ=,3a4loyaKH65dj6nEIzpbEul1ywk=
-3,3,adozhJRmJorYmshKxRx1QdSEAkQ=,etQ1ahEBQrfKaPFAZu0xQsnaG4k=
-2,5,adozhJRmJorYmshKxRx1QdSEAkQ=,diRZhJK2VF8sl+31l0lUdliPa7E=
-3,5,adozhJRmJorYmshKxRx1QdSEAkQ=,3a4loyaKH65dj6nEIzpbEul1ywk=
-11,0,l9CSFWNQ6+1G758X9ak7xjhts8k=,OWEK/RjSsk8YcHPCngEQogyNdcw=
-9,0,RthJgL0iDyQ/QW67TwW+/dDqBYs=,F2HmmBNmaY4++cBrL/S/RMTl8zE=
-8,0,l9CSFWNQ6+1G758X9ak7xjhts8k=,VJnGKz7X/eOo4HVxUppgW0ywuMc=
-10,0,RthJgL0iDyQ/QW67TwW+/dDqBYs=,F2HmmBNmaY4++cBrL/S/RMTl8zE=
-1,4,xStYjFo1iDayR/M7cGI9nmOmxSQ=,diRZhJK2VF8sl+31l0lUdliPa7E=
-1,3,xStYjFo1iDayR/M7cGI9nmOmxSQ=,Ah74aW4vOIkr14u6NCGMA5fcekQ=
-1,6,xStYjFo1iDayR/M7cGI9nmOmxSQ=,dkBar+xPZLHMqJ88FkL36VnXW6g=
-1,5,xStYjFo1iDayR/M7cGI9nmOmxSQ=,diRZhJK2VF8sl+31l0lUdliPa7E=
-1,11,RthJgL0iDyQ/QW67TwW+/dDqBYs=,Zf/5NFB0hAEsosQQZt1Rhb9fxc4=
-12,12,v3Dcg7ncj2y8SYEASvLd/CpcKII=,REFXhp5jICB9Grq8cumI0Ywe8gs=
-12,11,XTjDeItIIl5cC9ABxD7p0naKstg=,DZoEJ78cWZ3cKjfzm6KWHcMsVtU=
-1,8,xStYjFo1iDayR/M7cGI9nmOmxSQ=,qBKEYl63llCkvn2+LNVVQUhKHbQ=
-11,11,XTjDeItIIl5cC9ABxD7p0naKstg=,DZoEJ78cWZ3cKjfzm6KWHcMsVtU=
-10,11,WgX6rhqKWcCVRK19uvYcMlUWLn8=,GtoIKUpA/9XW0S0ig61g09TPOtg=
-11,12,WgX6rhqKWcCVRK19uvYcMlUWLn8=,REFXhp5jICB9Grq8cumI0Ywe8gs=
-12,5,7illsL0WsUHdMhHKhRubSmRbRIo=,JPPDEKr2q70IWlfQkLqrNpTiIA8=
-12,6,7illsL0WsUHdMhHKhRubSmRbRIo=,QDTTpgH5SCgCJYKc9rOYtrlyG48=
-3,11,l9CSFWNQ6+1G758X9ak7xjhts8k=,AGIVNk8Ds6XLiBj9nFrwQnUYCk4=
-2,11,XE9Aak7KJ8muLxxpJ1QH1nsGxfQ=,Zf/5NFB0hAEsosQQZt1Rhb9fxc4=
-4,11,Ci71Hc7jgZLpYB5VNRN9a1RX0ck=,AGIVNk8Ds6XLiBj9nFrwQnUYCk4=
-5,11,Ci71Hc7jgZLpYB5VNRN9a1RX0ck=,uVVe4Ljf3VEvD66WVAA1ApZ8Mao=
-12,13,WgX6rhqKWcCVRK19uvYcMlUWLn8=,REFXhp5jICB9Grq8cumI0Ywe8gs=
-13,8,7illsL0WsUHdMhHKhRubSmRbRIo=,ALmorMh43ie/svdOhr4wV0WmS44=
-13,9,xBti4JcoVos2RzQ5Tna8BxgywzA=,ALmorMh43ie/svdOhr4wV0WmS44=
-12,8,7illsL0WsUHdMhHKhRubSmRbRIo=,j5yO1OqMscfLKu1hkzyXJ36a++U=
-12,7,7illsL0WsUHdMhHKhRubSmRbRIo=,QDTTpgH5SCgCJYKc9rOYtrlyG48=
-12,9,xBti4JcoVos2RzQ5Tna8BxgywzA=,j5yO1OqMscfLKu1hkzyXJ36a++U=
-12,10,xBti4JcoVos2RzQ5Tna8BxgywzA=,DZoEJ78cWZ3cKjfzm6KWHcMsVtU=
-7,11,LfWF84W/WlHfIladGvHh6c0FXCQ=,PIpmMcI34zbujEasVuX7Vys8lDA=
-9,11,WgX6rhqKWcCVRK19uvYcMlUWLn8=,GtoIKUpA/9XW0S0ig61g09TPOtg=
-6,11,LfWF84W/WlHfIladGvHh6c0FXCQ=,uVVe4Ljf3VEvD66WVAA1ApZ8Mao=
-8,11,WgX6rhqKWcCVRK19uvYcMlUWLn8=,PIpmMcI34zbujEasVuX7Vys8lDA=
-12,2,m+Iuw1wFKPWTLjx23jcOipW1tII=,+wHI4Ws90NuRxGoMtHkpe4NqFcg=
-12,1,l9CSFWNQ6+1G758X9ak7xjhts8k=,OWEK/RjSsk8YcHPCngEQogyNdcw=
-12,3,7illsL0WsUHdMhHKhRubSmRbRIo=,+wHI4Ws90NuRxGoMtHkpe4NqFcg=
-12,4,7illsL0WsUHdMhHKhRubSmRbRIo=,JPPDEKr2q70IWlfQkLqrNpTiIA8=
-12,0,l9CSFWNQ6+1G758X9ak7xjhts8k=,OWEK/RjSsk8YcHPCngEQogyNdcw=
-14,9,xBti4JcoVos2RzQ5Tna8BxgywzA=,ALmorMh43ie/svdOhr4wV0WmS44=
-11,13,FH5W+BLO/xQTea5rBdCHwvYzi7U=,REFXhp5jICB9Grq8cumI0Ywe8gs=
-14,8,66JidC251VW9qDc+hAfDSAYQpzI=,ALmorMh43ie/svdOhr4wV0WmS44=
-1,10,RthJgL0iDyQ/QW67TwW+/dDqBYs=,Zf/5NFB0hAEsosQQZt1Rhb9fxc4=
-1,9,l9CSFWNQ6+1G758X9ak7xjhts8k=,qBKEYl63llCkvn2+LNVVQUhKHbQ=
-2,0,v3Dcg7ncj2y8SYEASvLd/CpcKII=,jFRoeWjVBiZOh+SZOW8iiGb+fQs=
-1,7,xStYjFo1iDayR/M7cGI9nmOmxSQ=,dkBar+xPZLHMqJ88FkL36VnXW6g=
-1,1,v3Dcg7ncj2y8SYEASvLd/CpcKII=,jFRoeWjVBiZOh+SZOW8iiGb+fQs=
-2,2,v3Dcg7ncj2y8SYEASvLd/CpcKII=,Ah74aW4vOIkr14u6NCGMA5fcekQ=
-1,0,v3Dcg7ncj2y8SYEASvLd/CpcKII=,jFRoeWjVBiZOh+SZOW8iiGb+fQs=
-3,1,v3Dcg7ncj2y8SYEASvLd/CpcKII=,G4iV8hrAq1qWOTlzxUg6jZZvnGk=
-1,2,v3Dcg7ncj2y8SYEASvLd/CpcKII=,Ah74aW4vOIkr14u6NCGMA5fcekQ=
-3,2,v3Dcg7ncj2y8SYEASvLd/CpcKII=,etQ1ahEBQrfKaPFAZu0xQsnaG4k=
-2,1,v3Dcg7ncj2y8SYEASvLd/CpcKII=,jFRoeWjVBiZOh+SZOW8iiGb+fQs=
-3,0,v3Dcg7ncj2y8SYEASvLd/CpcKII=,G4iV8hrAq1qWOTlzxUg6jZZvnGk=
-4,0,xStYjFo1iDayR/M7cGI9nmOmxSQ=,G4iV8hrAq1qWOTlzxUg6jZZvnGk=
-7,1,xStYjFo1iDayR/M7cGI9nmOmxSQ=,VJnGKz7X/eOo4HVxUppgW0ywuMc=
-5,1,YEssIGeTfb2vioMiXs2MSfzgce8=,OwW+6oUqPtWFi6bhyceKe11LjNU=
-6,1,O3z//eHOQ0uB4RrVCrb6e6nbcJ0=,OwW+6oUqPtWFi6bhyceKe11LjNU=
-7,0,xStYjFo1iDayR/M7cGI9nmOmxSQ=,VJnGKz7X/eOo4HVxUppgW0ywuMc=
-4,1,xStYjFo1iDayR/M7cGI9nmOmxSQ=,G4iV8hrAq1qWOTlzxUg6jZZvnGk=
-4,2,xStYjFo1iDayR/M7cGI9nmOmxSQ=,etQ1ahEBQrfKaPFAZu0xQsnaG4k=
-6,2,xStYjFo1iDayR/M7cGI9nmOmxSQ=,54LDOST+wwE6rgcfGT2MR9p5G2E=
-6,0,O3z//eHOQ0uB4RrVCrb6e6nbcJ0=,OwW+6oUqPtWFi6bhyceKe11LjNU=
-5,0,oCaV2MjBJT1uEBt2uyOmLNu5l1A=,OwW+6oUqPtWFi6bhyceKe11LjNU=
-5,2,xStYjFo1iDayR/M7cGI9nmOmxSQ=,54LDOST+wwE6rgcfGT2MR9p5G2E=
-7,2,uoMFw5n3/ITTc1ZQWQkMQjbi2l8=,D6deWvDIBlYt+bLS6+7ucRvtH8A=
-4,12,Ci71Hc7jgZLpYB5VNRN9a1RX0ck=,IzF3K2Li7s79RNk/Vs8AbCQ8HH0=
-5,12,Ci71Hc7jgZLpYB5VNRN9a1RX0ck=,soxP8IkmvtZq0s6rSWu1OibJXQU=
-5,14,FH5W+BLO/xQTea5rBdCHwvYzi7U=,WdVJaLqybVbXNPLrX/Eatv1E1hg=
-3,12,l9CSFWNQ6+1G758X9ak7xjhts8k=,IzF3K2Li7s79RNk/Vs8AbCQ8HH0=
-4,13,FH5W+BLO/xQTea5rBdCHwvYzi7U=,IzF3K2Li7s79RNk/Vs8AbCQ8HH0=
-2,12,XE9Aak7KJ8muLxxpJ1QH1nsGxfQ=,E1Z926lvwXBGUhYSRACNE/IohbY=
-5,13,FH5W+BLO/xQTea5rBdCHwvYzi7U=,soxP8IkmvtZq0s6rSWu1OibJXQU=
-4,14,FH5W+BLO/xQTea5rBdCHwvYzi7U=,lMzpxpEtrhqfOTF3DWyQKMhIOLc=
-2,14,SVlwCQ9gh7tYd8/V1dY8FC8fqmk=,3IGECumwE2TLmDB73+eNhj3IVZ4=
-2,13,XE9Aak7KJ8muLxxpJ1QH1nsGxfQ=,E1Z926lvwXBGUhYSRACNE/IohbY=
-3,13,v3Dcg7ncj2y8SYEASvLd/CpcKII=,IzF3K2Li7s79RNk/Vs8AbCQ8HH0=
-3,14,v3Dcg7ncj2y8SYEASvLd/CpcKII=,lMzpxpEtrhqfOTF3DWyQKMhIOLc=
-7,12,LfWF84W/WlHfIladGvHh6c0FXCQ=,ujy4rNW6X/iti88PdvNzaDRR3Ps=
-7,14,koEp4Y6djbZfyzTMFGlU2F9kRCI=,PVxDKdTVjXHuJVXkNyuGmz9KgGM=
-7,13,koEp4Y6djbZfyzTMFGlU2F9kRCI=,ujy4rNW6X/iti88PdvNzaDRR3Ps=
-6,12,LfWF84W/WlHfIladGvHh6c0FXCQ=,soxP8IkmvtZq0s6rSWu1OibJXQU=
-6,14,koEp4Y6djbZfyzTMFGlU2F9kRCI=,WdVJaLqybVbXNPLrX/Eatv1E1hg=
-6,13,koEp4Y6djbZfyzTMFGlU2F9kRCI=,soxP8IkmvtZq0s6rSWu1OibJXQU=
-8,12,WgX6rhqKWcCVRK19uvYcMlUWLn8=,ujy4rNW6X/iti88PdvNzaDRR3Ps=
-9,12,WgX6rhqKWcCVRK19uvYcMlUWLn8=,1CUGH1FUYidfBsRb0rJA30TUMMc=
-13,10,xBti4JcoVos2RzQ5Tna8BxgywzA=,ssVWmLjanSyqvOi8qL+tc2PAWAI=
-14,10,xBti4JcoVos2RzQ5Tna8BxgywzA=,ssVWmLjanSyqvOi8qL+tc2PAWAI=
-15,9,iuW+acP7qe1bPuNPbxRVKQzGLIE=,g8gbmo9M4qPxGGaK2hAB7RVV8i0=
-15,10,iuW+acP7qe1bPuNPbxRVKQzGLIE=,zg4WD83uQ4r5CkHH61cMy2/x2F0=
-15,11,xbZhyUXjxXvUxJCrf7KuBZh2hbE=,zg4WD83uQ4r5CkHH61cMy2/x2F0=
-15,12,xbZhyUXjxXvUxJCrf7KuBZh2hbE=,pWci3QcgZX8uUWLDdVbZiWTCM0o=
-14,12,swX98MaclF6RcWcU/l4njE6IjFY=,5KoXHD3xTgCr1mgmT26N7Mmuq9I=
-14,11,swX98MaclF6RcWcU/l4njE6IjFY=,ssVWmLjanSyqvOi8qL+tc2PAWAI=
-15,7,5VWdSZUwMjrlsXFHQwDSxjoHXUM=,OkXxOcP48bSpbd5a7V/fARWg/50=
-15,8,5VWdSZUwMjrlsXFHQwDSxjoHXUM=,g8gbmo9M4qPxGGaK2hAB7RVV8i0=
-14,7,66JidC251VW9qDc+hAfDSAYQpzI=,aXkwPTN0GlCLQPiNzpBfqRWbg2E=
-15,5,5VWdSZUwMjrlsXFHQwDSxjoHXUM=,f9hBhNq7jWj0mhlx3T936IKlCAc=
-15,6,5VWdSZUwMjrlsXFHQwDSxjoHXUM=,OkXxOcP48bSpbd5a7V/fARWg/50=
-14,5,66JidC251VW9qDc+hAfDSAYQpzI=,W41y4lAK1CxgZPX51o95KvvnOU8=
-14,6,66JidC251VW9qDc+hAfDSAYQpzI=,aXkwPTN0GlCLQPiNzpBfqRWbg2E=
-14,3,nkFRuV0FhxJE+w+fdw6IwEKYis0=,SfJd+4ZqaES30AJjUWtZiVYoZqA=
-15,4,5VWdSZUwMjrlsXFHQwDSxjoHXUM=,f9hBhNq7jWj0mhlx3T936IKlCAc=
-15,3,5VWdSZUwMjrlsXFHQwDSxjoHXUM=,gNZnby3Oa6h9D9WRI793woB1yE4=
-14,4,nkFRuV0FhxJE+w+fdw6IwEKYis0=,W41y4lAK1CxgZPX51o95KvvnOU8=
-13,4,7illsL0WsUHdMhHKhRubSmRbRIo=,W41y4lAK1CxgZPX51o95KvvnOU8=
-13,3,7illsL0WsUHdMhHKhRubSmRbRIo=,SfJd+4ZqaES30AJjUWtZiVYoZqA=
-13,6,7illsL0WsUHdMhHKhRubSmRbRIo=,aXkwPTN0GlCLQPiNzpBfqRWbg2E=
-13,7,7illsL0WsUHdMhHKhRubSmRbRIo=,aXkwPTN0GlCLQPiNzpBfqRWbg2E=
-13,5,7illsL0WsUHdMhHKhRubSmRbRIo=,W41y4lAK1CxgZPX51o95KvvnOU8=
-13,2,m+Iuw1wFKPWTLjx23jcOipW1tII=,SfJd+4ZqaES30AJjUWtZiVYoZqA=
-13,1,m+Iuw1wFKPWTLjx23jcOipW1tII=,luWRJSThTZbQsd76o/oaa8eQXf4=
-13,0,m+Iuw1wFKPWTLjx23jcOipW1tII=,luWRJSThTZbQsd76o/oaa8eQXf4=
-15,0,SVlwCQ9gh7tYd8/V1dY8FC8fqmk=,fUOMHo471IXnuMRj5DpHtTq132o=
-16,1,SVlwCQ9gh7tYd8/V1dY8FC8fqmk=,fUOMHo471IXnuMRj5DpHtTq132o=
-15,1,5VWdSZUwMjrlsXFHQwDSxjoHXUM=,fUOMHo471IXnuMRj5DpHtTq132o=
-15,2,5VWdSZUwMjrlsXFHQwDSxjoHXUM=,gNZnby3Oa6h9D9WRI793woB1yE4=
-14,0,RthJgL0iDyQ/QW67TwW+/dDqBYs=,luWRJSThTZbQsd76o/oaa8eQXf4=
-14,1,RthJgL0iDyQ/QW67TwW+/dDqBYs=,luWRJSThTZbQsd76o/oaa8eQXf4=
-16,2,SVlwCQ9gh7tYd8/V1dY8FC8fqmk=,gNZnby3Oa6h9D9WRI793woB1yE4=
-14,2,RthJgL0iDyQ/QW67TwW+/dDqBYs=,SfJd+4ZqaES30AJjUWtZiVYoZqA=
-1,12,RthJgL0iDyQ/QW67TwW+/dDqBYs=,E1Z926lvwXBGUhYSRACNE/IohbY=
-2,15,SVlwCQ9gh7tYd8/V1dY8FC8fqmk=,3IGECumwE2TLmDB73+eNhj3IVZ4=
-1,14,SVlwCQ9gh7tYd8/V1dY8FC8fqmk=,3IGECumwE2TLmDB73+eNhj3IVZ4=
-1,15,SVlwCQ9gh7tYd8/V1dY8FC8fqmk=,3IGECumwE2TLmDB73+eNhj3IVZ4=
-3,15,v3Dcg7ncj2y8SYEASvLd/CpcKII=,lMzpxpEtrhqfOTF3DWyQKMhIOLc=
-1,13,RthJgL0iDyQ/QW67TwW+/dDqBYs=,E1Z926lvwXBGUhYSRACNE/IohbY=
-4,15,v3Dcg7ncj2y8SYEASvLd/CpcKII=,lMzpxpEtrhqfOTF3DWyQKMhIOLc=
-5,15,v3Dcg7ncj2y8SYEASvLd/CpcKII=,WdVJaLqybVbXNPLrX/Eatv1E1hg=
-6,15,v3Dcg7ncj2y8SYEASvLd/CpcKII=,WdVJaLqybVbXNPLrX/Eatv1E1hg=
-7,15,v3Dcg7ncj2y8SYEASvLd/CpcKII=,PVxDKdTVjXHuJVXkNyuGmz9KgGM=
-9,14,FH5W+BLO/xQTea5rBdCHwvYzi7U=,9pZNsuoJh3yQSgd3Ii9Vma+Il9I=
-8,14,FH5W+BLO/xQTea5rBdCHwvYzi7U=,PVxDKdTVjXHuJVXkNyuGmz9KgGM=
-8,13,FH5W+BLO/xQTea5rBdCHwvYzi7U=,ujy4rNW6X/iti88PdvNzaDRR3Ps=
-9,13,FH5W+BLO/xQTea5rBdCHwvYzi7U=,1CUGH1FUYidfBsRb0rJA30TUMMc=
-11,15,v3Dcg7ncj2y8SYEASvLd/CpcKII=,4BQQ2SCItRxFiQoruwU0gtsESSg=
-10,15,v3Dcg7ncj2y8SYEASvLd/CpcKII=,9pZNsuoJh3yQSgd3Ii9Vma+Il9I=
-9,15,v3Dcg7ncj2y8SYEASvLd/CpcKII=,9pZNsuoJh3yQSgd3Ii9Vma+Il9I=
-8,15,v3Dcg7ncj2y8SYEASvLd/CpcKII=,PVxDKdTVjXHuJVXkNyuGmz9KgGM=
-16,12,SVlwCQ9gh7tYd8/V1dY8FC8fqmk=,pWci3QcgZX8uUWLDdVbZiWTCM0o=
-16,11,SVlwCQ9gh7tYd8/V1dY8FC8fqmk=,zg4WD83uQ4r5CkHH61cMy2/x2F0=
-16,9,SVlwCQ9gh7tYd8/V1dY8FC8fqmk=,g8gbmo9M4qPxGGaK2hAB7RVV8i0=
-16,10,SVlwCQ9gh7tYd8/V1dY8FC8fqmk=,zg4WD83uQ4r5CkHH61cMy2/x2F0=
-16,7,SVlwCQ9gh7tYd8/V1dY8FC8fqmk=,OkXxOcP48bSpbd5a7V/fARWg/50=
-16,8,SVlwCQ9gh7tYd8/V1dY8FC8fqmk=,g8gbmo9M4qPxGGaK2hAB7RVV8i0=
-16,3,SVlwCQ9gh7tYd8/V1dY8FC8fqmk=,gNZnby3Oa6h9D9WRI793woB1yE4=
-16,4,SVlwCQ9gh7tYd8/V1dY8FC8fqmk=,f9hBhNq7jWj0mhlx3T936IKlCAc=
-16,5,SVlwCQ9gh7tYd8/V1dY8FC8fqmk=,f9hBhNq7jWj0mhlx3T936IKlCAc=
-16,6,SVlwCQ9gh7tYd8/V1dY8FC8fqmk=,OkXxOcP48bSpbd5a7V/fARWg/50=
-11,14,FH5W+BLO/xQTea5rBdCHwvYzi7U=,4BQQ2SCItRxFiQoruwU0gtsESSg=
-16,0,1jBSoAy14xdLvUiwtrvJePwoQW8=,fUOMHo471IXnuMRj5DpHtTq132o=
-10,12,WgX6rhqKWcCVRK19uvYcMlUWLn8=,1CUGH1FUYidfBsRb0rJA30TUMMc=
-10,14,FH5W+BLO/xQTea5rBdCHwvYzi7U=,9pZNsuoJh3yQSgd3Ii9Vma+Il9I=
-10,13,FH5W+BLO/xQTea5rBdCHwvYzi7U=,1CUGH1FUYidfBsRb0rJA30TUMMc=
-13,12,XTjDeItIIl5cC9ABxD7p0naKstg=,5KoXHD3xTgCr1mgmT26N7Mmuq9I=
-13,11,XTjDeItIIl5cC9ABxD7p0naKstg=,ssVWmLjanSyqvOi8qL+tc2PAWAI=
-12,14,WgX6rhqKWcCVRK19uvYcMlUWLn8=,4BQQ2SCItRxFiQoruwU0gtsESSg=
-12,15,v3Dcg7ncj2y8SYEASvLd/CpcKII=,4BQQ2SCItRxFiQoruwU0gtsESSg=
-13,13,XTjDeItIIl5cC9ABxD7p0naKstg=,5KoXHD3xTgCr1mgmT26N7Mmuq9I=
-13,14,WgX6rhqKWcCVRK19uvYcMlUWLn8=,ZJm0PuTMp8h5nsSoFSvL3CpAj24=
-13,15,v3Dcg7ncj2y8SYEASvLd/CpcKII=,ZJm0PuTMp8h5nsSoFSvL3CpAj24=
-16,15,1jBSoAy14xdLvUiwtrvJePwoQW8=,KDMuCZ5pHf+BWdn2Te5Gt+M6Vp0=
-16,13,SVlwCQ9gh7tYd8/V1dY8FC8fqmk=,pWci3QcgZX8uUWLDdVbZiWTCM0o=
-16,14,SVlwCQ9gh7tYd8/V1dY8FC8fqmk=,KDMuCZ5pHf+BWdn2Te5Gt+M6Vp0=
-15,13,9M6UXKep3VbG1JSytNeWywTy47Y=,pWci3QcgZX8uUWLDdVbZiWTCM0o=
-14,13,XTjDeItIIl5cC9ABxD7p0naKstg=,5KoXHD3xTgCr1mgmT26N7Mmuq9I=
-15,14,9M6UXKep3VbG1JSytNeWywTy47Y=,KDMuCZ5pHf+BWdn2Te5Gt+M6Vp0=
-14,14,l9CSFWNQ6+1G758X9ak7xjhts8k=,ZJm0PuTMp8h5nsSoFSvL3CpAj24=
-14,15,l9CSFWNQ6+1G758X9ak7xjhts8k=,ZJm0PuTMp8h5nsSoFSvL3CpAj24=
-15,15,SVlwCQ9gh7tYd8/V1dY8FC8fqmk=,KDMuCZ5pHf+BWdn2Te5Gt+M6Vp0=
-19,2,u/KgGin78RX1jBnAHodnB/jKMNs=,LVvJW/xUO8/xFPIc1eQUyLAlBuM=
-18,2,xBvkzE6P/YFUffZVCoTfaMfJFrg=,UuaGZSatALL+lL8RsEdB88lc/54=
-18,1,xBvkzE6P/YFUffZVCoTfaMfJFrg=,xHpTbkNtPciX0B6nOoblQ1C0GY8=
-19,1,u/KgGin78RX1jBnAHodnB/jKMNs=,pYU/vsaLedf2aZT2YiTw2X5hTC4=
-19,3,V7XlAIF1N/hUgIIG11oY+qN0jRM=,LVvJW/xUO8/xFPIc1eQUyLAlBuM=
-19,4,V7XlAIF1N/hUgIIG11oY+qN0jRM=,KBuMbQ7orDC/xA5ly4lvxSJ088c=
-18,4,1+5PjTS04U5y21VkMTy7WL3FGjg=,R/Vpp4dc5pEU4KXI+Xq5dCmZYTY=
-18,3,1+5PjTS04U5y21VkMTy7WL3FGjg=,UuaGZSatALL+lL8RsEdB88lc/54=
-18,6,1+5PjTS04U5y21VkMTy7WL3FGjg=,lUbxp0vP0g6V4jaLQR9TVYYk8HU=
-19,6,V7XlAIF1N/hUgIIG11oY+qN0jRM=,JozAUqMku55B0k7N7tAalkwQMUQ=
-18,5,1+5PjTS04U5y21VkMTy7WL3FGjg=,R/Vpp4dc5pEU4KXI+Xq5dCmZYTY=
-19,5,V7XlAIF1N/hUgIIG11oY+qN0jRM=,KBuMbQ7orDC/xA5ly4lvxSJ088c=
-19,8,V7XlAIF1N/hUgIIG11oY+qN0jRM=,7cHl0xxrVNodig+4yJfJzdcEe6s=
-18,7,JyaVY2RAAb1PO9dX/VG0Fx0wi5Y=,lUbxp0vP0g6V4jaLQR9TVYYk8HU=
-18,8,JyaVY2RAAb1PO9dX/VG0Fx0wi5Y=,MW9QpeB4MHaSeXEtaGvTnvvqwp4=
-19,7,V7XlAIF1N/hUgIIG11oY+qN0jRM=,JozAUqMku55B0k7N7tAalkwQMUQ=
-19,9,x+iUxL2PgZfA7+ObEarcAVnOuo4=,7cHl0xxrVNodig+4yJfJzdcEe6s=
-19,10,x+iUxL2PgZfA7+ObEarcAVnOuo4=,eyIrOEYcnnMCYPzCmJwA9kmEXT4=
-18,10,JyaVY2RAAb1PO9dX/VG0Fx0wi5Y=,L3EEGlK2FdVVEk/40BBPy3ZiE20=
-18,9,JyaVY2RAAb1PO9dX/VG0Fx0wi5Y=,MW9QpeB4MHaSeXEtaGvTnvvqwp4=
-17,10,WPuWydPizeQtkdsfYLtL11y69TU=,L3EEGlK2FdVVEk/40BBPy3ZiE20=
-17,9,WPuWydPizeQtkdsfYLtL11y69TU=,MW9QpeB4MHaSeXEtaGvTnvvqwp4=
-17,7,WPuWydPizeQtkdsfYLtL11y69TU=,lUbxp0vP0g6V4jaLQR9TVYYk8HU=
-17,8,WPuWydPizeQtkdsfYLtL11y69TU=,MW9QpeB4MHaSeXEtaGvTnvvqwp4=
-17,5,WPuWydPizeQtkdsfYLtL11y69TU=,R/Vpp4dc5pEU4KXI+Xq5dCmZYTY=
-17,6,WPuWydPizeQtkdsfYLtL11y69TU=,lUbxp0vP0g6V4jaLQR9TVYYk8HU=
-17,4,WPuWydPizeQtkdsfYLtL11y69TU=,R/Vpp4dc5pEU4KXI+Xq5dCmZYTY=
-17,3,WPuWydPizeQtkdsfYLtL11y69TU=,UuaGZSatALL+lL8RsEdB88lc/54=
-17,2,WPuWydPizeQtkdsfYLtL11y69TU=,UuaGZSatALL+lL8RsEdB88lc/54=
-19,12,x+iUxL2PgZfA7+ObEarcAVnOuo4=,s0qaDuJV9sVv+poKfYU7keTo14o=
-18,12,WPuWydPizeQtkdsfYLtL11y69TU=,Cjfj7JirnrjhN5batJTAqwmx5kc=
-17,11,WPuWydPizeQtkdsfYLtL11y69TU=,L3EEGlK2FdVVEk/40BBPy3ZiE20=
-19,11,x+iUxL2PgZfA7+ObEarcAVnOuo4=,eyIrOEYcnnMCYPzCmJwA9kmEXT4=
-18,11,WPuWydPizeQtkdsfYLtL11y69TU=,L3EEGlK2FdVVEk/40BBPy3ZiE20=
-17,12,WPuWydPizeQtkdsfYLtL11y69TU=,Cjfj7JirnrjhN5batJTAqwmx5kc=
-17,1,WPuWydPizeQtkdsfYLtL11y69TU=,xHpTbkNtPciX0B6nOoblQ1C0GY8=
-18,0,WPuWydPizeQtkdsfYLtL11y69TU=,xHpTbkNtPciX0B6nOoblQ1C0GY8=
-19,0,u/KgGin78RX1jBnAHodnB/jKMNs=,pYU/vsaLedf2aZT2YiTw2X5hTC4=
-17,0,WPuWydPizeQtkdsfYLtL11y69TU=,xHpTbkNtPciX0B6nOoblQ1C0GY8=
-19,13,x+iUxL2PgZfA7+ObEarcAVnOuo4=,s0qaDuJV9sVv+poKfYU7keTo14o=
-19,14,PpsWBLX49Bf4eICyBVfTgOBF7NU=,QIHk0O+Qb8QQ5aNGeg4pXTW22Gc=
-17,15,WPuWydPizeQtkdsfYLtL11y69TU=,CdPpmtgOKIQStyzkFpbp2zBxewE=
-18,14,WPuWydPizeQtkdsfYLtL11y69TU=,CdPpmtgOKIQStyzkFpbp2zBxewE=
-18,15,WPuWydPizeQtkdsfYLtL11y69TU=,CdPpmtgOKIQStyzkFpbp2zBxewE=
-17,14,WPuWydPizeQtkdsfYLtL11y69TU=,CdPpmtgOKIQStyzkFpbp2zBxewE=
-19,15,PpsWBLX49Bf4eICyBVfTgOBF7NU=,QIHk0O+Qb8QQ5aNGeg4pXTW22Gc=
-17,13,WPuWydPizeQtkdsfYLtL11y69TU=,Cjfj7JirnrjhN5batJTAqwmx5kc=
-18,13,WPuWydPizeQtkdsfYLtL11y69TU=,Cjfj7JirnrjhN5batJTAqwmx5kc=
-18,18,rZ85448PEtIr9gMmNgAYd25qXvo=,0gkjDLYVzxw894rq/hlHx6MZbkg=
-18,17,KGGgd38dDENCm/0dqAVhkmS5ZDQ=,F7r6haRqFEB3uzwYuTz613D7gnU=
-19,18,OicamD7D7G1FJmQ1Db8AjNIqLq0=,gNOHLiiCYAjR4A3RtI/WCxN2ZYE=
-17,17,KGGgd38dDENCm/0dqAVhkmS5ZDQ=,F7r6haRqFEB3uzwYuTz613D7gnU=
-17,18,rZ85448PEtIr9gMmNgAYd25qXvo=,0gkjDLYVzxw894rq/hlHx6MZbkg=
-17,16,KGGgd38dDENCm/0dqAVhkmS5ZDQ=,F7r6haRqFEB3uzwYuTz613D7gnU=
-18,16,KGGgd38dDENCm/0dqAVhkmS5ZDQ=,F7r6haRqFEB3uzwYuTz613D7gnU=
-19,17,OicamD7D7G1FJmQ1Db8AjNIqLq0=,Vg4aAsNYkYgS8XQs7Aq+zG3TZns=
-19,16,OicamD7D7G1FJmQ1Db8AjNIqLq0=,Vg4aAsNYkYgS8XQs7Aq+zG3TZns=
-2,18,+4dkl/52tHFSkBuJwVQV2AObRPw=,LEx9nygegefiipsXlWerXRFiVU0=
-3,18,376xOnxNSl/x67oEKuHNlzgTUtc=,f+Fz8qRY6VSNnyYrPuU141NYoY4=
-2,17,I8Z2QDmq5HHxQfByedw05zDiZBk=,QFvU8ZTDl9NRCVksCsZoxgQsgMA=
-3,17,376xOnxNSl/x67oEKuHNlzgTUtc=,qbt92c+roHtV/VQS54swqaMD7+4=
-4,18,zCRGVdWs8n3zLwXQcCLvOjFwZ9s=,f+Fz8qRY6VSNnyYrPuU141NYoY4=
-5,17,zCRGVdWs8n3zLwXQcCLvOjFwZ9s=,r57FIBxrYl2P513Rwm8SzMJ4+bs=
-4,17,zCRGVdWs8n3zLwXQcCLvOjFwZ9s=,qbt92c+roHtV/VQS54swqaMD7+4=
-5,18,zCRGVdWs8n3zLwXQcCLvOjFwZ9s=,a10B5RzeMZf0524sFYgucstaM6I=
-6,18,m3ncofdcwF5m1v3mSGJI16aLrfg=,a10B5RzeMZf0524sFYgucstaM6I=
-7,18,m3ncofdcwF5m1v3mSGJI16aLrfg=,0+3cF3w+nMDwGWnIfYnkaIZici0=
-7,17,m3ncofdcwF5m1v3mSGJI16aLrfg=,WwYMkWRZO1bXGfrpUNXz6oLxcLQ=
-6,17,m3ncofdcwF5m1v3mSGJI16aLrfg=,r57FIBxrYl2P513Rwm8SzMJ4+bs=
-9,17,p1ytHSeMouIt+HNIBTh4dop6n18=,V8Y+1SsV1XyurLXm8EmeHwtmKvk=
-8,17,p1ytHSeMouIt+HNIBTh4dop6n18=,WwYMkWRZO1bXGfrpUNXz6oLxcLQ=
-9,18,p1ytHSeMouIt+HNIBTh4dop6n18=,EQPitFTv5N+CyPikFUTXS+MMV08=
-8,18,p1ytHSeMouIt+HNIBTh4dop6n18=,0+3cF3w+nMDwGWnIfYnkaIZici0=
-10,17,k3LgyoxitKTn6zvCBSLBPyZlLHo=,V8Y+1SsV1XyurLXm8EmeHwtmKvk=
-11,17,k3LgyoxitKTn6zvCBSLBPyZlLHo=,kvDeqan97aUvX5QqR0qDF1ck/Kc=
-11,18,+4dkl/52tHFSkBuJwVQV2AObRPw=,h/pSCMCoeIhschDn1hlPZC0F0QU=
-10,18,k3LgyoxitKTn6zvCBSLBPyZlLHo=,EQPitFTv5N+CyPikFUTXS+MMV08=
-11,16,KuOf/hF+J6bZ9x4xpi57GAT7XNs=,kvDeqan97aUvX5QqR0qDF1ck/Kc=
-10,16,KuOf/hF+J6bZ9x4xpi57GAT7XNs=,V8Y+1SsV1XyurLXm8EmeHwtmKvk=
-8,16,KuOf/hF+J6bZ9x4xpi57GAT7XNs=,WwYMkWRZO1bXGfrpUNXz6oLxcLQ=
-9,16,KuOf/hF+J6bZ9x4xpi57GAT7XNs=,V8Y+1SsV1XyurLXm8EmeHwtmKvk=
-6,16,376xOnxNSl/x67oEKuHNlzgTUtc=,r57FIBxrYl2P513Rwm8SzMJ4+bs=
-7,16,376xOnxNSl/x67oEKuHNlzgTUtc=,WwYMkWRZO1bXGfrpUNXz6oLxcLQ=
-3,16,KuOf/hF+J6bZ9x4xpi57GAT7XNs=,qbt92c+roHtV/VQS54swqaMD7+4=
-4,16,376xOnxNSl/x67oEKuHNlzgTUtc=,qbt92c+roHtV/VQS54swqaMD7+4=
-2,16,GrSWvKc0WQ+6KgLFTbA+o903teM=,QFvU8ZTDl9NRCVksCsZoxgQsgMA=
-5,16,376xOnxNSl/x67oEKuHNlzgTUtc=,r57FIBxrYl2P513Rwm8SzMJ4+bs=
-1,18,+4dkl/52tHFSkBuJwVQV2AObRPw=,LEx9nygegefiipsXlWerXRFiVU0=
-1,16,GrSWvKc0WQ+6KgLFTbA+o903teM=,QFvU8ZTDl9NRCVksCsZoxgQsgMA=
-1,17,GrSWvKc0WQ+6KgLFTbA+o903teM=,QFvU8ZTDl9NRCVksCsZoxgQsgMA=
-12,16,KuOf/hF+J6bZ9x4xpi57GAT7XNs=,kvDeqan97aUvX5QqR0qDF1ck/Kc=
-13,17,k3LgyoxitKTn6zvCBSLBPyZlLHo=,AUf9VmfugykR0jv1sUD9yQQATpo=
-12,17,k3LgyoxitKTn6zvCBSLBPyZlLHo=,kvDeqan97aUvX5QqR0qDF1ck/Kc=
-13,16,KuOf/hF+J6bZ9x4xpi57GAT7XNs=,AUf9VmfugykR0jv1sUD9yQQATpo=
-13,18,k3LgyoxitKTn6zvCBSLBPyZlLHo=,MZzhyzRChJaq3515iRh9pOWQEoQ=
-12,18,+4dkl/52tHFSkBuJwVQV2AObRPw=,h/pSCMCoeIhschDn1hlPZC0F0QU=
-14,18,Kz5EGQ5HrUxJChMJ/nmAY8uBi4E=,MZzhyzRChJaq3515iRh9pOWQEoQ=
-14,17,Kz5EGQ5HrUxJChMJ/nmAY8uBi4E=,AUf9VmfugykR0jv1sUD9yQQATpo=
-15,16,KuOf/hF+J6bZ9x4xpi57GAT7XNs=,JP3zP83nTkJvuW7WFM3WbkPvxb0=
-16,18,KuOf/hF+J6bZ9x4xpi57GAT7XNs=,+y1oVdKN94ApcQighpyW5LmnZJ8=
-15,18,Kz5EGQ5HrUxJChMJ/nmAY8uBi4E=,+y1oVdKN94ApcQighpyW5LmnZJ8=
-14,16,KuOf/hF+J6bZ9x4xpi57GAT7XNs=,AUf9VmfugykR0jv1sUD9yQQATpo=
-15,17,Kz5EGQ5HrUxJChMJ/nmAY8uBi4E=,JP3zP83nTkJvuW7WFM3WbkPvxb0=
-16,16,KuOf/hF+J6bZ9x4xpi57GAT7XNs=,JP3zP83nTkJvuW7WFM3WbkPvxb0=
-16,17,KuOf/hF+J6bZ9x4xpi57GAT7XNs=,JP3zP83nTkJvuW7WFM3WbkPvxb0=
-22,7,F3bL5/OD32dYxqEhXCWip+yOLCA=,78MevfqX29G+CybW1De8L8OOgZM=
-22,8,PpsWBLX49Bf4eICyBVfTgOBF7NU=,DFYuSO2ng1I6zxNTthxzmtmEo6Y=
-20,7,0iZKkVXi+GCp8fyIAVx9tjCkpbA=,JozAUqMku55B0k7N7tAalkwQMUQ=
-21,7,5e9PgDwFKJrKpntnOfFTkNMoog4=,78MevfqX29G+CybW1De8L8OOgZM=
-20,8,0iZKkVXi+GCp8fyIAVx9tjCkpbA=,7cHl0xxrVNodig+4yJfJzdcEe6s=
-21,8,PpsWBLX49Bf4eICyBVfTgOBF7NU=,DFYuSO2ng1I6zxNTthxzmtmEo6Y=
-22,6,SjgKyD1CGj7HXG0kkbVV0ZeWPm4=,78MevfqX29G+CybW1De8L8OOgZM=
-22,5,SjgKyD1CGj7HXG0kkbVV0ZeWPm4=,wf3cwlI6g1fjIi2zHQCX37eeddk=
-22,4,SjgKyD1CGj7HXG0kkbVV0ZeWPm4=,wf3cwlI6g1fjIi2zHQCX37eeddk=
-22,3,SjgKyD1CGj7HXG0kkbVV0ZeWPm4=,mWcPEsDZWzTp5eRgxXM2g6s4HWE=
-20,3,V7XlAIF1N/hUgIIG11oY+qN0jRM=,LVvJW/xUO8/xFPIc1eQUyLAlBuM=
-20,4,V7XlAIF1N/hUgIIG11oY+qN0jRM=,KBuMbQ7orDC/xA5ly4lvxSJ088c=
-20,5,V7XlAIF1N/hUgIIG11oY+qN0jRM=,KBuMbQ7orDC/xA5ly4lvxSJ088c=
-20,6,V7XlAIF1N/hUgIIG11oY+qN0jRM=,JozAUqMku55B0k7N7tAalkwQMUQ=
-21,5,5e9PgDwFKJrKpntnOfFTkNMoog4=,wf3cwlI6g1fjIi2zHQCX37eeddk=
-21,4,5e9PgDwFKJrKpntnOfFTkNMoog4=,wf3cwlI6g1fjIi2zHQCX37eeddk=
-21,3,5e9PgDwFKJrKpntnOfFTkNMoog4=,mWcPEsDZWzTp5eRgxXM2g6s4HWE=
-21,6,5e9PgDwFKJrKpntnOfFTkNMoog4=,78MevfqX29G+CybW1De8L8OOgZM=
-22,1,PpsWBLX49Bf4eICyBVfTgOBF7NU=,eaP5+zRj3PNVP2lQgsVyG4gh9ng=
-22,2,5e9PgDwFKJrKpntnOfFTkNMoog4=,mWcPEsDZWzTp5eRgxXM2g6s4HWE=
-22,0,PpsWBLX49Bf4eICyBVfTgOBF7NU=,eaP5+zRj3PNVP2lQgsVyG4gh9ng=
-20,1,u/KgGin78RX1jBnAHodnB/jKMNs=,pYU/vsaLedf2aZT2YiTw2X5hTC4=
-21,0,PpsWBLX49Bf4eICyBVfTgOBF7NU=,eaP5+zRj3PNVP2lQgsVyG4gh9ng=
-20,0,u/KgGin78RX1jBnAHodnB/jKMNs=,pYU/vsaLedf2aZT2YiTw2X5hTC4=
-21,1,3o77A+ZYhHdg6EkN89Guv4mp9wA=,eaP5+zRj3PNVP2lQgsVyG4gh9ng=
-20,2,u/KgGin78RX1jBnAHodnB/jKMNs=,LVvJW/xUO8/xFPIc1eQUyLAlBuM=
-21,2,5e9PgDwFKJrKpntnOfFTkNMoog4=,mWcPEsDZWzTp5eRgxXM2g6s4HWE=
-22,10,ynDNA6/g2lovVH1OWXS2dqILW14=,vGo84T4R632Ob3T/HMUre5/fgbs=
-22,9,PpsWBLX49Bf4eICyBVfTgOBF7NU=,DFYuSO2ng1I6zxNTthxzmtmEo6Y=
-21,10,5e9PgDwFKJrKpntnOfFTkNMoog4=,vGo84T4R632Ob3T/HMUre5/fgbs=
-21,9,PpsWBLX49Bf4eICyBVfTgOBF7NU=,DFYuSO2ng1I6zxNTthxzmtmEo6Y=
-20,9,nmiNmHpjt0CFspxiYfsmA5FVGWY=,7cHl0xxrVNodig+4yJfJzdcEe6s=
-20,10,nmiNmHpjt0CFspxiYfsmA5FVGWY=,eyIrOEYcnnMCYPzCmJwA9kmEXT4=
-22,11,xhOi+/o14BW4EdPqW1tCOR9fAt8=,vGo84T4R632Ob3T/HMUre5/fgbs=
-22,12,xhOi+/o14BW4EdPqW1tCOR9fAt8=,cQYWBWTtkON0TqkC6lUcbsp58Fs=
-20,11,x+iUxL2PgZfA7+ObEarcAVnOuo4=,eyIrOEYcnnMCYPzCmJwA9kmEXT4=
-21,12,+i9DubRxTdfy7K7cWUY47HEUxNg=,cQYWBWTtkON0TqkC6lUcbsp58Fs=
-20,12,x+iUxL2PgZfA7+ObEarcAVnOuo4=,s0qaDuJV9sVv+poKfYU7keTo14o=
-21,11,+i9DubRxTdfy7K7cWUY47HEUxNg=,vGo84T4R632Ob3T/HMUre5/fgbs=
-22,13,KDmzSa6XqqLewynPZLsFB1LpCbU=,cQYWBWTtkON0TqkC6lUcbsp58Fs=
-22,15,KDmzSa6XqqLewynPZLsFB1LpCbU=,vwE0Dm8xkfCa96JWsxBgvQBox9c=
-22,14,KDmzSa6XqqLewynPZLsFB1LpCbU=,vwE0Dm8xkfCa96JWsxBgvQBox9c=
-21,15,jx2uQwqnMkh0YP6DhODmniVS0Os=,vwE0Dm8xkfCa96JWsxBgvQBox9c=
-20,15,PpsWBLX49Bf4eICyBVfTgOBF7NU=,QIHk0O+Qb8QQ5aNGeg4pXTW22Gc=
-21,14,+i9DubRxTdfy7K7cWUY47HEUxNg=,vwE0Dm8xkfCa96JWsxBgvQBox9c=
-21,13,+i9DubRxTdfy7K7cWUY47HEUxNg=,cQYWBWTtkON0TqkC6lUcbsp58Fs=
-20,14,PpsWBLX49Bf4eICyBVfTgOBF7NU=,QIHk0O+Qb8QQ5aNGeg4pXTW22Gc=
-20,13,ctDQljcNXDF+8pmratDXXa7FZH8=,s0qaDuJV9sVv+poKfYU7keTo14o=
-22,21,t36hPy8AOH197fve0YVPUxUP/C8=,mtp3g65p/2iZFMxAyjJ22hBBrHs=
-21,21,wcWPcJ77QcFIV6/HdZwhWip1UJU=,mtp3g65p/2iZFMxAyjJ22hBBrHs=
-22,19,XRarr+9P5sFuUpnNTp3FsYLq5bI=,2XGeKEzGCVLXvd50HT3BQwBkfP0=
-20,21,O/4eyYONCTg6WVhpXwyMLR72zFk=,gPv+NVIGmnG1vAV2a5VceqGnTlE=
-22,20,XRarr+9P5sFuUpnNTp3FsYLq5bI=,mtp3g65p/2iZFMxAyjJ22hBBrHs=
-20,19,Id/kg59GNQzvh43+9KVfsfxZi70=,gNOHLiiCYAjR4A3RtI/WCxN2ZYE=
-21,19,XRarr+9P5sFuUpnNTp3FsYLq5bI=,2XGeKEzGCVLXvd50HT3BQwBkfP0=
-21,20,XRarr+9P5sFuUpnNTp3FsYLq5bI=,mtp3g65p/2iZFMxAyjJ22hBBrHs=
-20,20,rZ85448PEtIr9gMmNgAYd25qXvo=,gPv+NVIGmnG1vAV2a5VceqGnTlE=
-22,17,rZ85448PEtIr9gMmNgAYd25qXvo=,t7bg54qiJNd9INN5dfBJKCrpGfU=
-21,18,zT2bRO53c5zz8rkl9k59BUh9B9I=,2XGeKEzGCVLXvd50HT3BQwBkfP0=
-22,18,zT2bRO53c5zz8rkl9k59BUh9B9I=,2XGeKEzGCVLXvd50HT3BQwBkfP0=
-20,18,OicamD7D7G1FJmQ1Db8AjNIqLq0=,gNOHLiiCYAjR4A3RtI/WCxN2ZYE=
-21,17,rZ85448PEtIr9gMmNgAYd25qXvo=,t7bg54qiJNd9INN5dfBJKCrpGfU=
-20,17,OicamD7D7G1FJmQ1Db8AjNIqLq0=,Vg4aAsNYkYgS8XQs7Aq+zG3TZns=
-22,16,rZ85448PEtIr9gMmNgAYd25qXvo=,t7bg54qiJNd9INN5dfBJKCrpGfU=
-20,16,OicamD7D7G1FJmQ1Db8AjNIqLq0=,Vg4aAsNYkYgS8XQs7Aq+zG3TZns=
-21,16,rZ85448PEtIr9gMmNgAYd25qXvo=,t7bg54qiJNd9INN5dfBJKCrpGfU=
-19,21,3+nRYR6zr5i+YRqSLmCIXQ6n2GU=,gPv+NVIGmnG1vAV2a5VceqGnTlE=
-18,19,rZ85448PEtIr9gMmNgAYd25qXvo=,0gkjDLYVzxw894rq/hlHx6MZbkg=
-18,20,rZ85448PEtIr9gMmNgAYd25qXvo=,V1wMtP/VHzhl46Es3iVybXP+Qbw=
-18,21,3+nRYR6zr5i+YRqSLmCIXQ6n2GU=,V1wMtP/VHzhl46Es3iVybXP+Qbw=
-19,20,rZ85448PEtIr9gMmNgAYd25qXvo=,gPv+NVIGmnG1vAV2a5VceqGnTlE=
-19,19,OicamD7D7G1FJmQ1Db8AjNIqLq0=,gNOHLiiCYAjR4A3RtI/WCxN2ZYE=
-17,21,O/4eyYONCTg6WVhpXwyMLR72zFk=,V1wMtP/VHzhl46Es3iVybXP+Qbw=
-17,19,rZ85448PEtIr9gMmNgAYd25qXvo=,0gkjDLYVzxw894rq/hlHx6MZbkg=
-17,20,rZ85448PEtIr9gMmNgAYd25qXvo=,V1wMtP/VHzhl46Es3iVybXP+Qbw=
-2,21,2oU1ND/tsfcYjDpfkciBNN1lld4=,r9LscZfM3EHCWLofIJMTeab6jew=
-3,21,376xOnxNSl/x67oEKuHNlzgTUtc=,nasXJKxAUEFyE010Yf5vcvKn4s8=
-2,19,0xmQtS7BQQfNF9mzUyKmefq5Cuo=,LEx9nygegefiipsXlWerXRFiVU0=
-3,19,376xOnxNSl/x67oEKuHNlzgTUtc=,f+Fz8qRY6VSNnyYrPuU141NYoY4=
-3,20,376xOnxNSl/x67oEKuHNlzgTUtc=,nasXJKxAUEFyE010Yf5vcvKn4s8=
-2,20,QolQU2MUau1mzobFdD5Sd/kIjwU=,r9LscZfM3EHCWLofIJMTeab6jew=
-4,21,376xOnxNSl/x67oEKuHNlzgTUtc=,nasXJKxAUEFyE010Yf5vcvKn4s8=
-4,19,376xOnxNSl/x67oEKuHNlzgTUtc=,f+Fz8qRY6VSNnyYrPuU141NYoY4=
-5,19,376xOnxNSl/x67oEKuHNlzgTUtc=,a10B5RzeMZf0524sFYgucstaM6I=
-4,20,376xOnxNSl/x67oEKuHNlzgTUtc=,nasXJKxAUEFyE010Yf5vcvKn4s8=
-5,21,ZlpPlFgUy1GhsKb8/fMCyrrJlOc=,Y9n4pUgPETpsgLiby0mdM/kdGQI=
-5,20,QolQU2MUau1mzobFdD5Sd/kIjwU=,Y9n4pUgPETpsgLiby0mdM/kdGQI=
-6,20,QolQU2MUau1mzobFdD5Sd/kIjwU=,Y9n4pUgPETpsgLiby0mdM/kdGQI=
-6,19,KuOf/hF+J6bZ9x4xpi57GAT7XNs=,a10B5RzeMZf0524sFYgucstaM6I=
-7,20,QolQU2MUau1mzobFdD5Sd/kIjwU=,8T0IyCZZG7kYcCmlvi8LPOpx7+o=
-6,21,lflMhOuUXgf5qYg1n0OwGE0J6jY=,Y9n4pUgPETpsgLiby0mdM/kdGQI=
-7,21,lflMhOuUXgf5qYg1n0OwGE0J6jY=,8T0IyCZZG7kYcCmlvi8LPOpx7+o=
-7,19,KuOf/hF+J6bZ9x4xpi57GAT7XNs=,0+3cF3w+nMDwGWnIfYnkaIZici0=
-8,21,hw7KtVQUSbs3HxTaFOcg9NwX+vo=,8T0IyCZZG7kYcCmlvi8LPOpx7+o=
-9,21,hw7KtVQUSbs3HxTaFOcg9NwX+vo=,Ur98lMEulSQ5Adhh2S6RDjjkXuc=
-8,19,KuOf/hF+J6bZ9x4xpi57GAT7XNs=,0+3cF3w+nMDwGWnIfYnkaIZici0=
-8,20,QolQU2MUau1mzobFdD5Sd/kIjwU=,8T0IyCZZG7kYcCmlvi8LPOpx7+o=
-9,20,QolQU2MUau1mzobFdD5Sd/kIjwU=,Ur98lMEulSQ5Adhh2S6RDjjkXuc=
-9,19,KuOf/hF+J6bZ9x4xpi57GAT7XNs=,EQPitFTv5N+CyPikFUTXS+MMV08=
-11,20,n3BExfUrXBFjAD1H/gCYaTNzhXk=,OXlIqgoi+W+ReqLoi6fdo3dNZFQ=
-10,19,KuOf/hF+J6bZ9x4xpi57GAT7XNs=,EQPitFTv5N+CyPikFUTXS+MMV08=
-11,21,yi0FA0zxX7tijwD363poJg+wCPs=,OXlIqgoi+W+ReqLoi6fdo3dNZFQ=
-10,21,yi0FA0zxX7tijwD363poJg+wCPs=,Ur98lMEulSQ5Adhh2S6RDjjkXuc=
-10,20,n3BExfUrXBFjAD1H/gCYaTNzhXk=,Ur98lMEulSQ5Adhh2S6RDjjkXuc=
-11,19,pm9KyP2FwnL47dZ83+JD8oileDw=,h/pSCMCoeIhschDn1hlPZC0F0QU=
-12,21,UWZc6WUqpMJuo1rlaY7zn4sxX8g=,OXlIqgoi+W+ReqLoi6fdo3dNZFQ=
-13,21,UWZc6WUqpMJuo1rlaY7zn4sxX8g=,n0IRKJtNJq5wAZVfl+/ZYjO0/P0=
-13,19,KuOf/hF+J6bZ9x4xpi57GAT7XNs=,MZzhyzRChJaq3515iRh9pOWQEoQ=
-12,19,+4dkl/52tHFSkBuJwVQV2AObRPw=,h/pSCMCoeIhschDn1hlPZC0F0QU=
-12,20,n3BExfUrXBFjAD1H/gCYaTNzhXk=,OXlIqgoi+W+ReqLoi6fdo3dNZFQ=
-13,20,n3BExfUrXBFjAD1H/gCYaTNzhXk=,n0IRKJtNJq5wAZVfl+/ZYjO0/P0=
-14,21,SrML/bqkgWjOkLZQpxHmC85ffeI=,n0IRKJtNJq5wAZVfl+/ZYjO0/P0=
-16,21,KuOf/hF+J6bZ9x4xpi57GAT7XNs=,WS7FeZCApBLAq4bMngDYUZ9XF+c=
-15,21,EROs1SWP4SYYFLQAaAdSrnUzehs=,WS7FeZCApBLAq4bMngDYUZ9XF+c=
-15,20,Kz5EGQ5HrUxJChMJ/nmAY8uBi4E=,WS7FeZCApBLAq4bMngDYUZ9XF+c=
-15,19,Kz5EGQ5HrUxJChMJ/nmAY8uBi4E=,+y1oVdKN94ApcQighpyW5LmnZJ8=
-16,20,Kz5EGQ5HrUxJChMJ/nmAY8uBi4E=,WS7FeZCApBLAq4bMngDYUZ9XF+c=
-14,19,Kz5EGQ5HrUxJChMJ/nmAY8uBi4E=,MZzhyzRChJaq3515iRh9pOWQEoQ=
-14,20,n3BExfUrXBFjAD1H/gCYaTNzhXk=,n0IRKJtNJq5wAZVfl+/ZYjO0/P0=
-1,19,+4dkl/52tHFSkBuJwVQV2AObRPw=,LEx9nygegefiipsXlWerXRFiVU0=
-1,21,QolQU2MUau1mzobFdD5Sd/kIjwU=,r9LscZfM3EHCWLofIJMTeab6jew=
-1,20,QolQU2MUau1mzobFdD5Sd/kIjwU=,r9LscZfM3EHCWLofIJMTeab6jew=
-16,19,Kz5EGQ5HrUxJChMJ/nmAY8uBi4E=,+y1oVdKN94ApcQighpyW5LmnZJ8=
-23,12,xhOi+/o14BW4EdPqW1tCOR9fAt8=,+Qw+C8jsAGf9p6FawSM0U0g8ITs=
-23,11,xhOi+/o14BW4EdPqW1tCOR9fAt8=,w1kipcHVhwImf/+DNTz164v2am0=
-25,12,3o77A+ZYhHdg6EkN89Guv4mp9wA=,nJ/x3+ReatUyJqMkxa0JeWwUePM=
-24,12,xhOi+/o14BW4EdPqW1tCOR9fAt8=,+Qw+C8jsAGf9p6FawSM0U0g8ITs=
-25,11,3o77A+ZYhHdg6EkN89Guv4mp9wA=,1b1QDoJECcCvhBpqj2qba0Cnx6M=
-24,11,xhOi+/o14BW4EdPqW1tCOR9fAt8=,w1kipcHVhwImf/+DNTz164v2am0=
-24,13,KDmzSa6XqqLewynPZLsFB1LpCbU=,+Qw+C8jsAGf9p6FawSM0U0g8ITs=
-24,14,KDmzSa6XqqLewynPZLsFB1LpCbU=,qohzC86oL+BvYg1+zqACLUKdGRE=
-25,14,3o77A+ZYhHdg6EkN89Guv4mp9wA=,0FZm8v/PgqwUhsCiCeFqfx3JmIs=
-25,13,3o77A+ZYhHdg6EkN89Guv4mp9wA=,nJ/x3+ReatUyJqMkxa0JeWwUePM=
-23,15,KDmzSa6XqqLewynPZLsFB1LpCbU=,qohzC86oL+BvYg1+zqACLUKdGRE=
-23,13,KDmzSa6XqqLewynPZLsFB1LpCbU=,+Qw+C8jsAGf9p6FawSM0U0g8ITs=
-23,14,KDmzSa6XqqLewynPZLsFB1LpCbU=,qohzC86oL+BvYg1+zqACLUKdGRE=
-23,10,ynDNA6/g2lovVH1OWXS2dqILW14=,w1kipcHVhwImf/+DNTz164v2am0=
-23,9,ynDNA6/g2lovVH1OWXS2dqILW14=,whiTEZFeZbkRQsQDqh0BorzOJDA=
-24,9,F3bL5/OD32dYxqEhXCWip+yOLCA=,whiTEZFeZbkRQsQDqh0BorzOJDA=
-25,9,3o77A+ZYhHdg6EkN89Guv4mp9wA=,ODKY9aWt5hIrsU32wNXDjA+55Qc=
-25,8,PpsWBLX49Bf4eICyBVfTgOBF7NU=,ODKY9aWt5hIrsU32wNXDjA+55Qc=
-25,7,PpsWBLX49Bf4eICyBVfTgOBF7NU=,CCpczmhCia2+UD50H7FLItX4Vl8=
-24,7,F3bL5/OD32dYxqEhXCWip+yOLCA=,Bfp2QMrqO3b/vIn+OHkXhvny1mc=
-24,8,F3bL5/OD32dYxqEhXCWip+yOLCA=,whiTEZFeZbkRQsQDqh0BorzOJDA=
-24,10,F3bL5/OD32dYxqEhXCWip+yOLCA=,w1kipcHVhwImf/+DNTz164v2am0=
-25,10,3o77A+ZYhHdg6EkN89Guv4mp9wA=,1b1QDoJECcCvhBpqj2qba0Cnx6M=
-23,8,F3bL5/OD32dYxqEhXCWip+yOLCA=,whiTEZFeZbkRQsQDqh0BorzOJDA=
-23,7,F3bL5/OD32dYxqEhXCWip+yOLCA=,Bfp2QMrqO3b/vIn+OHkXhvny1mc=
-23,6,SjgKyD1CGj7HXG0kkbVV0ZeWPm4=,Bfp2QMrqO3b/vIn+OHkXhvny1mc=
-23,5,SjgKyD1CGj7HXG0kkbVV0ZeWPm4=,dWJwwyj3/GybC8+WK1tq8/7VzIg=
-23,4,SjgKyD1CGj7HXG0kkbVV0ZeWPm4=,dWJwwyj3/GybC8+WK1tq8/7VzIg=
-23,3,SjgKyD1CGj7HXG0kkbVV0ZeWPm4=,bBEKoyA+UERleA5PtcA2fnHXSPo=
-24,15,5e9PgDwFKJrKpntnOfFTkNMoog4=,qohzC86oL+BvYg1+zqACLUKdGRE=
-25,15,3o77A+ZYhHdg6EkN89Guv4mp9wA=,0FZm8v/PgqwUhsCiCeFqfx3JmIs=
-24,2,5e9PgDwFKJrKpntnOfFTkNMoog4=,bBEKoyA+UERleA5PtcA2fnHXSPo=
-24,1,5e9PgDwFKJrKpntnOfFTkNMoog4=,otOsbHs8oXjrHoPl0cI8yo4sznM=
-24,0,5e9PgDwFKJrKpntnOfFTkNMoog4=,otOsbHs8oXjrHoPl0cI8yo4sznM=
-25,1,PpsWBLX49Bf4eICyBVfTgOBF7NU=,CcArTr406fMHdZ5aVkc8A2tvvBU=
-25,2,PpsWBLX49Bf4eICyBVfTgOBF7NU=,p/EV7jqln6N9UCc9+mjglP+jg8k=
-25,0,PpsWBLX49Bf4eICyBVfTgOBF7NU=,CcArTr406fMHdZ5aVkc8A2tvvBU=
-23,2,5e9PgDwFKJrKpntnOfFTkNMoog4=,bBEKoyA+UERleA5PtcA2fnHXSPo=
-23,1,5e9PgDwFKJrKpntnOfFTkNMoog4=,otOsbHs8oXjrHoPl0cI8yo4sznM=
-23,0,5e9PgDwFKJrKpntnOfFTkNMoog4=,otOsbHs8oXjrHoPl0cI8yo4sznM=
-25,6,PpsWBLX49Bf4eICyBVfTgOBF7NU=,CCpczmhCia2+UD50H7FLItX4Vl8=
-25,5,PpsWBLX49Bf4eICyBVfTgOBF7NU=,0ISOAq77SRopQKDsoCeyeT0Y39U=
-24,6,+fNORL8LuVM9aJu0on+gVVioN4o=,Bfp2QMrqO3b/vIn+OHkXhvny1mc=
-24,5,+fNORL8LuVM9aJu0on+gVVioN4o=,dWJwwyj3/GybC8+WK1tq8/7VzIg=
-25,3,PpsWBLX49Bf4eICyBVfTgOBF7NU=,p/EV7jqln6N9UCc9+mjglP+jg8k=
-24,3,+fNORL8LuVM9aJu0on+gVVioN4o=,bBEKoyA+UERleA5PtcA2fnHXSPo=
-24,4,+fNORL8LuVM9aJu0on+gVVioN4o=,dWJwwyj3/GybC8+WK1tq8/7VzIg=
-25,4,PpsWBLX49Bf4eICyBVfTgOBF7NU=,0ISOAq77SRopQKDsoCeyeT0Y39U=
-24,25,YpIXrpNEu+cpRbXPWpWnc6OWiXE=,ACGZ7uOPYt9h0p0Mt3bmSwk+Bog=
-25,25,YpIXrpNEu+cpRbXPWpWnc6OWiXE=,HBY2Wxr4/kxaA7/vnftX2cCFJtY=
-23,22,t36hPy8AOH197fve0YVPUxUP/C8=,QObzgfgsDJVPMg5GnLXbli3yjl4=
-22,22,t36hPy8AOH197fve0YVPUxUP/C8=,gmIDnOBthkQ/sMvKS6I8qlTdOew=
-23,21,t36hPy8AOH197fve0YVPUxUP/C8=,csxStp5AxL74YE1jIZbL2msZ3CM=
-20,22,O/4eyYONCTg6WVhpXwyMLR72zFk=,70KbKdWB+eCdssOaydf7UcD4zKQ=
-21,22,wcWPcJ77QcFIV6/HdZwhWip1UJU=,gmIDnOBthkQ/sMvKS6I8qlTdOew=
-19,25,Zo3yrzl5TKzbVlWDRCYQwc84U7w=,KSv9FDvW0hpSq6ZlbD0TVjmAsMw=
-18,25,Zo3yrzl5TKzbVlWDRCYQwc84U7w=,Rgwa5qmUXLZywPoJjsd2V7nS+ns=
-19,23,Zo3yrzl5TKzbVlWDRCYQwc84U7w=,70KbKdWB+eCdssOaydf7UcD4zKQ=
-18,23,Zo3yrzl5TKzbVlWDRCYQwc84U7w=,csnaN8XGyqtLBc5yudOOAY1b3oo=
-18,24,Zo3yrzl5TKzbVlWDRCYQwc84U7w=,Rgwa5qmUXLZywPoJjsd2V7nS+ns=
-19,24,Zo3yrzl5TKzbVlWDRCYQwc84U7w=,KSv9FDvW0hpSq6ZlbD0TVjmAsMw=
-18,22,3+nRYR6zr5i+YRqSLmCIXQ6n2GU=,csnaN8XGyqtLBc5yudOOAY1b3oo=
-19,22,3+nRYR6zr5i+YRqSLmCIXQ6n2GU=,70KbKdWB+eCdssOaydf7UcD4zKQ=
-23,20,XRarr+9P5sFuUpnNTp3FsYLq5bI=,csxStp5AxL74YE1jIZbL2msZ3CM=
-23,19,XRarr+9P5sFuUpnNTp3FsYLq5bI=,vBferpz/ucb0+aSXpuxLEUAqZYM=
-17,25,O/4eyYONCTg6WVhpXwyMLR72zFk=,Rgwa5qmUXLZywPoJjsd2V7nS+ns=
-17,23,O/4eyYONCTg6WVhpXwyMLR72zFk=,csnaN8XGyqtLBc5yudOOAY1b3oo=
-17,24,O/4eyYONCTg6WVhpXwyMLR72zFk=,Rgwa5qmUXLZywPoJjsd2V7nS+ns=
-17,22,O/4eyYONCTg6WVhpXwyMLR72zFk=,csnaN8XGyqtLBc5yudOOAY1b3oo=
-25,18,VZVzTtPX2UXQUakzdAcDSPI2e1k=,7f+p1khN/STECBGckaBQn0jIWPk=
-25,16,VZVzTtPX2UXQUakzdAcDSPI2e1k=,XjIHhn7GQF9aSQ1ON8fUn184xFM=
-24,17,zT2bRO53c5zz8rkl9k59BUh9B9I=,tLmDOVGpG5wnmtXql9YmYkD0agE=
-25,17,VZVzTtPX2UXQUakzdAcDSPI2e1k=,XjIHhn7GQF9aSQ1ON8fUn184xFM=
-24,16,zT2bRO53c5zz8rkl9k59BUh9B9I=,tLmDOVGpG5wnmtXql9YmYkD0agE=
-24,18,zT2bRO53c5zz8rkl9k59BUh9B9I=,vBferpz/ucb0+aSXpuxLEUAqZYM=
-23,24,O/4eyYONCTg6WVhpXwyMLR72zFk=,ACGZ7uOPYt9h0p0Mt3bmSwk+Bog=
-21,25,O/4eyYONCTg6WVhpXwyMLR72zFk=,A6tF/ZXxLpOKHv6LOmX5jGnMPIs=
-20,24,O/4eyYONCTg6WVhpXwyMLR72zFk=,KSv9FDvW0hpSq6ZlbD0TVjmAsMw=
-22,24,O/4eyYONCTg6WVhpXwyMLR72zFk=,A6tF/ZXxLpOKHv6LOmX5jGnMPIs=
-22,23,zT2bRO53c5zz8rkl9k59BUh9B9I=,gmIDnOBthkQ/sMvKS6I8qlTdOew=
-23,25,O/4eyYONCTg6WVhpXwyMLR72zFk=,ACGZ7uOPYt9h0p0Mt3bmSwk+Bog=
-21,23,zT2bRO53c5zz8rkl9k59BUh9B9I=,gmIDnOBthkQ/sMvKS6I8qlTdOew=
-21,24,O/4eyYONCTg6WVhpXwyMLR72zFk=,A6tF/ZXxLpOKHv6LOmX5jGnMPIs=
-20,25,O/4eyYONCTg6WVhpXwyMLR72zFk=,KSv9FDvW0hpSq6ZlbD0TVjmAsMw=
-20,23,O/4eyYONCTg6WVhpXwyMLR72zFk=,70KbKdWB+eCdssOaydf7UcD4zKQ=
-22,25,O/4eyYONCTg6WVhpXwyMLR72zFk=,A6tF/ZXxLpOKHv6LOmX5jGnMPIs=
-23,23,zT2bRO53c5zz8rkl9k59BUh9B9I=,QObzgfgsDJVPMg5GnLXbli3yjl4=
-24,20,zT2bRO53c5zz8rkl9k59BUh9B9I=,csxStp5AxL74YE1jIZbL2msZ3CM=
-25,19,VZVzTtPX2UXQUakzdAcDSPI2e1k=,7f+p1khN/STECBGckaBQn0jIWPk=
-25,20,VZVzTtPX2UXQUakzdAcDSPI2e1k=,de3se8rhvJgs6aKFWz14vLr2/ww=
-24,19,zT2bRO53c5zz8rkl9k59BUh9B9I=,vBferpz/ucb0+aSXpuxLEUAqZYM=
-23,16,zT2bRO53c5zz8rkl9k59BUh9B9I=,tLmDOVGpG5wnmtXql9YmYkD0agE=
-23,17,zT2bRO53c5zz8rkl9k59BUh9B9I=,tLmDOVGpG5wnmtXql9YmYkD0agE=
-23,18,zT2bRO53c5zz8rkl9k59BUh9B9I=,vBferpz/ucb0+aSXpuxLEUAqZYM=
-24,23,zT2bRO53c5zz8rkl9k59BUh9B9I=,QObzgfgsDJVPMg5GnLXbli3yjl4=
-25,24,VZVzTtPX2UXQUakzdAcDSPI2e1k=,HBY2Wxr4/kxaA7/vnftX2cCFJtY=
-25,21,VZVzTtPX2UXQUakzdAcDSPI2e1k=,de3se8rhvJgs6aKFWz14vLr2/ww=
-24,22,zT2bRO53c5zz8rkl9k59BUh9B9I=,QObzgfgsDJVPMg5GnLXbli3yjl4=
-24,21,zT2bRO53c5zz8rkl9k59BUh9B9I=,csxStp5AxL74YE1jIZbL2msZ3CM=
-24,24,VZVzTtPX2UXQUakzdAcDSPI2e1k=,ACGZ7uOPYt9h0p0Mt3bmSwk+Bog=
-25,23,VZVzTtPX2UXQUakzdAcDSPI2e1k=,sFujGjAfjcncAw0B7Y08PQqngOY=
-25,22,VZVzTtPX2UXQUakzdAcDSPI2e1k=,sFujGjAfjcncAw0B7Y08PQqngOY=
-3,22,376xOnxNSl/x67oEKuHNlzgTUtc=,zsopZJw+70d+vmV3mHhZPJ8DpCA=
-2,22,2oU1ND/tsfcYjDpfkciBNN1lld4=,zurPrHduJUPQDflxVBzCN0ujOVM=
-3,25,NRzHRAGEyMG2XFcz7yDoGPM1vgk=,iNPWWXhTQma8I146mR/Tiad1kq4=
-2,25,NRzHRAGEyMG2XFcz7yDoGPM1vgk=,QEmDeCb0FR1v7caBA2+zRfiSZ2M=
-2,23,5j3nufAy5nHzbjfNPV7mmThRDjA=,zurPrHduJUPQDflxVBzCN0ujOVM=
-3,24,NRzHRAGEyMG2XFcz7yDoGPM1vgk=,iNPWWXhTQma8I146mR/Tiad1kq4=
-2,24,NRzHRAGEyMG2XFcz7yDoGPM1vgk=,QEmDeCb0FR1v7caBA2+zRfiSZ2M=
-3,23,NRzHRAGEyMG2XFcz7yDoGPM1vgk=,zsopZJw+70d+vmV3mHhZPJ8DpCA=
-4,25,yW0u4kc6TYPRjp8lEF19G3GEKks=,iNPWWXhTQma8I146mR/Tiad1kq4=
-5,25,yW0u4kc6TYPRjp8lEF19G3GEKks=,FHyPilT58NLw7wPaSqx8ke2tZqA=
-5,23,w5qMihpWc8qJZdB6U/hlijAqiew=,Wa4VC8ZATI2bdfXn7zOAhZir4Jc=
-4,24,w5qMihpWc8qJZdB6U/hlijAqiew=,iNPWWXhTQma8I146mR/Tiad1kq4=
-4,23,w5qMihpWc8qJZdB6U/hlijAqiew=,zsopZJw+70d+vmV3mHhZPJ8DpCA=
-5,24,w5qMihpWc8qJZdB6U/hlijAqiew=,FHyPilT58NLw7wPaSqx8ke2tZqA=
-6,25,U/Cxm09ThMeHlxTaAV/uFyZwczg=,FHyPilT58NLw7wPaSqx8ke2tZqA=
-7,25,U/Cxm09ThMeHlxTaAV/uFyZwczg=,Jjg/dy/qd4pAfb7H3kpawIjBA2U=
-4,22,376xOnxNSl/x67oEKuHNlzgTUtc=,zsopZJw+70d+vmV3mHhZPJ8DpCA=
-5,22,376xOnxNSl/x67oEKuHNlzgTUtc=,Wa4VC8ZATI2bdfXn7zOAhZir4Jc=
-7,24,LE4fRmbWMRd86mfjCaARazaxIU0=,Jjg/dy/qd4pAfb7H3kpawIjBA2U=
-6,23,LE4fRmbWMRd86mfjCaARazaxIU0=,Wa4VC8ZATI2bdfXn7zOAhZir4Jc=
-6,24,LE4fRmbWMRd86mfjCaARazaxIU0=,FHyPilT58NLw7wPaSqx8ke2tZqA=
-7,23,LE4fRmbWMRd86mfjCaARazaxIU0=,TsAHO1W43S6ZEfCqOvJPfByQ/8Q=
-7,22,KuOf/hF+J6bZ9x4xpi57GAT7XNs=,TsAHO1W43S6ZEfCqOvJPfByQ/8Q=
-6,22,KuOf/hF+J6bZ9x4xpi57GAT7XNs=,Wa4VC8ZATI2bdfXn7zOAhZir4Jc=
-8,22,zmix/iLoOF34h3TSxmpRg7sZ55E=,TsAHO1W43S6ZEfCqOvJPfByQ/8Q=
-9,22,hw7KtVQUSbs3HxTaFOcg9NwX+vo=,DhSXrNdxXsYLcfUISatLmaap/9s=
-11,22,yi0FA0zxX7tijwD363poJg+wCPs=,d6ZKimKq0L5FLktQ126WSj5TkwY=
-10,22,yi0FA0zxX7tijwD363poJg+wCPs=,DhSXrNdxXsYLcfUISatLmaap/9s=
-12,22,UWZc6WUqpMJuo1rlaY7zn4sxX8g=,d6ZKimKq0L5FLktQ126WSj5TkwY=
-13,22,UWZc6WUqpMJuo1rlaY7zn4sxX8g=,+Eq+hzH7jQy/fCFNEnejQcRsMkc=
-14,24,zmix/iLoOF34h3TSxmpRg7sZ55E=,BwJZfWawU3cKfpujvNcRGxOuaUg=
-15,23,SrML/bqkgWjOkLZQpxHmC85ffeI=,O8wr6T2r8kfta4Fyrt1Y9ffZBN0=
-15,24,zmix/iLoOF34h3TSxmpRg7sZ55E=,uNnCMCMHl+2Qm8G+GnsFaUqjs40=
-14,25,zmix/iLoOF34h3TSxmpRg7sZ55E=,BwJZfWawU3cKfpujvNcRGxOuaUg=
-14,23,SrML/bqkgWjOkLZQpxHmC85ffeI=,+Eq+hzH7jQy/fCFNEnejQcRsMkc=
-15,25,zmix/iLoOF34h3TSxmpRg7sZ55E=,uNnCMCMHl+2Qm8G+GnsFaUqjs40=
-12,24,KuOf/hF+J6bZ9x4xpi57GAT7XNs=,8AxGgKBoc3+IwPzRMioeSFZwwEE=
-13,23,SrML/bqkgWjOkLZQpxHmC85ffeI=,+Eq+hzH7jQy/fCFNEnejQcRsMkc=
-13,25,pK5RawVzPxz/qZLaRf7ANBjQ5dc=,BwJZfWawU3cKfpujvNcRGxOuaUg=
-12,23,SrML/bqkgWjOkLZQpxHmC85ffeI=,d6ZKimKq0L5FLktQ126WSj5TkwY=
-13,24,KuOf/hF+J6bZ9x4xpi57GAT7XNs=,BwJZfWawU3cKfpujvNcRGxOuaUg=
-12,25,pK5RawVzPxz/qZLaRf7ANBjQ5dc=,8AxGgKBoc3+IwPzRMioeSFZwwEE=
-14,22,SrML/bqkgWjOkLZQpxHmC85ffeI=,+Eq+hzH7jQy/fCFNEnejQcRsMkc=
-15,22,SrML/bqkgWjOkLZQpxHmC85ffeI=,O8wr6T2r8kfta4Fyrt1Y9ffZBN0=
-8,25,ORIeFqniAIgk8Zy7GjEUd1DKL4c=,Jjg/dy/qd4pAfb7H3kpawIjBA2U=
-9,25,ORIeFqniAIgk8Zy7GjEUd1DKL4c=,xd0IpT9RKr0s96nHxpW5TOWj37o=
-10,25,3bsifCWMeQ5bmP+e1YBpn0ejjFU=,xd0IpT9RKr0s96nHxpW5TOWj37o=
-10,24,zmix/iLoOF34h3TSxmpRg7sZ55E=,xd0IpT9RKr0s96nHxpW5TOWj37o=
-11,25,3bsifCWMeQ5bmP+e1YBpn0ejjFU=,8AxGgKBoc3+IwPzRMioeSFZwwEE=
-9,23,QolQU2MUau1mzobFdD5Sd/kIjwU=,DhSXrNdxXsYLcfUISatLmaap/9s=
-8,24,zmix/iLoOF34h3TSxmpRg7sZ55E=,Jjg/dy/qd4pAfb7H3kpawIjBA2U=
-9,24,zmix/iLoOF34h3TSxmpRg7sZ55E=,xd0IpT9RKr0s96nHxpW5TOWj37o=
-11,23,QolQU2MUau1mzobFdD5Sd/kIjwU=,d6ZKimKq0L5FLktQ126WSj5TkwY=
-8,23,zmix/iLoOF34h3TSxmpRg7sZ55E=,TsAHO1W43S6ZEfCqOvJPfByQ/8Q=
-11,24,zmix/iLoOF34h3TSxmpRg7sZ55E=,8AxGgKBoc3+IwPzRMioeSFZwwEE=
-10,23,QolQU2MUau1mzobFdD5Sd/kIjwU=,DhSXrNdxXsYLcfUISatLmaap/9s=
-1,22,QolQU2MUau1mzobFdD5Sd/kIjwU=,zurPrHduJUPQDflxVBzCN0ujOVM=
-1,25,KuOf/hF+J6bZ9x4xpi57GAT7XNs=,QEmDeCb0FR1v7caBA2+zRfiSZ2M=
-1,23,QolQU2MUau1mzobFdD5Sd/kIjwU=,zurPrHduJUPQDflxVBzCN0ujOVM=
-1,24,KuOf/hF+J6bZ9x4xpi57GAT7XNs=,QEmDeCb0FR1v7caBA2+zRfiSZ2M=
-16,22,QolQU2MUau1mzobFdD5Sd/kIjwU=,O8wr6T2r8kfta4Fyrt1Y9ffZBN0=
-16,25,zmix/iLoOF34h3TSxmpRg7sZ55E=,uNnCMCMHl+2Qm8G+GnsFaUqjs40=
-16,23,QolQU2MUau1mzobFdD5Sd/kIjwU=,O8wr6T2r8kfta4Fyrt1Y9ffZBN0=
-16,24,zmix/iLoOF34h3TSxmpRg7sZ55E=,uNnCMCMHl+2Qm8G+GnsFaUqjs40=
-27,1,/rZMWCplEec3LnSXWFWqdcCzyog=,0oyonj/PbyM41bw+MahKmnMXnBc=
-27,2,/rZMWCplEec3LnSXWFWqdcCzyog=,PkA5p4lstubexhoIhPxbRWoerGQ=
-26,2,/rZMWCplEec3LnSXWFWqdcCzyog=,p/EV7jqln6N9UCc9+mjglP+jg8k=
-26,1,/rZMWCplEec3LnSXWFWqdcCzyog=,CcArTr406fMHdZ5aVkc8A2tvvBU=
-27,4,6BMCxD4aXEeiZ3sDRJLfFLQxaC4=,5dwAtthesEqybRTDmBI0M3ilJQU=
-26,4,6BMCxD4aXEeiZ3sDRJLfFLQxaC4=,0ISOAq77SRopQKDsoCeyeT0Y39U=
-26,3,6BMCxD4aXEeiZ3sDRJLfFLQxaC4=,p/EV7jqln6N9UCc9+mjglP+jg8k=
-27,3,6BMCxD4aXEeiZ3sDRJLfFLQxaC4=,PkA5p4lstubexhoIhPxbRWoerGQ=
-29,6,JmMrxanU6yt7OwOqBEu0LsV/b7M=,on5y1Xle/FO+Jr3eGlkov1JVk/A=
-29,5,JmMrxanU6yt7OwOqBEu0LsV/b7M=,SXuLFPHalixSNPJFD1ASA8rpQXg=
-28,5,JmMrxanU6yt7OwOqBEu0LsV/b7M=,5dwAtthesEqybRTDmBI0M3ilJQU=
-28,6,JmMrxanU6yt7OwOqBEu0LsV/b7M=,OhS+FRZe4cG5CW5zUXAEgbnjDk0=
-26,6,JmMrxanU6yt7OwOqBEu0LsV/b7M=,CCpczmhCia2+UD50H7FLItX4Vl8=
-27,6,JmMrxanU6yt7OwOqBEu0LsV/b7M=,OhS+FRZe4cG5CW5zUXAEgbnjDk0=
-26,5,JmMrxanU6yt7OwOqBEu0LsV/b7M=,0ISOAq77SRopQKDsoCeyeT0Y39U=
-27,5,JmMrxanU6yt7OwOqBEu0LsV/b7M=,5dwAtthesEqybRTDmBI0M3ilJQU=
-26,8,JmMrxanU6yt7OwOqBEu0LsV/b7M=,ODKY9aWt5hIrsU32wNXDjA+55Qc=
-26,7,JmMrxanU6yt7OwOqBEu0LsV/b7M=,CCpczmhCia2+UD50H7FLItX4Vl8=
-27,7,JmMrxanU6yt7OwOqBEu0LsV/b7M=,OhS+FRZe4cG5CW5zUXAEgbnjDk0=
-27,8,JmMrxanU6yt7OwOqBEu0LsV/b7M=,+J730ikn0PZkF+n19XVnAivVJWM=
-26,10,NVeAOtZVkv7EVi2TPrdDcPS5y08=,1b1QDoJECcCvhBpqj2qba0Cnx6M=
-27,9,NVeAOtZVkv7EVi2TPrdDcPS5y08=,+J730ikn0PZkF+n19XVnAivVJWM=
-27,10,NVeAOtZVkv7EVi2TPrdDcPS5y08=,D5mFAcI8t1CFy3hJ5htqLgrM6sE=
-26,9,NVeAOtZVkv7EVi2TPrdDcPS5y08=,ODKY9aWt5hIrsU32wNXDjA+55Qc=
-27,12,G4A2IHCEQ+Z4SvsqtBJ7hHZe8BQ=,j1DCUIN0dO7l9r+59fTa8avHpKE=
-27,11,G4A2IHCEQ+Z4SvsqtBJ7hHZe8BQ=,D5mFAcI8t1CFy3hJ5htqLgrM6sE=
-26,11,G4A2IHCEQ+Z4SvsqtBJ7hHZe8BQ=,1b1QDoJECcCvhBpqj2qba0Cnx6M=
-26,12,G4A2IHCEQ+Z4SvsqtBJ7hHZe8BQ=,nJ/x3+ReatUyJqMkxa0JeWwUePM=
-29,14,3o77A+ZYhHdg6EkN89Guv4mp9wA=,gKMEuwkXyS2c7OyDJhbi1Me2sWo=
-29,13,3o77A+ZYhHdg6EkN89Guv4mp9wA=,prDIzlIeO+s7LX727ICrXM1Nn9w=
-26,13,3o77A+ZYhHdg6EkN89Guv4mp9wA=,nJ/x3+ReatUyJqMkxa0JeWwUePM=
-26,15,3o77A+ZYhHdg6EkN89Guv4mp9wA=,0FZm8v/PgqwUhsCiCeFqfx3JmIs=
-27,13,3o77A+ZYhHdg6EkN89Guv4mp9wA=,j1DCUIN0dO7l9r+59fTa8avHpKE=
-27,15,3o77A+ZYhHdg6EkN89Guv4mp9wA=,Be9Tr5UQdAE6pFvb3yIRYS+l9og=
-28,13,3o77A+ZYhHdg6EkN89Guv4mp9wA=,j1DCUIN0dO7l9r+59fTa8avHpKE=
-27,14,3o77A+ZYhHdg6EkN89Guv4mp9wA=,Be9Tr5UQdAE6pFvb3yIRYS+l9og=
-28,14,3o77A+ZYhHdg6EkN89Guv4mp9wA=,Be9Tr5UQdAE6pFvb3yIRYS+l9og=
-26,14,3o77A+ZYhHdg6EkN89Guv4mp9wA=,0FZm8v/PgqwUhsCiCeFqfx3JmIs=
-29,11,PpsWBLX49Bf4eICyBVfTgOBF7NU=,cmM0wLWxMrSil05nwNxq9Os3Pxg=
-29,12,PpsWBLX49Bf4eICyBVfTgOBF7NU=,prDIzlIeO+s7LX727ICrXM1Nn9w=
-28,11,PpsWBLX49Bf4eICyBVfTgOBF7NU=,D5mFAcI8t1CFy3hJ5htqLgrM6sE=
-28,12,PpsWBLX49Bf4eICyBVfTgOBF7NU=,j1DCUIN0dO7l9r+59fTa8avHpKE=
-29,10,PpsWBLX49Bf4eICyBVfTgOBF7NU=,cmM0wLWxMrSil05nwNxq9Os3Pxg=
-29,7,PpsWBLX49Bf4eICyBVfTgOBF7NU=,on5y1Xle/FO+Jr3eGlkov1JVk/A=
-29,9,PpsWBLX49Bf4eICyBVfTgOBF7NU=,rJoBiFxhd0Wcm8w3vOcFd/8QToE=
-29,15,PpsWBLX49Bf4eICyBVfTgOBF7NU=,gKMEuwkXyS2c7OyDJhbi1Me2sWo=
-29,8,PpsWBLX49Bf4eICyBVfTgOBF7NU=,rJoBiFxhd0Wcm8w3vOcFd/8QToE=
-28,7,PpsWBLX49Bf4eICyBVfTgOBF7NU=,OhS+FRZe4cG5CW5zUXAEgbnjDk0=
-28,10,PpsWBLX49Bf4eICyBVfTgOBF7NU=,D5mFAcI8t1CFy3hJ5htqLgrM6sE=
-28,9,PpsWBLX49Bf4eICyBVfTgOBF7NU=,+J730ikn0PZkF+n19XVnAivVJWM=
-28,8,PpsWBLX49Bf4eICyBVfTgOBF7NU=,+J730ikn0PZkF+n19XVnAivVJWM=
-28,15,PpsWBLX49Bf4eICyBVfTgOBF7NU=,Be9Tr5UQdAE6pFvb3yIRYS+l9og=
-26,0,PpsWBLX49Bf4eICyBVfTgOBF7NU=,CcArTr406fMHdZ5aVkc8A2tvvBU=
-27,0,PpsWBLX49Bf4eICyBVfTgOBF7NU=,0oyonj/PbyM41bw+MahKmnMXnBc=
-29,4,PpsWBLX49Bf4eICyBVfTgOBF7NU=,SXuLFPHalixSNPJFD1ASA8rpQXg=
-29,3,PpsWBLX49Bf4eICyBVfTgOBF7NU=,icX5xsUrHK+0nMaXNENVDXJBFBU=
-29,0,PpsWBLX49Bf4eICyBVfTgOBF7NU=,yEiSo3TXef5U4y3Cxukc6myrqAI=
-29,2,PpsWBLX49Bf4eICyBVfTgOBF7NU=,icX5xsUrHK+0nMaXNENVDXJBFBU=
-29,1,PpsWBLX49Bf4eICyBVfTgOBF7NU=,yEiSo3TXef5U4y3Cxukc6myrqAI=
-28,3,PpsWBLX49Bf4eICyBVfTgOBF7NU=,PkA5p4lstubexhoIhPxbRWoerGQ=
-28,4,PpsWBLX49Bf4eICyBVfTgOBF7NU=,5dwAtthesEqybRTDmBI0M3ilJQU=
-28,1,PpsWBLX49Bf4eICyBVfTgOBF7NU=,0oyonj/PbyM41bw+MahKmnMXnBc=
-28,2,PpsWBLX49Bf4eICyBVfTgOBF7NU=,PkA5p4lstubexhoIhPxbRWoerGQ=
-28,0,PpsWBLX49Bf4eICyBVfTgOBF7NU=,0oyonj/PbyM41bw+MahKmnMXnBc=
-19,26,Zo3yrzl5TKzbVlWDRCYQwc84U7w=,7EKMWiCnIUwU7XJXN9VklnkxCLo=
-18,26,Zo3yrzl5TKzbVlWDRCYQwc84U7w=,3lKEUPEIdb800gBwErwcm9xmnxA=
-25,26,YpIXrpNEu+cpRbXPWpWnc6OWiXE=,cbqcZfsFSyFQrBJCIYNmlSkfP90=
-24,26,YpIXrpNEu+cpRbXPWpWnc6OWiXE=,FvCt8GAmYp8BCQU22Wp7STEscLM=
-26,26,YpIXrpNEu+cpRbXPWpWnc6OWiXE=,cbqcZfsFSyFQrBJCIYNmlSkfP90=
-29,26,YpIXrpNEu+cpRbXPWpWnc6OWiXE=,iBs0NAa7+k1NFOwZAXCyzsykTRc=
-27,25,YpIXrpNEu+cpRbXPWpWnc6OWiXE=,0Ssy+bhmGId79Hq02T7uKg10L8w=
-26,25,YpIXrpNEu+cpRbXPWpWnc6OWiXE=,HBY2Wxr4/kxaA7/vnftX2cCFJtY=
-28,26,YpIXrpNEu+cpRbXPWpWnc6OWiXE=,1VeSYFu/O/2kLTgzlEbAiCanD6k=
-29,25,YpIXrpNEu+cpRbXPWpWnc6OWiXE=,vq3Ht8q3I4Oj0cuxQaYSBEcAEIY=
-28,25,YpIXrpNEu+cpRbXPWpWnc6OWiXE=,0Ssy+bhmGId79Hq02T7uKg10L8w=
-27,26,YpIXrpNEu+cpRbXPWpWnc6OWiXE=,1VeSYFu/O/2kLTgzlEbAiCanD6k=
-27,23,TFCk9pfmxxnh8dJM3ver64nJDxU=,kgfJ4jnlKcFKANFfC3ZNyO24wb8=
-26,23,TFCk9pfmxxnh8dJM3ver64nJDxU=,sFujGjAfjcncAw0B7Y08PQqngOY=
-27,24,TFCk9pfmxxnh8dJM3ver64nJDxU=,0Ssy+bhmGId79Hq02T7uKg10L8w=
-26,24,TFCk9pfmxxnh8dJM3ver64nJDxU=,HBY2Wxr4/kxaA7/vnftX2cCFJtY=
-27,22,TFCk9pfmxxnh8dJM3ver64nJDxU=,kgfJ4jnlKcFKANFfC3ZNyO24wb8=
-27,21,TFCk9pfmxxnh8dJM3ver64nJDxU=,LF++sMk1XCMrQCyh7nppcbU0/WE=
-26,21,TFCk9pfmxxnh8dJM3ver64nJDxU=,de3se8rhvJgs6aKFWz14vLr2/ww=
-26,22,TFCk9pfmxxnh8dJM3ver64nJDxU=,sFujGjAfjcncAw0B7Y08PQqngOY=
-27,19,VZVzTtPX2UXQUakzdAcDSPI2e1k=,Eb8gKZ2cUvM9xoaea7+n0uuzWNw=
-26,20,VZVzTtPX2UXQUakzdAcDSPI2e1k=,de3se8rhvJgs6aKFWz14vLr2/ww=
-27,20,VZVzTtPX2UXQUakzdAcDSPI2e1k=,LF++sMk1XCMrQCyh7nppcbU0/WE=
-26,19,VZVzTtPX2UXQUakzdAcDSPI2e1k=,7f+p1khN/STECBGckaBQn0jIWPk=
-29,16,VZVzTtPX2UXQUakzdAcDSPI2e1k=,T2WjWV77VXVwJoOHmu2CfWG/59c=
-29,18,VZVzTtPX2UXQUakzdAcDSPI2e1k=,zH5T17S4hGnXviXOcvu0RbMR+Ow=
-29,17,VZVzTtPX2UXQUakzdAcDSPI2e1k=,T2WjWV77VXVwJoOHmu2CfWG/59c=
-26,17,VZVzTtPX2UXQUakzdAcDSPI2e1k=,XjIHhn7GQF9aSQ1ON8fUn184xFM=
-27,16,VZVzTtPX2UXQUakzdAcDSPI2e1k=,DAdGFAZFHAevam/FDjWztd+Iqt4=
-27,17,VZVzTtPX2UXQUakzdAcDSPI2e1k=,DAdGFAZFHAevam/FDjWztd+Iqt4=
-26,18,VZVzTtPX2UXQUakzdAcDSPI2e1k=,7f+p1khN/STECBGckaBQn0jIWPk=
-26,16,VZVzTtPX2UXQUakzdAcDSPI2e1k=,XjIHhn7GQF9aSQ1ON8fUn184xFM=
-28,18,VZVzTtPX2UXQUakzdAcDSPI2e1k=,Eb8gKZ2cUvM9xoaea7+n0uuzWNw=
-28,17,VZVzTtPX2UXQUakzdAcDSPI2e1k=,DAdGFAZFHAevam/FDjWztd+Iqt4=
-27,18,VZVzTtPX2UXQUakzdAcDSPI2e1k=,Eb8gKZ2cUvM9xoaea7+n0uuzWNw=
-28,16,VZVzTtPX2UXQUakzdAcDSPI2e1k=,DAdGFAZFHAevam/FDjWztd+Iqt4=
-17,26,O/4eyYONCTg6WVhpXwyMLR72zFk=,3lKEUPEIdb800gBwErwcm9xmnxA=
-18,28,O/4eyYONCTg6WVhpXwyMLR72zFk=,2qtM3o0hSdxorJbHVqvnardeLUY=
-19,28,O/4eyYONCTg6WVhpXwyMLR72zFk=,/Y8kb6/60Q37QGhi0jgRPrmb7kQ=
-19,27,O/4eyYONCTg6WVhpXwyMLR72zFk=,7EKMWiCnIUwU7XJXN9VklnkxCLo=
-18,27,O/4eyYONCTg6WVhpXwyMLR72zFk=,3lKEUPEIdb800gBwErwcm9xmnxA=
-21,28,O/4eyYONCTg6WVhpXwyMLR72zFk=,8zOS5c1omf9ihGo4Y/SSOzDNpPI=
-20,28,O/4eyYONCTg6WVhpXwyMLR72zFk=,/Y8kb6/60Q37QGhi0jgRPrmb7kQ=
-20,27,O/4eyYONCTg6WVhpXwyMLR72zFk=,7EKMWiCnIUwU7XJXN9VklnkxCLo=
-21,27,O/4eyYONCTg6WVhpXwyMLR72zFk=,qwQy4Kp17536kAqqoU4IvRNLY3M=
-22,28,O/4eyYONCTg6WVhpXwyMLR72zFk=,8zOS5c1omf9ihGo4Y/SSOzDNpPI=
-23,28,O/4eyYONCTg6WVhpXwyMLR72zFk=,VeY/+mK/CfjK8xi1HY4G/U8L7ic=
-23,27,O/4eyYONCTg6WVhpXwyMLR72zFk=,FvCt8GAmYp8BCQU22Wp7STEscLM=
-22,27,O/4eyYONCTg6WVhpXwyMLR72zFk=,qwQy4Kp17536kAqqoU4IvRNLY3M=
-21,26,O/4eyYONCTg6WVhpXwyMLR72zFk=,qwQy4Kp17536kAqqoU4IvRNLY3M=
-23,26,O/4eyYONCTg6WVhpXwyMLR72zFk=,FvCt8GAmYp8BCQU22Wp7STEscLM=
-20,26,O/4eyYONCTg6WVhpXwyMLR72zFk=,7EKMWiCnIUwU7XJXN9VklnkxCLo=
-22,26,O/4eyYONCTg6WVhpXwyMLR72zFk=,qwQy4Kp17536kAqqoU4IvRNLY3M=
-25,28,O/4eyYONCTg6WVhpXwyMLR72zFk=,7JOm0yZ1SqKA0dt6X7pP1KV9pj0=
-24,28,O/4eyYONCTg6WVhpXwyMLR72zFk=,VeY/+mK/CfjK8xi1HY4G/U8L7ic=
-26,28,O/4eyYONCTg6WVhpXwyMLR72zFk=,7JOm0yZ1SqKA0dt6X7pP1KV9pj0=
-24,27,rZ85448PEtIr9gMmNgAYd25qXvo=,FvCt8GAmYp8BCQU22Wp7STEscLM=
-27,28,rZ85448PEtIr9gMmNgAYd25qXvo=,r6oRngmx/AvMrhRkfxcwfpIIO3M=
-25,27,rZ85448PEtIr9gMmNgAYd25qXvo=,cbqcZfsFSyFQrBJCIYNmlSkfP90=
-26,27,rZ85448PEtIr9gMmNgAYd25qXvo=,cbqcZfsFSyFQrBJCIYNmlSkfP90=
-27,27,rZ85448PEtIr9gMmNgAYd25qXvo=,1VeSYFu/O/2kLTgzlEbAiCanD6k=
-17,28,rZ85448PEtIr9gMmNgAYd25qXvo=,2qtM3o0hSdxorJbHVqvnardeLUY=
-17,27,rZ85448PEtIr9gMmNgAYd25qXvo=,3lKEUPEIdb800gBwErwcm9xmnxA=
-29,23,rZ85448PEtIr9gMmNgAYd25qXvo=,CjbxBphYNwgo2KpMZFbvq52gmSg=
-29,24,rZ85448PEtIr9gMmNgAYd25qXvo=,vq3Ht8q3I4Oj0cuxQaYSBEcAEIY=
-28,23,rZ85448PEtIr9gMmNgAYd25qXvo=,kgfJ4jnlKcFKANFfC3ZNyO24wb8=
-28,24,rZ85448PEtIr9gMmNgAYd25qXvo=,0Ssy+bhmGId79Hq02T7uKg10L8w=
-29,22,rZ85448PEtIr9gMmNgAYd25qXvo=,CjbxBphYNwgo2KpMZFbvq52gmSg=
-29,20,rZ85448PEtIr9gMmNgAYd25qXvo=,Sld47xkRmPweTAvsymJlvtU7aK8=
-29,19,rZ85448PEtIr9gMmNgAYd25qXvo=,zH5T17S4hGnXviXOcvu0RbMR+Ow=
-29,21,rZ85448PEtIr9gMmNgAYd25qXvo=,Sld47xkRmPweTAvsymJlvtU7aK8=
-28,22,rZ85448PEtIr9gMmNgAYd25qXvo=,kgfJ4jnlKcFKANFfC3ZNyO24wb8=
-28,21,rZ85448PEtIr9gMmNgAYd25qXvo=,LF++sMk1XCMrQCyh7nppcbU0/WE=
-28,19,rZ85448PEtIr9gMmNgAYd25qXvo=,Eb8gKZ2cUvM9xoaea7+n0uuzWNw=
-28,20,rZ85448PEtIr9gMmNgAYd25qXvo=,LF++sMk1XCMrQCyh7nppcbU0/WE=
-29,28,rZ85448PEtIr9gMmNgAYd25qXvo=,WkJiC3AAgCPfnlN0aFTBd/6l1hc=
-29,27,rZ85448PEtIr9gMmNgAYd25qXvo=,iBs0NAa7+k1NFOwZAXCyzsykTRc=
-28,28,rZ85448PEtIr9gMmNgAYd25qXvo=,r6oRngmx/AvMrhRkfxcwfpIIO3M=
-28,27,rZ85448PEtIr9gMmNgAYd25qXvo=,1VeSYFu/O/2kLTgzlEbAiCanD6k=
-13,26,pK5RawVzPxz/qZLaRf7ANBjQ5dc=,TXnOTidsKVjxTMJhxXUK5DV3b/U=
-13,28,pK5RawVzPxz/qZLaRf7ANBjQ5dc=,FqrmX0mSwr62H94SQKI4qx3xDlA=
-12,26,pK5RawVzPxz/qZLaRf7ANBjQ5dc=,7Nz0DNQUSS1kKWntJTURlsiYrSQ=
-12,27,pK5RawVzPxz/qZLaRf7ANBjQ5dc=,7Nz0DNQUSS1kKWntJTURlsiYrSQ=
-12,28,pK5RawVzPxz/qZLaRf7ANBjQ5dc=,1j40VYBlYilQXDkiMUiFDipYdQQ=
-13,27,pK5RawVzPxz/qZLaRf7ANBjQ5dc=,TXnOTidsKVjxTMJhxXUK5DV3b/U=
-11,26,3bsifCWMeQ5bmP+e1YBpn0ejjFU=,7Nz0DNQUSS1kKWntJTURlsiYrSQ=
-10,26,3bsifCWMeQ5bmP+e1YBpn0ejjFU=,yx3oVRFdawfjfjPk27NGRDeP72s=
-9,26,ORIeFqniAIgk8Zy7GjEUd1DKL4c=,yx3oVRFdawfjfjPk27NGRDeP72s=
-8,26,ORIeFqniAIgk8Zy7GjEUd1DKL4c=,LDi5RQFI8KG68WW1Anbcejm7D3s=
-6,26,U/Cxm09ThMeHlxTaAV/uFyZwczg=,dhOkfvu0Pqj10PUCqLm2E80HxSk=
-7,26,U/Cxm09ThMeHlxTaAV/uFyZwczg=,LDi5RQFI8KG68WW1Anbcejm7D3s=
-5,26,yW0u4kc6TYPRjp8lEF19G3GEKks=,dhOkfvu0Pqj10PUCqLm2E80HxSk=
-4,26,yW0u4kc6TYPRjp8lEF19G3GEKks=,QfUHvFZaq6XFekyNuwMlxgp4s5U=
-2,28,NRzHRAGEyMG2XFcz7yDoGPM1vgk=,1uNOW0HnwsGHTYlPcMTbHtBTq6Q=
-3,28,NRzHRAGEyMG2XFcz7yDoGPM1vgk=,GHNR6vp3LqcahaybkEpyxg2Cp2o=
-3,27,NRzHRAGEyMG2XFcz7yDoGPM1vgk=,QfUHvFZaq6XFekyNuwMlxgp4s5U=
-2,27,NRzHRAGEyMG2XFcz7yDoGPM1vgk=,yFocySZpVFmA2r0CNLefr8RsCRw=
-2,26,NRzHRAGEyMG2XFcz7yDoGPM1vgk=,yFocySZpVFmA2r0CNLefr8RsCRw=
-3,26,NRzHRAGEyMG2XFcz7yDoGPM1vgk=,QfUHvFZaq6XFekyNuwMlxgp4s5U=
-4,28,KuOf/hF+J6bZ9x4xpi57GAT7XNs=,GHNR6vp3LqcahaybkEpyxg2Cp2o=
-5,28,KuOf/hF+J6bZ9x4xpi57GAT7XNs=,IRoY3xsptkBP0G1Sij3lW/H3FtI=
-5,27,KuOf/hF+J6bZ9x4xpi57GAT7XNs=,dhOkfvu0Pqj10PUCqLm2E80HxSk=
-4,27,KuOf/hF+J6bZ9x4xpi57GAT7XNs=,QfUHvFZaq6XFekyNuwMlxgp4s5U=
-11,28,KuOf/hF+J6bZ9x4xpi57GAT7XNs=,1j40VYBlYilQXDkiMUiFDipYdQQ=
-10,28,KuOf/hF+J6bZ9x4xpi57GAT7XNs=,Du/AriY0qDoH9MCyrWHKGoepZfQ=
-11,27,KuOf/hF+J6bZ9x4xpi57GAT7XNs=,7Nz0DNQUSS1kKWntJTURlsiYrSQ=
-10,27,KuOf/hF+J6bZ9x4xpi57GAT7XNs=,yx3oVRFdawfjfjPk27NGRDeP72s=
-7,28,KuOf/hF+J6bZ9x4xpi57GAT7XNs=,tbI76DwceCTwPpBxCXYh39hHR5k=
-9,27,KuOf/hF+J6bZ9x4xpi57GAT7XNs=,yx3oVRFdawfjfjPk27NGRDeP72s=
-9,28,KuOf/hF+J6bZ9x4xpi57GAT7XNs=,Du/AriY0qDoH9MCyrWHKGoepZfQ=
-6,28,KuOf/hF+J6bZ9x4xpi57GAT7XNs=,IRoY3xsptkBP0G1Sij3lW/H3FtI=
-8,28,KuOf/hF+J6bZ9x4xpi57GAT7XNs=,tbI76DwceCTwPpBxCXYh39hHR5k=
-6,27,KuOf/hF+J6bZ9x4xpi57GAT7XNs=,dhOkfvu0Pqj10PUCqLm2E80HxSk=
-7,27,KuOf/hF+J6bZ9x4xpi57GAT7XNs=,LDi5RQFI8KG68WW1Anbcejm7D3s=
-8,27,KuOf/hF+J6bZ9x4xpi57GAT7XNs=,LDi5RQFI8KG68WW1Anbcejm7D3s=
-1,26,KuOf/hF+J6bZ9x4xpi57GAT7XNs=,yFocySZpVFmA2r0CNLefr8RsCRw=
-1,28,KuOf/hF+J6bZ9x4xpi57GAT7XNs=,1uNOW0HnwsGHTYlPcMTbHtBTq6Q=
-1,27,KuOf/hF+J6bZ9x4xpi57GAT7XNs=,yFocySZpVFmA2r0CNLefr8RsCRw=
-16,28,zmix/iLoOF34h3TSxmpRg7sZ55E=,paVouHv8EmgTkHrZBq/ndvr4gV0=
-14,28,zmix/iLoOF34h3TSxmpRg7sZ55E=,FqrmX0mSwr62H94SQKI4qx3xDlA=
-15,28,zmix/iLoOF34h3TSxmpRg7sZ55E=,paVouHv8EmgTkHrZBq/ndvr4gV0=
-14,26,zmix/iLoOF34h3TSxmpRg7sZ55E=,TXnOTidsKVjxTMJhxXUK5DV3b/U=
-14,27,zmix/iLoOF34h3TSxmpRg7sZ55E=,TXnOTidsKVjxTMJhxXUK5DV3b/U=
-16,26,zmix/iLoOF34h3TSxmpRg7sZ55E=,XvRG+ieYYF6dGSSxvOoEeHdhyHE=
-16,27,zmix/iLoOF34h3TSxmpRg7sZ55E=,XvRG+ieYYF6dGSSxvOoEeHdhyHE=
-15,26,zmix/iLoOF34h3TSxmpRg7sZ55E=,XvRG+ieYYF6dGSSxvOoEeHdhyHE=
-15,27,zmix/iLoOF34h3TSxmpRg7sZ55E=,XvRG+ieYYF6dGSSxvOoEeHdhyHE=
