20,-4,T7wqkVPjaXibxB6fiMivSE/ifbc=,IhWRzGrJ1q2FPIPFdgCPRaHX7/g=
18,-4,+xNP15rBIigoUNWxFE5nYlueZiU=,2mo0v1X04O60ti4Du/31VuR2T0k=
21,-3,fs6+N5IB4zWqOL6Uu05Do3KYmqY=,IhWRzGrJ1q2FPIPFdgCPRaHX7/g=
21,-4,tV5G8IUb95dgRfn0HMhF9nVLxwg=,IhWRzGrJ1q2FPIPFdgCPRaHX7/g=
20,-3,fs6+N5IB4zWqOL6Uu05Do3KYmqY=,IhWRzGrJ1q2FPIPFdgCPRaHX7/g=
19,-4,T7wqkVPjaXibxB6fiMivSE/ifbc=,2mo0v1X04O60ti4Du/31VuR2T0k=
19,-1,tV5G8IUb95dgRfn0HMhF9nVLxwg=,f4GYybXY3NA/d+VogcnNRcBRQqg=
18,-1,enH8JmjOjr1giRKsQjP/MePmiSM=,f4GYybXY3NA/d+VogcnNRcBRQqg=
16,-2,enH8JmjOjr1giRKsQjP/MePmiSM=,hMuqHIUlqWJfGGh0X97nvqXq/40=
18,-3,enH8JmjOjr1giRKsQjP/MePmiSM=,2mo0v1X04O60ti4Du/31VuR2T0k=
17,-3,enH8JmjOjr1giRKsQjP/MePmiSM=,HP93Ehv9bSXXD+P6tGMxyXhCc0A=
19,-2,fs6+N5IB4zWqOL6Uu05Do3KYmqY=,f4GYybXY3NA/d+VogcnNRcBRQqg=
16,-1,enH8JmjOjr1giRKsQjP/MePmiSM=,hMuqHIUlqWJfGGh0X97nvqXq/40=
17,-1,enH8JmjOjr1giRKsQjP/MePmiSM=,hMuqHIUlqWJfGGh0X97nvqXq/40=
17,-4,+xNP15rBIigoUNWxFE5nYlueZiU=,HP93Ehv9bSXXD+P6tGMxyXhCc0A=
17,-2,enH8JmjOjr1giRKsQjP/MePmiSM=,hMuqHIUlqWJfGGh0X97nvqXq/40=
19,-3,fs6+N5IB4zWqOL6Uu05Do3KYmqY=,2mo0v1X04O60ti4Du/31VuR2T0k=
16,-4,tV5G8IUb95dgRfn0HMhF9nVLxwg=,HP93Ehv9bSXXD+P6tGMxyXhCc0A=
18,-2,enH8JmjOjr1giRKsQjP/MePmiSM=,f4GYybXY3NA/d+VogcnNRcBRQqg=
16,-3,enH8JmjOjr1giRKsQjP/MePmiSM=,HP93Ehv9bSXXD+P6tGMxyXhCc0A=
8,-3,7BjO+tlr4y23EBMqUjylfkIonMg=,0YJrzCI/M80SKokUq6iSZBBoTy8=
7,-3,7BjO+tlr4y23EBMqUjylfkIonMg=,PzOfjgjyx9odouQkj3MBZfUyP5c=
8,-2,7BjO+tlr4y23EBMqUjylfkIonMg=,FL237CVo7WaDiTqhkqrBhVgykNU=
7,-2,7BjO+tlr4y23EBMqUjylfkIonMg=,u/jCZ68/yS5Qh1gg808U2f/teIk=
5,-3,oCtV7TBeEiRgy9Oa4vhebuDYtBo=,JBFVMS5pabQGYMnprarexpbBeAA=
6,-2,oCtV7TBeEiRgy9Oa4vhebuDYtBo=,u/jCZ68/yS5Qh1gg808U2f/teIk=
5,-2,oCtV7TBeEiRgy9Oa4vhebuDYtBo=,+aGRRDJGtL48V9TphK2Qriig+Zs=
4,-3,UT1UG1CVLmlVNTD6uEze5+lhyDA=,JBFVMS5pabQGYMnprarexpbBeAA=
6,-3,oCtV7TBeEiRgy9Oa4vhebuDYtBo=,PzOfjgjyx9odouQkj3MBZfUyP5c=
3,-2,UT1UG1CVLmlVNTD6uEze5+lhyDA=,SsyAQZLBo9GXrrKWocIu5sFfH8c=
4,-2,UT1UG1CVLmlVNTD6uEze5+lhyDA=,+aGRRDJGtL48V9TphK2Qriig+Zs=
3,-3,UT1UG1CVLmlVNTD6uEze5+lhyDA=,4YQA4MwSLH+a+H3wleTw+VQY9C8=
2,-2,UT1UG1CVLmlVNTD6uEze5+lhyDA=,SsyAQZLBo9GXrrKWocIu5sFfH8c=
1,-3,UT1UG1CVLmlVNTD6uEze5+lhyDA=,GRhcM0GfkDiOkIkmvMMVC9SpUuc=
2,-3,UT1UG1CVLmlVNTD6uEze5+lhyDA=,4YQA4MwSLH+a+H3wleTw+VQY9C8=
1,-2,UT1UG1CVLmlVNTD6uEze5+lhyDA=,+Q8yeZ45KZWSotGH5hFP8C0oCHk=
2,-4,UT1UG1CVLmlVNTD6uEze5+lhyDA=,4YQA4MwSLH+a+H3wleTw+VQY9C8=
2,-5,UT1UG1CVLmlVNTD6uEze5+lhyDA=,FLsf31DsB4uwF2O/slFuKHpC0Qc=
1,-4,UT1UG1CVLmlVNTD6uEze5+lhyDA=,GRhcM0GfkDiOkIkmvMMVC9SpUuc=
1,-5,UT1UG1CVLmlVNTD6uEze5+lhyDA=,8bsETsY48IfI0xWFJ2eJLOXbn/c=
4,-5,mei57NDgbUeAfEiYXDml2AAsAqM=,qI3JIZdZ/ArIPx4/ytAgh1m7G60=
3,-4,mei57NDgbUeAfEiYXDml2AAsAqM=,4YQA4MwSLH+a+H3wleTw+VQY9C8=
4,-4,mei57NDgbUeAfEiYXDml2AAsAqM=,JBFVMS5pabQGYMnprarexpbBeAA=
3,-5,mei57NDgbUeAfEiYXDml2AAsAqM=,FLsf31DsB4uwF2O/slFuKHpC0Qc=
2,-6,UT1UG1CVLmlVNTD6uEze5+lhyDA=,FLsf31DsB4uwF2O/slFuKHpC0Qc=
2,-7,UT1UG1CVLmlVNTD6uEze5+lhyDA=,7cX59bjzvf5NnRIj7iuQaFC1KsY=
4,-7,mei57NDgbUeAfEiYXDml2AAsAqM=,ap8MGdEUvADKjcF7WnViRdwxQkk=
4,-6,mei57NDgbUeAfEiYXDml2AAsAqM=,qI3JIZdZ/ArIPx4/ytAgh1m7G60=
3,-6,mei57NDgbUeAfEiYXDml2AAsAqM=,FLsf31DsB4uwF2O/slFuKHpC0Qc=
3,-7,mei57NDgbUeAfEiYXDml2AAsAqM=,7cX59bjzvf5NnRIj7iuQaFC1KsY=
1,-6,UT1UG1CVLmlVNTD6uEze5+lhyDA=,8bsETsY48IfI0xWFJ2eJLOXbn/c=
1,-7,CQecrhwILccxbstBvZFTRSdZqTs=,+oLe8CGWIV+KF8XT9FGOU5kgWBE=
3,-10,cNfHlal/P3FJQ597UEfUdCenCH8=,y6lNNLHuQwGH/q3dHQahf/PJlHc=
4,-11,gPnAxZTA+nO22j2FR3iXbtSqKLQ=,mgMFxsLI8ZTL16b+oq6dMbZRvGg=
3,-8,cNfHlal/P3FJQ597UEfUdCenCH8=,7cX59bjzvf5NnRIj7iuQaFC1KsY=
4,-9,cNfHlal/P3FJQ597UEfUdCenCH8=,TOON9B27W7pCKcj0vVZ7dBUOpm8=
4,-8,cNfHlal/P3FJQ597UEfUdCenCH8=,ap8MGdEUvADKjcF7WnViRdwxQkk=
2,-8,cNfHlal/P3FJQ597UEfUdCenCH8=,7cX59bjzvf5NnRIj7iuQaFC1KsY=
2,-9,cNfHlal/P3FJQ597UEfUdCenCH8=,y6lNNLHuQwGH/q3dHQahf/PJlHc=
1,-8,te1a4H4Js7v1fxlA2yKrzz3Jzts=,+oLe8CGWIV+KF8XT9FGOU5kgWBE=
4,-10,cNfHlal/P3FJQ597UEfUdCenCH8=,TOON9B27W7pCKcj0vVZ7dBUOpm8=
1,-9,dLGTNXkryOK+pGEtK1/EIGPW9pY=,6Ro3BhJDa3tIbRjBXNkl1QolGD4=
3,-9,cNfHlal/P3FJQ597UEfUdCenCH8=,y6lNNLHuQwGH/q3dHQahf/PJlHc=
3,-11,gPnAxZTA+nO22j2FR3iXbtSqKLQ=,P8OLxjlJ6gsjEPs0rGyxm6Rwpt8=
10,-8,Z0vzl6GqBvaIj1XDBrEur+uZnbM=,WdDZ/PzVpdodKel5+SO9GoIEzmo=
9,-8,Z0vzl6GqBvaIj1XDBrEur+uZnbM=,OiE8e//jZc3b7zD770s7zU1R5ag=
9,-9,Z0vzl6GqBvaIj1XDBrEur+uZnbM=,Yoa8YuTe3Yu+nFd7iulme7MP/M8=
10,-9,Z0vzl6GqBvaIj1XDBrEur+uZnbM=,z+uXFFZjYERPft0uHXpRYKi6SrA=
6,-8,cNfHlal/P3FJQ597UEfUdCenCH8=,62HUoIMyRaCFIvdE0Pqne7A2S14=
8,-9,XqQjfRbsf6oALsI6HwWX9cYGzmc=,Yoa8YuTe3Yu+nFd7iulme7MP/M8=
5,-9,cNfHlal/P3FJQ597UEfUdCenCH8=,TOON9B27W7pCKcj0vVZ7dBUOpm8=
7,-9,XqQjfRbsf6oALsI6HwWX9cYGzmc=,Or5/yqLGkBARDy3Az5FNEThbrcA=
8,-8,XqQjfRbsf6oALsI6HwWX9cYGzmc=,OiE8e//jZc3b7zD770s7zU1R5ag=
6,-9,cNfHlal/P3FJQ597UEfUdCenCH8=,Or5/yqLGkBARDy3Az5FNEThbrcA=
7,-8,XqQjfRbsf6oALsI6HwWX9cYGzmc=,62HUoIMyRaCFIvdE0Pqne7A2S14=
5,-8,cNfHlal/P3FJQ597UEfUdCenCH8=,ap8MGdEUvADKjcF7WnViRdwxQkk=
10,-6,7BjO+tlr4y23EBMqUjylfkIonMg=,IqcgtMPbrM245SremFGo60DTftw=
9,-6,7BjO+tlr4y23EBMqUjylfkIonMg=,CLHhAV62Qhu8HQiwujawI96elN4=
9,-7,7BjO+tlr4y23EBMqUjylfkIonMg=,OiE8e//jZc3b7zD770s7zU1R5ag=
10,-7,7BjO+tlr4y23EBMqUjylfkIonMg=,WdDZ/PzVpdodKel5+SO9GoIEzmo=
8,-5,7BjO+tlr4y23EBMqUjylfkIonMg=,CLHhAV62Qhu8HQiwujawI96elN4=
8,-6,7BjO+tlr4y23EBMqUjylfkIonMg=,CLHhAV62Qhu8HQiwujawI96elN4=
6,-5,NwABkucizXUGU9ucN8s2rvVtrhI=,TtCNwO9EvhtFnHvt8/jA7dzGtNg=
7,-5,7BjO+tlr4y23EBMqUjylfkIonMg=,TtCNwO9EvhtFnHvt8/jA7dzGtNg=
6,-6,l2Cye4mtD6c6EOzyD9Q+v17m3b8=,TtCNwO9EvhtFnHvt8/jA7dzGtNg=
8,-4,7BjO+tlr4y23EBMqUjylfkIonMg=,0YJrzCI/M80SKokUq6iSZBBoTy8=
5,-4,NwABkucizXUGU9ucN8s2rvVtrhI=,JBFVMS5pabQGYMnprarexpbBeAA=
5,-6,l2Cye4mtD6c6EOzyD9Q+v17m3b8=,qI3JIZdZ/ArIPx4/ytAgh1m7G60=
8,-7,7BjO+tlr4y23EBMqUjylfkIonMg=,OiE8e//jZc3b7zD770s7zU1R5ag=
7,-6,7BjO+tlr4y23EBMqUjylfkIonMg=,TtCNwO9EvhtFnHvt8/jA7dzGtNg=
5,-5,NwABkucizXUGU9ucN8s2rvVtrhI=,qI3JIZdZ/ArIPx4/ytAgh1m7G60=
6,-4,NwABkucizXUGU9ucN8s2rvVtrhI=,PzOfjgjyx9odouQkj3MBZfUyP5c=
7,-7,7BjO+tlr4y23EBMqUjylfkIonMg=,62HUoIMyRaCFIvdE0Pqne7A2S14=
6,-7,l2Cye4mtD6c6EOzyD9Q+v17m3b8=,62HUoIMyRaCFIvdE0Pqne7A2S14=
7,-4,7BjO+tlr4y23EBMqUjylfkIonMg=,PzOfjgjyx9odouQkj3MBZfUyP5c=
5,-7,l2Cye4mtD6c6EOzyD9Q+v17m3b8=,ap8MGdEUvADKjcF7WnViRdwxQkk=
10,-5,7BjO+tlr4y23EBMqUjylfkIonMg=,IqcgtMPbrM245SremFGo60DTftw=
9,-4,7BjO+tlr4y23EBMqUjylfkIonMg=,0YJrzCI/M80SKokUq6iSZBBoTy8=
10,-4,7BjO+tlr4y23EBMqUjylfkIonMg=,nbSiK/4O4FeAa4Ir/Eyib3pMdws=
9,-5,7BjO+tlr4y23EBMqUjylfkIonMg=,CLHhAV62Qhu8HQiwujawI96elN4=
9,-3,NRynm57fWoceaPbfPaidqywf11I=,0YJrzCI/M80SKokUq6iSZBBoTy8=
9,-2,NRynm57fWoceaPbfPaidqywf11I=,FL237CVo7WaDiTqhkqrBhVgykNU=
10,-2,NRynm57fWoceaPbfPaidqywf11I=,kNRMv690ZDSEeNZF6e9QSUywxLs=
10,-3,NRynm57fWoceaPbfPaidqywf11I=,nbSiK/4O4FeAa4Ir/Eyib3pMdws=
11,-5,NRynm57fWoceaPbfPaidqywf11I=,IqcgtMPbrM245SremFGo60DTftw=
12,-4,NRynm57fWoceaPbfPaidqywf11I=,wgGvIqd+jbf6Xl3oKZn/dipCzfA=
11,-4,NRynm57fWoceaPbfPaidqywf11I=,nbSiK/4O4FeAa4Ir/Eyib3pMdws=
10,-1,UT1UG1CVLmlVNTD6uEze5+lhyDA=,kNRMv690ZDSEeNZF6e9QSUywxLs=
9,-1,UT1UG1CVLmlVNTD6uEze5+lhyDA=,FL237CVo7WaDiTqhkqrBhVgykNU=
8,-1,UT1UG1CVLmlVNTD6uEze5+lhyDA=,FL237CVo7WaDiTqhkqrBhVgykNU=
7,-1,UT1UG1CVLmlVNTD6uEze5+lhyDA=,u/jCZ68/yS5Qh1gg808U2f/teIk=
5,-1,UT1UG1CVLmlVNTD6uEze5+lhyDA=,+aGRRDJGtL48V9TphK2Qriig+Zs=
6,-1,UT1UG1CVLmlVNTD6uEze5+lhyDA=,u/jCZ68/yS5Qh1gg808U2f/teIk=
4,-1,UT1UG1CVLmlVNTD6uEze5+lhyDA=,+aGRRDJGtL48V9TphK2Qriig+Zs=
3,-1,UT1UG1CVLmlVNTD6uEze5+lhyDA=,SsyAQZLBo9GXrrKWocIu5sFfH8c=
1,-1,UT1UG1CVLmlVNTD6uEze5+lhyDA=,+Q8yeZ45KZWSotGH5hFP8C0oCHk=
2,-1,UT1UG1CVLmlVNTD6uEze5+lhyDA=,SsyAQZLBo9GXrrKWocIu5sFfH8c=
0,-2,n5zXo0kY2Y9ZGfUs8/HLfGHqats=,+Q8yeZ45KZWSotGH5hFP8C0oCHk=
0,-3,n5zXo0kY2Y9ZGfUs8/HLfGHqats=,GRhcM0GfkDiOkIkmvMMVC9SpUuc=
0,-5,n5zXo0kY2Y9ZGfUs8/HLfGHqats=,8bsETsY48IfI0xWFJ2eJLOXbn/c=
0,-4,n5zXo0kY2Y9ZGfUs8/HLfGHqats=,GRhcM0GfkDiOkIkmvMMVC9SpUuc=
0,-6,n5zXo0kY2Y9ZGfUs8/HLfGHqats=,8bsETsY48IfI0xWFJ2eJLOXbn/c=
0,-7,j06le/gErTokaJ7RvRIBIn5dMdE=,+oLe8CGWIV+KF8XT9FGOU5kgWBE=
0,-8,j06le/gErTokaJ7RvRIBIn5dMdE=,+oLe8CGWIV+KF8XT9FGOU5kgWBE=
0,-9,GZJwcVkXKqF2O5QhRJ+8i1BPPJw=,6Ro3BhJDa3tIbRjBXNkl1QolGD4=
2,-10,n5zXo0kY2Y9ZGfUs8/HLfGHqats=,y6lNNLHuQwGH/q3dHQahf/PJlHc=
1,-11,dLGTNXkryOK+pGEtK1/EIGPW9pY=,KAUcAKe0sTYLJpko/gUNcf3uLaE=
1,-10,dLGTNXkryOK+pGEtK1/EIGPW9pY=,6Ro3BhJDa3tIbRjBXNkl1QolGD4=
2,-11,dLGTNXkryOK+pGEtK1/EIGPW9pY=,P8OLxjlJ6gsjEPs0rGyxm6Rwpt8=
0,-10,dLGTNXkryOK+pGEtK1/EIGPW9pY=,6Ro3BhJDa3tIbRjBXNkl1QolGD4=
12,-1,UT1UG1CVLmlVNTD6uEze5+lhyDA=,8mDRJi6Ms3mXBJyM0fSQmhZfZ0k=
11,-3,NRynm57fWoceaPbfPaidqywf11I=,nbSiK/4O4FeAa4Ir/Eyib3pMdws=
11,-1,UT1UG1CVLmlVNTD6uEze5+lhyDA=,kNRMv690ZDSEeNZF6e9QSUywxLs=
11,-2,NRynm57fWoceaPbfPaidqywf11I=,kNRMv690ZDSEeNZF6e9QSUywxLs=
12,-2,NRynm57fWoceaPbfPaidqywf11I=,8mDRJi6Ms3mXBJyM0fSQmhZfZ0k=
13,-4,ibBF9j4itdbZenvQzp31Jlm3TrE=,wgGvIqd+jbf6Xl3oKZn/dipCzfA=
12,-3,NRynm57fWoceaPbfPaidqywf11I=,wgGvIqd+jbf6Xl3oKZn/dipCzfA=
15,-4,UT1UG1CVLmlVNTD6uEze5+lhyDA=,xfPVwIikX9A0Xp5jVtj8EdU4XD8=
14,-4,ibBF9j4itdbZenvQzp31Jlm3TrE=,xfPVwIikX9A0Xp5jVtj8EdU4XD8=
4,-12,svqLbMmQRiDvFDFyahWsU3DlqUI=,mgMFxsLI8ZTL16b+oq6dMbZRvGg=
3,-12,svqLbMmQRiDvFDFyahWsU3DlqUI=,P8OLxjlJ6gsjEPs0rGyxm6Rwpt8=
0,-11,dLGTNXkryOK+pGEtK1/EIGPW9pY=,KAUcAKe0sTYLJpko/gUNcf3uLaE=
0,-1,n5zXo0kY2Y9ZGfUs8/HLfGHqats=,+Q8yeZ45KZWSotGH5hFP8C0oCHk=
11,-9,RQNqOZmc+p4ETqmRNmMS142uevI=,z+uXFFZjYERPft0uHXpRYKi6SrA=
11,-8,RQNqOZmc+p4ETqmRNmMS142uevI=,WdDZ/PzVpdodKel5+SO9GoIEzmo=
11,-6,FcHDlsZxDEX/QBeWLxza2egrn/g=,IqcgtMPbrM245SremFGo60DTftw=
11,-7,FcHDlsZxDEX/QBeWLxza2egrn/g=,WdDZ/PzVpdodKel5+SO9GoIEzmo=
2,-12,gPnAxZTA+nO22j2FR3iXbtSqKLQ=,P8OLxjlJ6gsjEPs0rGyxm6Rwpt8=
1,-12,Id2F+5fKLuygMxjHDAyA1frjr2Q=,KAUcAKe0sTYLJpko/gUNcf3uLaE=
0,-12,gPnAxZTA+nO22j2FR3iXbtSqKLQ=,KAUcAKe0sTYLJpko/gUNcf3uLaE=
8,-12,XqQjfRbsf6oALsI6HwWX9cYGzmc=,URQkTRwCCW5d1xYieh7oglm0D2g=
6,-10,cNfHlal/P3FJQ597UEfUdCenCH8=,Or5/yqLGkBARDy3Az5FNEThbrcA=
7,-10,XqQjfRbsf6oALsI6HwWX9cYGzmc=,Or5/yqLGkBARDy3Az5FNEThbrcA=
6,-12,n5zXo0kY2Y9ZGfUs8/HLfGHqats=,cNcbVRdRt5kGyLuzTjc+affI4uM=
5,-12,svqLbMmQRiDvFDFyahWsU3DlqUI=,mgMFxsLI8ZTL16b+oq6dMbZRvGg=
7,-12,XqQjfRbsf6oALsI6HwWX9cYGzmc=,cNcbVRdRt5kGyLuzTjc+affI4uM=
5,-11,svqLbMmQRiDvFDFyahWsU3DlqUI=,mgMFxsLI8ZTL16b+oq6dMbZRvGg=
7,-11,XqQjfRbsf6oALsI6HwWX9cYGzmc=,cNcbVRdRt5kGyLuzTjc+affI4uM=
14,-3,ibBF9j4itdbZenvQzp31Jlm3TrE=,xfPVwIikX9A0Xp5jVtj8EdU4XD8=
8,-11,XqQjfRbsf6oALsI6HwWX9cYGzmc=,URQkTRwCCW5d1xYieh7oglm0D2g=
9,-12,pOfKKvvGxvJzRsgyKZE1gD+AfGc=,URQkTRwCCW5d1xYieh7oglm0D2g=
6,-11,cNfHlal/P3FJQ597UEfUdCenCH8=,cNcbVRdRt5kGyLuzTjc+affI4uM=
10,-12,pOfKKvvGxvJzRsgyKZE1gD+AfGc=,8ILukoPiTtvyxWVIoE34qPtnsLY=
11,-12,utwObd9Gy+8uMfSuKAoJiGNGVn0=,8ILukoPiTtvyxWVIoE34qPtnsLY=
15,-3,UT1UG1CVLmlVNTD6uEze5+lhyDA=,xfPVwIikX9A0Xp5jVtj8EdU4XD8=
13,-2,ibBF9j4itdbZenvQzp31Jlm3TrE=,8mDRJi6Ms3mXBJyM0fSQmhZfZ0k=
13,-1,UT1UG1CVLmlVNTD6uEze5+lhyDA=,8mDRJi6Ms3mXBJyM0fSQmhZfZ0k=
13,-3,ibBF9j4itdbZenvQzp31Jlm3TrE=,wgGvIqd+jbf6Xl3oKZn/dipCzfA=
9,-11,Z0vzl6GqBvaIj1XDBrEur+uZnbM=,URQkTRwCCW5d1xYieh7oglm0D2g=
14,-1,UT1UG1CVLmlVNTD6uEze5+lhyDA=,L2v7Af1TzdV+Af5SdVRMjA4RVyI=
15,-2,UT1UG1CVLmlVNTD6uEze5+lhyDA=,L2v7Af1TzdV+Af5SdVRMjA4RVyI=
11,-10,RQNqOZmc+p4ETqmRNmMS142uevI=,z+uXFFZjYERPft0uHXpRYKi6SrA=
14,-2,ibBF9j4itdbZenvQzp31Jlm3TrE=,L2v7Af1TzdV+Af5SdVRMjA4RVyI=
11,-11,RQNqOZmc+p4ETqmRNmMS142uevI=,8ILukoPiTtvyxWVIoE34qPtnsLY=
15,-1,n5zXo0kY2Y9ZGfUs8/HLfGHqats=,L2v7Af1TzdV+Af5SdVRMjA4RVyI=
5,-10,cNfHlal/P3FJQ597UEfUdCenCH8=,TOON9B27W7pCKcj0vVZ7dBUOpm8=
10,-10,Z0vzl6GqBvaIj1XDBrEur+uZnbM=,z+uXFFZjYERPft0uHXpRYKi6SrA=
8,-10,XqQjfRbsf6oALsI6HwWX9cYGzmc=,Yoa8YuTe3Yu+nFd7iulme7MP/M8=
10,-11,Z0vzl6GqBvaIj1XDBrEur+uZnbM=,8ILukoPiTtvyxWVIoE34qPtnsLY=
9,-10,Z0vzl6GqBvaIj1XDBrEur+uZnbM=,Yoa8YuTe3Yu+nFd7iulme7MP/M8=
17,-11,otNZXG5Sfda28C34TzfAISGz6Jc=,Dd1hzEU/SixD1kYnqcl8e7ZUQSg=
17,-14,tV5G8IUb95dgRfn0HMhF9nVLxwg=,X/oaj4xD5NjpsWoVW4esQvdDByQ=
17,-12,Feq8pubGM8koSf0XEps8LVRoBiY=,Dd1hzEU/SixD1kYnqcl8e7ZUQSg=
17,-13,tV5G8IUb95dgRfn0HMhF9nVLxwg=,X/oaj4xD5NjpsWoVW4esQvdDByQ=
16,-12,Feq8pubGM8koSf0XEps8LVRoBiY=,Dd1hzEU/SixD1kYnqcl8e7ZUQSg=
16,-13,tV5G8IUb95dgRfn0HMhF9nVLxwg=,X/oaj4xD5NjpsWoVW4esQvdDByQ=
16,-14,tV5G8IUb95dgRfn0HMhF9nVLxwg=,X/oaj4xD5NjpsWoVW4esQvdDByQ=
16,-11,Feq8pubGM8koSf0XEps8LVRoBiY=,Dd1hzEU/SixD1kYnqcl8e7ZUQSg=
12,-5,NRynm57fWoceaPbfPaidqywf11I=,2jT0gLjctH0vmzOtvphXLCJciZw=
12,-7,FcHDlsZxDEX/QBeWLxza2egrn/g=,Gq8anwe3ynQSAfl6119pBCL1sIk=
12,-9,RQNqOZmc+p4ETqmRNmMS142uevI=,IsxfXDjrj+7wTrmWNUumRv0qD5w=
12,-6,FcHDlsZxDEX/QBeWLxza2egrn/g=,2jT0gLjctH0vmzOtvphXLCJciZw=
12,-8,RQNqOZmc+p4ETqmRNmMS142uevI=,Gq8anwe3ynQSAfl6119pBCL1sIk=
8,-13,XqQjfRbsf6oALsI6HwWX9cYGzmc=,4kpTnJ0OJgcj25a3/QxjZ9w+YYs=
7,-13,XqQjfRbsf6oALsI6HwWX9cYGzmc=,ZcqbIOefEr7oHctwURtIskUgVpo=
6,-13,n5zXo0kY2Y9ZGfUs8/HLfGHqats=,ZcqbIOefEr7oHctwURtIskUgVpo=
5,-13,svqLbMmQRiDvFDFyahWsU3DlqUI=,z5Wk0SOXJB4hnzI8ppwauCESE2o=
4,-13,svqLbMmQRiDvFDFyahWsU3DlqUI=,z5Wk0SOXJB4hnzI8ppwauCESE2o=
3,-13,svqLbMmQRiDvFDFyahWsU3DlqUI=,rTkKcMnS0sdABd6s2EJgIlnD0mA=
2,-13,gPnAxZTA+nO22j2FR3iXbtSqKLQ=,rTkKcMnS0sdABd6s2EJgIlnD0mA=
1,-13,gPnAxZTA+nO22j2FR3iXbtSqKLQ=,kvNJeNKa09imISMLKjdvq14Vq3U=
0,-13,gPnAxZTA+nO22j2FR3iXbtSqKLQ=,kvNJeNKa09imISMLKjdvq14Vq3U=
0,-14,Id2F+5fKLuygMxjHDAyA1frjr2Q=,kvNJeNKa09imISMLKjdvq14Vq3U=
0,-15,81PNbuIH+DHbNAphX7WW/ztmZWk=,LyDuAkTujLnmQC920ayURlwpx0g=
1,-14,Id2F+5fKLuygMxjHDAyA1frjr2Q=,kvNJeNKa09imISMLKjdvq14Vq3U=
1,-15,81PNbuIH+DHbNAphX7WW/ztmZWk=,LyDuAkTujLnmQC920ayURlwpx0g=
2,-15,81PNbuIH+DHbNAphX7WW/ztmZWk=,Qxu3zcXm4wClo9uZTJO/Ng5HmIU=
2,-14,Id2F+5fKLuygMxjHDAyA1frjr2Q=,rTkKcMnS0sdABd6s2EJgIlnD0mA=
13,-5,ibBF9j4itdbZenvQzp31Jlm3TrE=,2jT0gLjctH0vmzOtvphXLCJciZw=
14,-5,ibBF9j4itdbZenvQzp31Jlm3TrE=,n/i6I+y/Jxg11t4fpKKmxJnNSC4=
14,-6,ibBF9j4itdbZenvQzp31Jlm3TrE=,n/i6I+y/Jxg11t4fpKKmxJnNSC4=
13,-6,ibBF9j4itdbZenvQzp31Jlm3TrE=,2jT0gLjctH0vmzOtvphXLCJciZw=
13,-7,ibBF9j4itdbZenvQzp31Jlm3TrE=,Gq8anwe3ynQSAfl6119pBCL1sIk=
14,-7,ibBF9j4itdbZenvQzp31Jlm3TrE=,d2FeD+Jw4uAJBAgdNeAr2H5I/Bc=
13,-8,+EeEdpzsKtqg4fwcs86vQm8GbZs=,Gq8anwe3ynQSAfl6119pBCL1sIk=
13,-9,+EeEdpzsKtqg4fwcs86vQm8GbZs=,IsxfXDjrj+7wTrmWNUumRv0qD5w=
14,-8,+EeEdpzsKtqg4fwcs86vQm8GbZs=,d2FeD+Jw4uAJBAgdNeAr2H5I/Bc=
14,-9,Saz5sN+CK6OSRHceAKWuEgf07VQ=,Pp+hu9LGY9mjdN4499LclTCvtO8=
13,-11,n5zXo0kY2Y9ZGfUs8/HLfGHqats=,rjf6isceF9V/rb//u9896P+D9AM=
13,-10,n5zXo0kY2Y9ZGfUs8/HLfGHqats=,IsxfXDjrj+7wTrmWNUumRv0qD5w=
14,-11,Saz5sN+CK6OSRHceAKWuEgf07VQ=,P8dhQ6CouCiBAk7UlLRn/KLElus=
14,-10,Saz5sN+CK6OSRHceAKWuEgf07VQ=,Pp+hu9LGY9mjdN4499LclTCvtO8=
13,-12,n5zXo0kY2Y9ZGfUs8/HLfGHqats=,rjf6isceF9V/rb//u9896P+D9AM=
14,-13,THkwGqvtUYnTWYlD6cQRisf5f+k=,fNQBmUQbv/luAHgkCNdYvdAe1YE=
13,-13,n5zXo0kY2Y9ZGfUs8/HLfGHqats=,GCL0djGemz2YE7g41QdgmYN20LI=
14,-12,THkwGqvtUYnTWYlD6cQRisf5f+k=,P8dhQ6CouCiBAk7UlLRn/KLElus=
13,-15,n5zXo0kY2Y9ZGfUs8/HLfGHqats=,mS2U9SZm5R04apwUcI38hwjz3qA=
14,-14,THkwGqvtUYnTWYlD6cQRisf5f+k=,fNQBmUQbv/luAHgkCNdYvdAe1YE=
13,-14,n5zXo0kY2Y9ZGfUs8/HLfGHqats=,GCL0djGemz2YE7g41QdgmYN20LI=
14,-15,THkwGqvtUYnTWYlD6cQRisf5f+k=,cz28eUdZ1BhNuunYPVohtrrIIaM=
11,-15,utwObd9Gy+8uMfSuKAoJiGNGVn0=,V0EtbPO12EumMRRSuxP4qGVe73M=
12,-15,utwObd9Gy+8uMfSuKAoJiGNGVn0=,mS2U9SZm5R04apwUcI38hwjz3qA=
11,-14,utwObd9Gy+8uMfSuKAoJiGNGVn0=,3sa7ZPwyu19vCt/AW15+Bwcl3NU=
12,-14,utwObd9Gy+8uMfSuKAoJiGNGVn0=,GCL0djGemz2YE7g41QdgmYN20LI=
10,-15,utwObd9Gy+8uMfSuKAoJiGNGVn0=,V0EtbPO12EumMRRSuxP4qGVe73M=
9,-15,utwObd9Gy+8uMfSuKAoJiGNGVn0=,q/m6+BYJ3S6KCi5tnPmQe0Jgg3k=
2,-16,81PNbuIH+DHbNAphX7WW/ztmZWk=,Qxu3zcXm4wClo9uZTJO/Ng5HmIU=
1,-16,81PNbuIH+DHbNAphX7WW/ztmZWk=,LyDuAkTujLnmQC920ayURlwpx0g=
10,-14,utwObd9Gy+8uMfSuKAoJiGNGVn0=,3sa7ZPwyu19vCt/AW15+Bwcl3NU=
9,-14,utwObd9Gy+8uMfSuKAoJiGNGVn0=,4kpTnJ0OJgcj25a3/QxjZ9w+YYs=
12,-12,utwObd9Gy+8uMfSuKAoJiGNGVn0=,rjf6isceF9V/rb//u9896P+D9AM=
12,-13,utwObd9Gy+8uMfSuKAoJiGNGVn0=,GCL0djGemz2YE7g41QdgmYN20LI=
9,-13,pOfKKvvGxvJzRsgyKZE1gD+AfGc=,4kpTnJ0OJgcj25a3/QxjZ9w+YYs=
10,-13,pOfKKvvGxvJzRsgyKZE1gD+AfGc=,3sa7ZPwyu19vCt/AW15+Bwcl3NU=
11,-13,utwObd9Gy+8uMfSuKAoJiGNGVn0=,3sa7ZPwyu19vCt/AW15+Bwcl3NU=
12,-10,RQNqOZmc+p4ETqmRNmMS142uevI=,IsxfXDjrj+7wTrmWNUumRv0qD5w=
12,-11,RQNqOZmc+p4ETqmRNmMS142uevI=,rjf6isceF9V/rb//u9896P+D9AM=
15,-13,81PNbuIH+DHbNAphX7WW/ztmZWk=,fNQBmUQbv/luAHgkCNdYvdAe1YE=
15,-12,81PNbuIH+DHbNAphX7WW/ztmZWk=,P8dhQ6CouCiBAk7UlLRn/KLElus=
15,-11,81PNbuIH+DHbNAphX7WW/ztmZWk=,P8dhQ6CouCiBAk7UlLRn/KLElus=
15,-10,81PNbuIH+DHbNAphX7WW/ztmZWk=,Pp+hu9LGY9mjdN4499LclTCvtO8=
13,-16,n5zXo0kY2Y9ZGfUs8/HLfGHqats=,mS2U9SZm5R04apwUcI38hwjz3qA=
14,-16,81PNbuIH+DHbNAphX7WW/ztmZWk=,cz28eUdZ1BhNuunYPVohtrrIIaM=
15,-8,UT1UG1CVLmlVNTD6uEze5+lhyDA=,d2FeD+Jw4uAJBAgdNeAr2H5I/Bc=
15,-9,81PNbuIH+DHbNAphX7WW/ztmZWk=,Pp+hu9LGY9mjdN4499LclTCvtO8=
15,-6,UT1UG1CVLmlVNTD6uEze5+lhyDA=,n/i6I+y/Jxg11t4fpKKmxJnNSC4=
15,-7,UT1UG1CVLmlVNTD6uEze5+lhyDA=,d2FeD+Jw4uAJBAgdNeAr2H5I/Bc=
15,-5,UT1UG1CVLmlVNTD6uEze5+lhyDA=,n/i6I+y/Jxg11t4fpKKmxJnNSC4=
15,-14,81PNbuIH+DHbNAphX7WW/ztmZWk=,fNQBmUQbv/luAHgkCNdYvdAe1YE=
15,-15,81PNbuIH+DHbNAphX7WW/ztmZWk=,cz28eUdZ1BhNuunYPVohtrrIIaM=
15,-16,81PNbuIH+DHbNAphX7WW/ztmZWk=,cz28eUdZ1BhNuunYPVohtrrIIaM=
9,-16,UT1UG1CVLmlVNTD6uEze5+lhyDA=,q/m6+BYJ3S6KCi5tnPmQe0Jgg3k=
10,-16,UT1UG1CVLmlVNTD6uEze5+lhyDA=,V0EtbPO12EumMRRSuxP4qGVe73M=
11,-16,UT1UG1CVLmlVNTD6uEze5+lhyDA=,V0EtbPO12EumMRRSuxP4qGVe73M=
12,-16,UT1UG1CVLmlVNTD6uEze5+lhyDA=,mS2U9SZm5R04apwUcI38hwjz3qA=
0,-16,81PNbuIH+DHbNAphX7WW/ztmZWk=,LyDuAkTujLnmQC920ayURlwpx0g=
8,-14,XqQjfRbsf6oALsI6HwWX9cYGzmc=,4kpTnJ0OJgcj25a3/QxjZ9w+YYs=
7,-15,XqQjfRbsf6oALsI6HwWX9cYGzmc=,nUnafi8KXnl8/zltuuq05gy4IU4=
7,-14,XqQjfRbsf6oALsI6HwWX9cYGzmc=,ZcqbIOefEr7oHctwURtIskUgVpo=
7,-16,UT1UG1CVLmlVNTD6uEze5+lhyDA=,nUnafi8KXnl8/zltuuq05gy4IU4=
8,-15,XqQjfRbsf6oALsI6HwWX9cYGzmc=,q/m6+BYJ3S6KCi5tnPmQe0Jgg3k=
8,-16,UT1UG1CVLmlVNTD6uEze5+lhyDA=,q/m6+BYJ3S6KCi5tnPmQe0Jgg3k=
6,-16,UT1UG1CVLmlVNTD6uEze5+lhyDA=,nUnafi8KXnl8/zltuuq05gy4IU4=
5,-15,81PNbuIH+DHbNAphX7WW/ztmZWk=,YBXR7zeyr1s2me2iTF/MxuTGRwQ=
4,-15,81PNbuIH+DHbNAphX7WW/ztmZWk=,YBXR7zeyr1s2me2iTF/MxuTGRwQ=
3,-16,81PNbuIH+DHbNAphX7WW/ztmZWk=,Qxu3zcXm4wClo9uZTJO/Ng5HmIU=
3,-15,81PNbuIH+DHbNAphX7WW/ztmZWk=,Qxu3zcXm4wClo9uZTJO/Ng5HmIU=
4,-16,81PNbuIH+DHbNAphX7WW/ztmZWk=,YBXR7zeyr1s2me2iTF/MxuTGRwQ=
5,-16,81PNbuIH+DHbNAphX7WW/ztmZWk=,YBXR7zeyr1s2me2iTF/MxuTGRwQ=
6,-15,n5zXo0kY2Y9ZGfUs8/HLfGHqats=,nUnafi8KXnl8/zltuuq05gy4IU4=
6,-14,n5zXo0kY2Y9ZGfUs8/HLfGHqats=,ZcqbIOefEr7oHctwURtIskUgVpo=
4,-14,g34ohzVcV4g23F5wlMGzmKra8Yw=,z5Wk0SOXJB4hnzI8ppwauCESE2o=
5,-14,g34ohzVcV4g23F5wlMGzmKra8Yw=,z5Wk0SOXJB4hnzI8ppwauCESE2o=
3,-14,g34ohzVcV4g23F5wlMGzmKra8Yw=,rTkKcMnS0sdABd6s2EJgIlnD0mA=
2,-20,MRgUJwlA6gh2sNsici/qyVBxRF0=,tN7E/qO7T6WM2YeK1gPVFxIk/Bg=
2,-19,lX/4qa1MqECcnwxwI29y0xgq8G0=,tN7E/qO7T6WM2YeK1gPVFxIk/Bg=
3,-20,B+i0AhDhioHVy7D29PzHD2iEecA=,tN7E/qO7T6WM2YeK1gPVFxIk/Bg=
3,-19,lX/4qa1MqECcnwxwI29y0xgq8G0=,tN7E/qO7T6WM2YeK1gPVFxIk/Bg=
17,-7,USRRVv7mZAB7zd2PsrJ1XyyFdAM=,dO8HK/zRxCInpbDHDbHcE19ImQA=
17,-6,USRRVv7mZAB7zd2PsrJ1XyyFdAM=,LCwauAsQfi+Oi7q3U+6+/xErcvU=
18,-7,USRRVv7mZAB7zd2PsrJ1XyyFdAM=,uj1wtqgVhkM3eBqzNFOp8bmQxdM=
18,-6,USRRVv7mZAB7zd2PsrJ1XyyFdAM=,tkk0sHIUAUBXjmgLc4SCwdCD4ag=
17,-5,+xNP15rBIigoUNWxFE5nYlueZiU=,LCwauAsQfi+Oi7q3U+6+/xErcvU=
18,-5,+xNP15rBIigoUNWxFE5nYlueZiU=,tkk0sHIUAUBXjmgLc4SCwdCD4ag=
18,-8,tV5G8IUb95dgRfn0HMhF9nVLxwg=,uj1wtqgVhkM3eBqzNFOp8bmQxdM=
18,-9,tV5G8IUb95dgRfn0HMhF9nVLxwg=,7Yp2DcwacZTw3g7aCmFTRzOuHA8=
17,-9,tV5G8IUb95dgRfn0HMhF9nVLxwg=,RLqssp+meGrMjKOA/QvZWNQAtT0=
17,-8,tV5G8IUb95dgRfn0HMhF9nVLxwg=,dO8HK/zRxCInpbDHDbHcE19ImQA=
18,-11,tV5G8IUb95dgRfn0HMhF9nVLxwg=,ksXvX4HivWaRxMfpCA0tuNpTXq4=
18,-10,tV5G8IUb95dgRfn0HMhF9nVLxwg=,7Yp2DcwacZTw3g7aCmFTRzOuHA8=
17,-10,tV5G8IUb95dgRfn0HMhF9nVLxwg=,RLqssp+meGrMjKOA/QvZWNQAtT0=
18,-13,mVxbDhgshpw1ODJ1kwdPe0KXAec=,XQNvgqs8wnBhiqypLitNPN6I2uI=
16,-10,tV5G8IUb95dgRfn0HMhF9nVLxwg=,RLqssp+meGrMjKOA/QvZWNQAtT0=
16,-9,tV5G8IUb95dgRfn0HMhF9nVLxwg=,RLqssp+meGrMjKOA/QvZWNQAtT0=
18,-12,tV5G8IUb95dgRfn0HMhF9nVLxwg=,ksXvX4HivWaRxMfpCA0tuNpTXq4=
16,-8,tV5G8IUb95dgRfn0HMhF9nVLxwg=,dO8HK/zRxCInpbDHDbHcE19ImQA=
16,-6,tV5G8IUb95dgRfn0HMhF9nVLxwg=,LCwauAsQfi+Oi7q3U+6+/xErcvU=
16,-7,tV5G8IUb95dgRfn0HMhF9nVLxwg=,dO8HK/zRxCInpbDHDbHcE19ImQA=
16,-5,tV5G8IUb95dgRfn0HMhF9nVLxwg=,LCwauAsQfi+Oi7q3U+6+/xErcvU=
18,-16,CG8timOfeoeQmDYY7LQ/n4E7ans=,3joO/K+1SNX4oxjZ3RzBAeIDPgw=
18,-14,CG8timOfeoeQmDYY7LQ/n4E7ans=,XQNvgqs8wnBhiqypLitNPN6I2uI=
18,-15,CG8timOfeoeQmDYY7LQ/n4E7ans=,3joO/K+1SNX4oxjZ3RzBAeIDPgw=
17,-15,Feq8pubGM8koSf0XEps8LVRoBiY=,jNZeO25fT++8JqNqU70XbnASdCE=
16,-15,Feq8pubGM8koSf0XEps8LVRoBiY=,jNZeO25fT++8JqNqU70XbnASdCE=
16,-16,Feq8pubGM8koSf0XEps8LVRoBiY=,jNZeO25fT++8JqNqU70XbnASdCE=
17,-16,Feq8pubGM8koSf0XEps8LVRoBiY=,jNZeO25fT++8JqNqU70XbnASdCE=
17,-19,jqZ/avjIm9r43SnRe7riUOv0i5o=,/FiwNLY7z3AYCzJjYb7ZyHyuOH0=
18,-19,jqZ/avjIm9r43SnRe7riUOv0i5o=,uMUH0lLVG9OI1NRH0ZEgrEu7FPQ=
18,-18,jqZ/avjIm9r43SnRe7riUOv0i5o=,72TwkbMprFcXMGBNdqZWlS8fZWI=
18,-17,jqZ/avjIm9r43SnRe7riUOv0i5o=,72TwkbMprFcXMGBNdqZWlS8fZWI=
16,-19,jqZ/avjIm9r43SnRe7riUOv0i5o=,/FiwNLY7z3AYCzJjYb7ZyHyuOH0=
17,-18,Feq8pubGM8koSf0XEps8LVRoBiY=,fKHODKfp8Hp4pQ06qgcfyItTDNI=
17,-17,Feq8pubGM8koSf0XEps8LVRoBiY=,fKHODKfp8Hp4pQ06qgcfyItTDNI=
16,-17,Feq8pubGM8koSf0XEps8LVRoBiY=,fKHODKfp8Hp4pQ06qgcfyItTDNI=
16,-18,Feq8pubGM8koSf0XEps8LVRoBiY=,fKHODKfp8Hp4pQ06qgcfyItTDNI=
1,-19,lX/4qa1MqECcnwxwI29y0xgq8G0=,CtV7K1mXjLCncivo4AX6Wrz3LyI=
1,-18,o7Pg3XkAoQNouWt7BCDxPCSHa6k=,9ysjlkavZeVyitVM0frStsu8Zak=
2,-18,o7Pg3XkAoQNouWt7BCDxPCSHa6k=,8WtunbioNWWXsvekE/bd8/NFMwc=
3,-18,o7Pg3XkAoQNouWt7BCDxPCSHa6k=,8WtunbioNWWXsvekE/bd8/NFMwc=
4,-19,lX/4qa1MqECcnwxwI29y0xgq8G0=,vJqxO8LFes8CEgTud083j8gg1c8=
4,-18,o7Pg3XkAoQNouWt7BCDxPCSHa6k=,vT22kQsqIMW4H8rhtlS+082BmPo=
5,-19,lX/4qa1MqECcnwxwI29y0xgq8G0=,vJqxO8LFes8CEgTud083j8gg1c8=
6,-19,RQ1K1YsWKj9o/5zmhIktTcwrbSw=,KbczPz1ec0PLJTYGD0Zh0AM3ag8=
5,-18,oOw/vBtgDOxpQJlAnB7dhf11oA4=,vT22kQsqIMW4H8rhtlS+082BmPo=
6,-18,oOw/vBtgDOxpQJlAnB7dhf11oA4=,u7khwe8r0BPEkDHE8C6v2aTLpcA=
7,-18,oOw/vBtgDOxpQJlAnB7dhf11oA4=,u7khwe8r0BPEkDHE8C6v2aTLpcA=
7,-19,rL6dkka+EnKccbonK1DfReV1c4Q=,KbczPz1ec0PLJTYGD0Zh0AM3ag8=
8,-18,oOw/vBtgDOxpQJlAnB7dhf11oA4=,TaHU66QblcO07cKSLmXvF7IGDgI=
8,-19,rL6dkka+EnKccbonK1DfReV1c4Q=,95tnZvMg8JMaHEPWNO5SMIqaeJ0=
9,-19,XPJ59bNWKHVVpZTzLStLiTAZTUg=,95tnZvMg8JMaHEPWNO5SMIqaeJ0=
9,-18,9QgPzruqKba31aU86Lvf1L+JXT4=,TaHU66QblcO07cKSLmXvF7IGDgI=
10,-19,XPJ59bNWKHVVpZTzLStLiTAZTUg=,ko81NoTlO2iVGwj8otfApGsv1OQ=
10,-18,XPJ59bNWKHVVpZTzLStLiTAZTUg=,n2oQOJuQg55HkkK9Y3oyW4dbxfY=
9,-17,9QgPzruqKba31aU86Lvf1L+JXT4=,TaHU66QblcO07cKSLmXvF7IGDgI=
10,-17,RQ1K1YsWKj9o/5zmhIktTcwrbSw=,n2oQOJuQg55HkkK9Y3oyW4dbxfY=
7,-17,9QgPzruqKba31aU86Lvf1L+JXT4=,u7khwe8r0BPEkDHE8C6v2aTLpcA=
8,-17,9QgPzruqKba31aU86Lvf1L+JXT4=,TaHU66QblcO07cKSLmXvF7IGDgI=
5,-17,9QgPzruqKba31aU86Lvf1L+JXT4=,vT22kQsqIMW4H8rhtlS+082BmPo=
6,-17,9QgPzruqKba31aU86Lvf1L+JXT4=,u7khwe8r0BPEkDHE8C6v2aTLpcA=
4,-17,9QgPzruqKba31aU86Lvf1L+JXT4=,vT22kQsqIMW4H8rhtlS+082BmPo=
3,-17,9QgPzruqKba31aU86Lvf1L+JXT4=,8WtunbioNWWXsvekE/bd8/NFMwc=
1,-17,9QgPzruqKba31aU86Lvf1L+JXT4=,9ysjlkavZeVyitVM0frStsu8Zak=
2,-17,9QgPzruqKba31aU86Lvf1L+JXT4=,8WtunbioNWWXsvekE/bd8/NFMwc=
0,-17,9QgPzruqKba31aU86Lvf1L+JXT4=,9ysjlkavZeVyitVM0frStsu8Zak=
0,-19,lX/4qa1MqECcnwxwI29y0xgq8G0=,CtV7K1mXjLCncivo4AX6Wrz3LyI=
0,-18,9QgPzruqKba31aU86Lvf1L+JXT4=,9ysjlkavZeVyitVM0frStsu8Zak=
12,-17,9QgPzruqKba31aU86Lvf1L+JXT4=,3a2SlhCXVtriS5nCJOl2dMbJOWY=
11,-19,rL6dkka+EnKccbonK1DfReV1c4Q=,ko81NoTlO2iVGwj8otfApGsv1OQ=
11,-18,rL6dkka+EnKccbonK1DfReV1c4Q=,n2oQOJuQg55HkkK9Y3oyW4dbxfY=
12,-18,9QgPzruqKba31aU86Lvf1L+JXT4=,3a2SlhCXVtriS5nCJOl2dMbJOWY=
12,-19,rL6dkka+EnKccbonK1DfReV1c4Q=,GWPbttvzyQSF1z1GZyRQOVAebwc=
11,-17,RQ1K1YsWKj9o/5zmhIktTcwrbSw=,n2oQOJuQg55HkkK9Y3oyW4dbxfY=
15,-19,lX/4qa1MqECcnwxwI29y0xgq8G0=,KKsYZ7aXYEC5dkQJTdHrZCcuKjk=
14,-19,lX/4qa1MqECcnwxwI29y0xgq8G0=,KKsYZ7aXYEC5dkQJTdHrZCcuKjk=
13,-19,RQ1K1YsWKj9o/5zmhIktTcwrbSw=,GWPbttvzyQSF1z1GZyRQOVAebwc=
13,-17,9QgPzruqKba31aU86Lvf1L+JXT4=,3a2SlhCXVtriS5nCJOl2dMbJOWY=
13,-18,9QgPzruqKba31aU86Lvf1L+JXT4=,3a2SlhCXVtriS5nCJOl2dMbJOWY=
14,-18,9QgPzruqKba31aU86Lvf1L+JXT4=,5rF8iOn0gHShs2AzIfYgHnd/GIs=
15,-17,9QgPzruqKba31aU86Lvf1L+JXT4=,5rF8iOn0gHShs2AzIfYgHnd/GIs=
15,-18,9QgPzruqKba31aU86Lvf1L+JXT4=,5rF8iOn0gHShs2AzIfYgHnd/GIs=
14,-17,9QgPzruqKba31aU86Lvf1L+JXT4=,5rF8iOn0gHShs2AzIfYgHnd/GIs=
21,-5,tV5G8IUb95dgRfn0HMhF9nVLxwg=,OTYwOMFjLd3EMyjRP9hmBI8zUXo=
20,-5,T7wqkVPjaXibxB6fiMivSE/ifbc=,OTYwOMFjLd3EMyjRP9hmBI8zUXo=
19,-5,T7wqkVPjaXibxB6fiMivSE/ifbc=,tkk0sHIUAUBXjmgLc4SCwdCD4ag=
21,-6,tV5G8IUb95dgRfn0HMhF9nVLxwg=,OTYwOMFjLd3EMyjRP9hmBI8zUXo=
21,-7,tV5G8IUb95dgRfn0HMhF9nVLxwg=,QrxzT22igLWlUKvOz7Sox14H9Gc=
19,-6,USRRVv7mZAB7zd2PsrJ1XyyFdAM=,tkk0sHIUAUBXjmgLc4SCwdCD4ag=
20,-7,USRRVv7mZAB7zd2PsrJ1XyyFdAM=,QrxzT22igLWlUKvOz7Sox14H9Gc=
19,-7,USRRVv7mZAB7zd2PsrJ1XyyFdAM=,uj1wtqgVhkM3eBqzNFOp8bmQxdM=
20,-6,USRRVv7mZAB7zd2PsrJ1XyyFdAM=,OTYwOMFjLd3EMyjRP9hmBI8zUXo=
19,-8,E3CPlPe4dTpMulVAVIxN10DZQTg=,uj1wtqgVhkM3eBqzNFOp8bmQxdM=
19,-9,E3CPlPe4dTpMulVAVIxN10DZQTg=,7Yp2DcwacZTw3g7aCmFTRzOuHA8=
20,-9,E3CPlPe4dTpMulVAVIxN10DZQTg=,0T7uvk+tmlXxIt7AABrae3w76sQ=
21,-9,ub4GDCu39g9tPQHDsAVxEgdj800=,0T7uvk+tmlXxIt7AABrae3w76sQ=
21,-8,ub4GDCu39g9tPQHDsAVxEgdj800=,QrxzT22igLWlUKvOz7Sox14H9Gc=
20,-8,E3CPlPe4dTpMulVAVIxN10DZQTg=,QrxzT22igLWlUKvOz7Sox14H9Gc=
20,-10,u5HBQlvo1HerrW7bRrF4w8dJMFU=,0T7uvk+tmlXxIt7AABrae3w76sQ=
21,-11,ub4GDCu39g9tPQHDsAVxEgdj800=,kDVBnafcE5bVaTKLKvXh+Wc6y5E=
21,-10,ub4GDCu39g9tPQHDsAVxEgdj800=,0T7uvk+tmlXxIt7AABrae3w76sQ=
19,-11,u5HBQlvo1HerrW7bRrF4w8dJMFU=,ksXvX4HivWaRxMfpCA0tuNpTXq4=
20,-11,u5HBQlvo1HerrW7bRrF4w8dJMFU=,kDVBnafcE5bVaTKLKvXh+Wc6y5E=
19,-10,u5HBQlvo1HerrW7bRrF4w8dJMFU=,7Yp2DcwacZTw3g7aCmFTRzOuHA8=
21,-12,tV5G8IUb95dgRfn0HMhF9nVLxwg=,kDVBnafcE5bVaTKLKvXh+Wc6y5E=
21,-13,9WJCjk89sOO2Q9hZkezk5iDx4oY=,J1SvtiVrb2ORX3AFimdtGiSoU8M=
19,-12,tV5G8IUb95dgRfn0HMhF9nVLxwg=,ksXvX4HivWaRxMfpCA0tuNpTXq4=
20,-12,tV5G8IUb95dgRfn0HMhF9nVLxwg=,kDVBnafcE5bVaTKLKvXh+Wc6y5E=
20,-13,tjzqZPE+NsoU1KQm+GsjKVYOYOw=,J1SvtiVrb2ORX3AFimdtGiSoU8M=
19,-13,3jDFsBhp2n/5zlj+QPTfYXtwcZI=,XQNvgqs8wnBhiqypLitNPN6I2uI=
21,-15,tdNIGyZle5jA+Zv96ECRZZAQ8Mw=,iT0+lxjRE6K46J0i8FFL6g4qx0I=
21,-14,tdNIGyZle5jA+Zv96ECRZZAQ8Mw=,J1SvtiVrb2ORX3AFimdtGiSoU8M=
19,-15,CG8timOfeoeQmDYY7LQ/n4E7ans=,3joO/K+1SNX4oxjZ3RzBAeIDPgw=
20,-14,tjzqZPE+NsoU1KQm+GsjKVYOYOw=,J1SvtiVrb2ORX3AFimdtGiSoU8M=
20,-15,tjzqZPE+NsoU1KQm+GsjKVYOYOw=,iT0+lxjRE6K46J0i8FFL6g4qx0I=
19,-14,CG8timOfeoeQmDYY7LQ/n4E7ans=,XQNvgqs8wnBhiqypLitNPN6I2uI=
21,-16,tjzqZPE+NsoU1KQm+GsjKVYOYOw=,iT0+lxjRE6K46J0i8FFL6g4qx0I=
20,-16,tjzqZPE+NsoU1KQm+GsjKVYOYOw=,iT0+lxjRE6K46J0i8FFL6g4qx0I=
19,-16,CG8timOfeoeQmDYY7LQ/n4E7ans=,3joO/K+1SNX4oxjZ3RzBAeIDPgw=
21,-2,fs6+N5IB4zWqOL6Uu05Do3KYmqY=,MGhQnvNo08OfndhOMvaIBy2/25Y=
20,-2,fs6+N5IB4zWqOL6Uu05Do3KYmqY=,MGhQnvNo08OfndhOMvaIBy2/25Y=
21,-1,tV5G8IUb95dgRfn0HMhF9nVLxwg=,MGhQnvNo08OfndhOMvaIBy2/25Y=
20,-1,tV5G8IUb95dgRfn0HMhF9nVLxwg=,MGhQnvNo08OfndhOMvaIBy2/25Y=
21,-22,2mYBBCRynp6DLp8BeUBku9M2MNo=,AIclX6s35HmCbJ+M1jMezGRZP2U=
21,-20,n0Enj45VaUfqv3YlGafjlxEIh/4=,9472LIy6EDB3jfE3PuGIUWFM4Hs=
21,-21,2mYBBCRynp6DLp8BeUBku9M2MNo=,AIclX6s35HmCbJ+M1jMezGRZP2U=
19,-22,2mYBBCRynp6DLp8BeUBku9M2MNo=,lLsblXDx27FX8yCIBUXdjA7QhiE=
20,-22,2mYBBCRynp6DLp8BeUBku9M2MNo=,AIclX6s35HmCbJ+M1jMezGRZP2U=
20,-20,B7Hf3S9LqRVRlXV9z3cdmGKyz+Y=,9472LIy6EDB3jfE3PuGIUWFM4Hs=
19,-20,bfuNBZ2rmlnn00DvvCbn354o45o=,uMUH0lLVG9OI1NRH0ZEgrEu7FPQ=
20,-21,2mYBBCRynp6DLp8BeUBku9M2MNo=,AIclX6s35HmCbJ+M1jMezGRZP2U=
19,-21,2mYBBCRynp6DLp8BeUBku9M2MNo=,lLsblXDx27FX8yCIBUXdjA7QhiE=
21,-19,L8zsjROJXSVi6u9K2ImpqAhdwBA=,9472LIy6EDB3jfE3PuGIUWFM4Hs=
21,-18,L8zsjROJXSVi6u9K2ImpqAhdwBA=,8KE8T4HIvKb3qL9Dh+5cozWURUM=
19,-18,jqZ/avjIm9r43SnRe7riUOv0i5o=,72TwkbMprFcXMGBNdqZWlS8fZWI=
20,-18,L8zsjROJXSVi6u9K2ImpqAhdwBA=,8KE8T4HIvKb3qL9Dh+5cozWURUM=
20,-19,L8zsjROJXSVi6u9K2ImpqAhdwBA=,9472LIy6EDB3jfE3PuGIUWFM4Hs=
19,-19,jqZ/avjIm9r43SnRe7riUOv0i5o=,uMUH0lLVG9OI1NRH0ZEgrEu7FPQ=
18,-22,2mYBBCRynp6DLp8BeUBku9M2MNo=,lLsblXDx27FX8yCIBUXdjA7QhiE=
17,-22,2mYBBCRynp6DLp8BeUBku9M2MNo=,BQUY5wuuMZpV9UkbWF0I/TAR2nw=
16,-22,2mYBBCRynp6DLp8BeUBku9M2MNo=,BQUY5wuuMZpV9UkbWF0I/TAR2nw=
16,-21,2mYBBCRynp6DLp8BeUBku9M2MNo=,BQUY5wuuMZpV9UkbWF0I/TAR2nw=
16,-20,jqZ/avjIm9r43SnRe7riUOv0i5o=,/FiwNLY7z3AYCzJjYb7ZyHyuOH0=
18,-21,2mYBBCRynp6DLp8BeUBku9M2MNo=,lLsblXDx27FX8yCIBUXdjA7QhiE=
21,-17,L8zsjROJXSVi6u9K2ImpqAhdwBA=,8KE8T4HIvKb3qL9Dh+5cozWURUM=
17,-20,jqZ/avjIm9r43SnRe7riUOv0i5o=,/FiwNLY7z3AYCzJjYb7ZyHyuOH0=
18,-20,jqZ/avjIm9r43SnRe7riUOv0i5o=,uMUH0lLVG9OI1NRH0ZEgrEu7FPQ=
17,-21,2mYBBCRynp6DLp8BeUBku9M2MNo=,BQUY5wuuMZpV9UkbWF0I/TAR2nw=
20,-17,L8zsjROJXSVi6u9K2ImpqAhdwBA=,8KE8T4HIvKb3qL9Dh+5cozWURUM=
19,-17,jqZ/avjIm9r43SnRe7riUOv0i5o=,72TwkbMprFcXMGBNdqZWlS8fZWI=
2,-22,1XaWxoU0s5aumFahGqVzLo+8Obg=,jrUu+ArelsSwiA1saBNb2Oz5AuA=
1,-22,1XaWxoU0s5aumFahGqVzLo+8Obg=,M39P4bIuQyHyMpngEtJHgmhT2yc=
2,-21,zdU1sFDF7FZ7lD4MCKQ/vceeJGQ=,jrUu+ArelsSwiA1saBNb2Oz5AuA=
1,-20,MRgUJwlA6gh2sNsici/qyVBxRF0=,CtV7K1mXjLCncivo4AX6Wrz3LyI=
1,-21,zdU1sFDF7FZ7lD4MCKQ/vceeJGQ=,M39P4bIuQyHyMpngEtJHgmhT2yc=
3,-22,pPK4HzoJW1Gbg9VYOjRve1a+ZQI=,jrUu+ArelsSwiA1saBNb2Oz5AuA=
4,-22,pPK4HzoJW1Gbg9VYOjRve1a+ZQI=,oVSLvmopaU9dbbJE1mR6RT5WL6s=
6,-22,xWV8tOTDWvEJsFRHbGm5GW9JDp0=,NhdACGTTsehOl63AaihjWB+4SyU=
5,-22,xWV8tOTDWvEJsFRHbGm5GW9JDp0=,oVSLvmopaU9dbbJE1mR6RT5WL6s=
4,-20,B+i0AhDhioHVy7D29PzHD2iEecA=,vJqxO8LFes8CEgTud083j8gg1c8=
4,-21,6dOaCW0MTNQeDrjRRwcZuG+IjW0=,oVSLvmopaU9dbbJE1mR6RT5WL6s=
3,-21,6dOaCW0MTNQeDrjRRwcZuG+IjW0=,jrUu+ArelsSwiA1saBNb2Oz5AuA=
5,-21,6dOaCW0MTNQeDrjRRwcZuG+IjW0=,oVSLvmopaU9dbbJE1mR6RT5WL6s=
6,-20,RQ1K1YsWKj9o/5zmhIktTcwrbSw=,KbczPz1ec0PLJTYGD0Zh0AM3ag8=
6,-21,6dOaCW0MTNQeDrjRRwcZuG+IjW0=,NhdACGTTsehOl63AaihjWB+4SyU=
5,-20,B+i0AhDhioHVy7D29PzHD2iEecA=,vJqxO8LFes8CEgTud083j8gg1c8=
7,-22,FWyP5/Bgc+lLOeU/pHVgyr2IY/Y=,NhdACGTTsehOl63AaihjWB+4SyU=
8,-22,igapqj+Cfu1dEl7OhilyDDp+310=,rHPBdjdqkDVvjs/khgaNTz8Z26Y=
10,-22,igapqj+Cfu1dEl7OhilyDDp+310=,CFOcIeg8AOUk4fAEqQisHS5vw/c=
9,-22,igapqj+Cfu1dEl7OhilyDDp+310=,rHPBdjdqkDVvjs/khgaNTz8Z26Y=
7,-20,rL6dkka+EnKccbonK1DfReV1c4Q=,KbczPz1ec0PLJTYGD0Zh0AM3ag8=
8,-20,rL6dkka+EnKccbonK1DfReV1c4Q=,95tnZvMg8JMaHEPWNO5SMIqaeJ0=
8,-21,rL6dkka+EnKccbonK1DfReV1c4Q=,rHPBdjdqkDVvjs/khgaNTz8Z26Y=
7,-21,6dOaCW0MTNQeDrjRRwcZuG+IjW0=,NhdACGTTsehOl63AaihjWB+4SyU=
10,-20,UP9Whcf5+6Z6tXHFMCFB6Ef7SuE=,ko81NoTlO2iVGwj8otfApGsv1OQ=
10,-21,UP9Whcf5+6Z6tXHFMCFB6Ef7SuE=,CFOcIeg8AOUk4fAEqQisHS5vw/c=
9,-20,UP9Whcf5+6Z6tXHFMCFB6Ef7SuE=,95tnZvMg8JMaHEPWNO5SMIqaeJ0=
9,-21,UP9Whcf5+6Z6tXHFMCFB6Ef7SuE=,rHPBdjdqkDVvjs/khgaNTz8Z26Y=
12,-22,3XGeKkRvCucHHNz+coFh+pdPfis=,BGg7HUayGu1aWXIO48tbAbfLTyU=
11,-22,3XGeKkRvCucHHNz+coFh+pdPfis=,CFOcIeg8AOUk4fAEqQisHS5vw/c=
12,-20,JE1WVJ5Z9hZu+ih6KjbHbsMBpd4=,GWPbttvzyQSF1z1GZyRQOVAebwc=
11,-20,JE1WVJ5Z9hZu+ih6KjbHbsMBpd4=,ko81NoTlO2iVGwj8otfApGsv1OQ=
11,-21,JE1WVJ5Z9hZu+ih6KjbHbsMBpd4=,CFOcIeg8AOUk4fAEqQisHS5vw/c=
12,-21,JE1WVJ5Z9hZu+ih6KjbHbsMBpd4=,BGg7HUayGu1aWXIO48tbAbfLTyU=
0,-20,lX/4qa1MqECcnwxwI29y0xgq8G0=,CtV7K1mXjLCncivo4AX6Wrz3LyI=
13,-22,JE1WVJ5Z9hZu+ih6KjbHbsMBpd4=,BGg7HUayGu1aWXIO48tbAbfLTyU=
0,-21,zdU1sFDF7FZ7lD4MCKQ/vceeJGQ=,M39P4bIuQyHyMpngEtJHgmhT2yc=
0,-22,zdU1sFDF7FZ7lD4MCKQ/vceeJGQ=,M39P4bIuQyHyMpngEtJHgmhT2yc=
15,-20,lX/4qa1MqECcnwxwI29y0xgq8G0=,KKsYZ7aXYEC5dkQJTdHrZCcuKjk=
14,-20,lX/4qa1MqECcnwxwI29y0xgq8G0=,KKsYZ7aXYEC5dkQJTdHrZCcuKjk=
13,-20,RQ1K1YsWKj9o/5zmhIktTcwrbSw=,GWPbttvzyQSF1z1GZyRQOVAebwc=
13,-21,RQ1K1YsWKj9o/5zmhIktTcwrbSw=,BGg7HUayGu1aWXIO48tbAbfLTyU=
15,-21,RQ1K1YsWKj9o/5zmhIktTcwrbSw=,xSgvdYyVs1bUDlufI5nS50YsCN0=
14,-22,JE1WVJ5Z9hZu+ih6KjbHbsMBpd4=,xSgvdYyVs1bUDlufI5nS50YsCN0=
14,-21,RQ1K1YsWKj9o/5zmhIktTcwrbSw=,xSgvdYyVs1bUDlufI5nS50YsCN0=
15,-22,RQ1K1YsWKj9o/5zmhIktTcwrbSw=,xSgvdYyVs1bUDlufI5nS50YsCN0=
25,-11,VTsABFIYto+BEt2SM4aO0IId4m8=,Wn3tQ2PVg0KHIi8GIHKtjpFdlHI=
25,-10,VTsABFIYto+BEt2SM4aO0IId4m8=,w7CIXHW9H01D4ClMxlAsRYuwxWs=
25,-13,1xilygjIQ8OoyR9AoB/NH+yRUKI=,y+MNwQhlMxZtYFJ0X0oUXN58qV8=
25,-12,1xilygjIQ8OoyR9AoB/NH+yRUKI=,Wn3tQ2PVg0KHIi8GIHKtjpFdlHI=
24,-10,ub4GDCu39g9tPQHDsAVxEgdj800=,w7CIXHW9H01D4ClMxlAsRYuwxWs=
24,-11,ub4GDCu39g9tPQHDsAVxEgdj800=,Wn3tQ2PVg0KHIi8GIHKtjpFdlHI=
23,-11,ub4GDCu39g9tPQHDsAVxEgdj800=,6iEo0vFTqFO/tHJ9jI6BoNnPye8=
23,-10,ub4GDCu39g9tPQHDsAVxEgdj800=,Pwx+j3tj9iDEviDoKWlAuzUxyqQ=
23,-12,ub4GDCu39g9tPQHDsAVxEgdj800=,6iEo0vFTqFO/tHJ9jI6BoNnPye8=
24,-12,ub4GDCu39g9tPQHDsAVxEgdj800=,Wn3tQ2PVg0KHIi8GIHKtjpFdlHI=
24,-13,ub4GDCu39g9tPQHDsAVxEgdj800=,y+MNwQhlMxZtYFJ0X0oUXN58qV8=
23,-13,ub4GDCu39g9tPQHDsAVxEgdj800=,YBvzRbjnV1wpjzk0xV3VY4VT+Uo=
25,-14,1xilygjIQ8OoyR9AoB/NH+yRUKI=,y+MNwQhlMxZtYFJ0X0oUXN58qV8=
23,-14,opeDHqOd8+qobIFg0y6A9gkzT94=,YBvzRbjnV1wpjzk0xV3VY4VT+Uo=
25,-15,1xilygjIQ8OoyR9AoB/NH+yRUKI=,Ui6R1foWwl7gXFqXyZbBfjYDwnQ=
24,-14,opeDHqOd8+qobIFg0y6A9gkzT94=,y+MNwQhlMxZtYFJ0X0oUXN58qV8=
24,-15,opeDHqOd8+qobIFg0y6A9gkzT94=,Ui6R1foWwl7gXFqXyZbBfjYDwnQ=
23,-15,tdNIGyZle5jA+Zv96ECRZZAQ8Mw=,YEU+2r8oZW2Tegb5Iurq+QjS3DM=
22,-15,tdNIGyZle5jA+Zv96ECRZZAQ8Mw=,YEU+2r8oZW2Tegb5Iurq+QjS3DM=
22,-14,tV5G8IUb95dgRfn0HMhF9nVLxwg=,YBvzRbjnV1wpjzk0xV3VY4VT+Uo=
22,-12,tV5G8IUb95dgRfn0HMhF9nVLxwg=,6iEo0vFTqFO/tHJ9jI6BoNnPye8=
22,-13,tV5G8IUb95dgRfn0HMhF9nVLxwg=,YBvzRbjnV1wpjzk0xV3VY4VT+Uo=
22,-11,ub4GDCu39g9tPQHDsAVxEgdj800=,6iEo0vFTqFO/tHJ9jI6BoNnPye8=
22,-10,ub4GDCu39g9tPQHDsAVxEgdj800=,Pwx+j3tj9iDEviDoKWlAuzUxyqQ=
22,-8,9WJCjk89sOO2Q9hZkezk5iDx4oY=,pgFZk+OP5vugcE003nQ/3eDjDu8=
22,-9,ub4GDCu39g9tPQHDsAVxEgdj800=,Pwx+j3tj9iDEviDoKWlAuzUxyqQ=
25,-6,I08IyUL1LcbV3WjY/q+hh9ETkzM=,HNDPyTWDVziygCybj907Iqy92rw=
25,-9,VTsABFIYto+BEt2SM4aO0IId4m8=,w7CIXHW9H01D4ClMxlAsRYuwxWs=
24,-9,ub4GDCu39g9tPQHDsAVxEgdj800=,w7CIXHW9H01D4ClMxlAsRYuwxWs=
24,-8,ub4GDCu39g9tPQHDsAVxEgdj800=,/fIb9SN+XBFk4D6JNARldSSyQb8=
23,-8,9t9xDdIpwj0k1opNdwy+ercfQ6Q=,pgFZk+OP5vugcE003nQ/3eDjDu8=
25,-8,VTsABFIYto+BEt2SM4aO0IId4m8=,/fIb9SN+XBFk4D6JNARldSSyQb8=
25,-7,I08IyUL1LcbV3WjY/q+hh9ETkzM=,/fIb9SN+XBFk4D6JNARldSSyQb8=
23,-9,ub4GDCu39g9tPQHDsAVxEgdj800=,Pwx+j3tj9iDEviDoKWlAuzUxyqQ=
24,-7,tV5G8IUb95dgRfn0HMhF9nVLxwg=,/fIb9SN+XBFk4D6JNARldSSyQb8=
23,-7,9t9xDdIpwj0k1opNdwy+ercfQ6Q=,pgFZk+OP5vugcE003nQ/3eDjDu8=
23,-6,tV5G8IUb95dgRfn0HMhF9nVLxwg=,eh8zSxeRngjSYaHpm12QAGDlf0c=
24,-6,tV5G8IUb95dgRfn0HMhF9nVLxwg=,HNDPyTWDVziygCybj907Iqy92rw=
22,-6,tV5G8IUb95dgRfn0HMhF9nVLxwg=,eh8zSxeRngjSYaHpm12QAGDlf0c=
22,-7,DYFGVhLesSR18tUtl6C02bP9TdI=,pgFZk+OP5vugcE003nQ/3eDjDu8=
25,-4,k/Xq5TE+ZjSsvHO+a39HjlnoDsM=,ehmSuXp7kc+6hX+fBi2qiEbHeMk=
25,-5,k/Xq5TE+ZjSsvHO+a39HjlnoDsM=,HNDPyTWDVziygCybj907Iqy92rw=
23,-4,tV5G8IUb95dgRfn0HMhF9nVLxwg=,6xkTBklnVhhoIQbBw3XdCW2Xx6w=
24,-4,tV5G8IUb95dgRfn0HMhF9nVLxwg=,ehmSuXp7kc+6hX+fBi2qiEbHeMk=
23,-5,tV5G8IUb95dgRfn0HMhF9nVLxwg=,eh8zSxeRngjSYaHpm12QAGDlf0c=
24,-5,tV5G8IUb95dgRfn0HMhF9nVLxwg=,HNDPyTWDVziygCybj907Iqy92rw=
22,-5,tV5G8IUb95dgRfn0HMhF9nVLxwg=,eh8zSxeRngjSYaHpm12QAGDlf0c=
22,-4,tV5G8IUb95dgRfn0HMhF9nVLxwg=,6xkTBklnVhhoIQbBw3XdCW2Xx6w=
25,-3,EKlpnvlHbqDxYkP1w6FbcSM4Tbc=,ehmSuXp7kc+6hX+fBi2qiEbHeMk=
25,-2,I08IyUL1LcbV3WjY/q+hh9ETkzM=,5xqcHqGFnZ7N8pPb0e5Ht0tllN8=
25,-1,tV5G8IUb95dgRfn0HMhF9nVLxwg=,5xqcHqGFnZ7N8pPb0e5Ht0tllN8=
23,-1,tV5G8IUb95dgRfn0HMhF9nVLxwg=,QtWyeYU9BKq/o9kA0L/pCbLyq/E=
24,-1,tV5G8IUb95dgRfn0HMhF9nVLxwg=,5xqcHqGFnZ7N8pPb0e5Ht0tllN8=
23,-3,eDpiShTsXLwIu0Tayb0QfdMBGwI=,6xkTBklnVhhoIQbBw3XdCW2Xx6w=
24,-3,eDpiShTsXLwIu0Tayb0QfdMBGwI=,ehmSuXp7kc+6hX+fBi2qiEbHeMk=
23,-2,eDpiShTsXLwIu0Tayb0QfdMBGwI=,QtWyeYU9BKq/o9kA0L/pCbLyq/E=
24,-2,eDpiShTsXLwIu0Tayb0QfdMBGwI=,5xqcHqGFnZ7N8pPb0e5Ht0tllN8=
22,-3,fs6+N5IB4zWqOL6Uu05Do3KYmqY=,6xkTBklnVhhoIQbBw3XdCW2Xx6w=
22,-1,tV5G8IUb95dgRfn0HMhF9nVLxwg=,QtWyeYU9BKq/o9kA0L/pCbLyq/E=
22,-2,fs6+N5IB4zWqOL6Uu05Do3KYmqY=,QtWyeYU9BKq/o9kA0L/pCbLyq/E=
22,-16,tjzqZPE+NsoU1KQm+GsjKVYOYOw=,YEU+2r8oZW2Tegb5Iurq+QjS3DM=
23,-16,tjzqZPE+NsoU1KQm+GsjKVYOYOw=,YEU+2r8oZW2Tegb5Iurq+QjS3DM=
25,-16,tV5G8IUb95dgRfn0HMhF9nVLxwg=,Ui6R1foWwl7gXFqXyZbBfjYDwnQ=
24,-16,tV5G8IUb95dgRfn0HMhF9nVLxwg=,Ui6R1foWwl7gXFqXyZbBfjYDwnQ=
25,-21,AoY2pMLFEHzPX64dpMuVgJY4c40=,Ah7FkHdwpS1KUKmdlmcW8TSaHIk=
25,-20,AoY2pMLFEHzPX64dpMuVgJY4c40=,NErzpfCY5uaAUfVzOSjZtXr0zpc=
23,-21,Ol5X3k7jwR40LnaXHLLHrvpfcac=,oHh/63hfqK9KlqqCqRU62pZ1C1I=
24,-21,L91uyWVHTxxptst/S8iRR9hprdM=,Ah7FkHdwpS1KUKmdlmcW8TSaHIk=
24,-20,L91uyWVHTxxptst/S8iRR9hprdM=,NErzpfCY5uaAUfVzOSjZtXr0zpc=
23,-20,Ol5X3k7jwR40LnaXHLLHrvpfcac=,v1+VqnF8SdN2/Pz+5JPwM8rYMA8=
22,-20,n0Enj45VaUfqv3YlGafjlxEIh/4=,v1+VqnF8SdN2/Pz+5JPwM8rYMA8=
22,-21,n0Enj45VaUfqv3YlGafjlxEIh/4=,oHh/63hfqK9KlqqCqRU62pZ1C1I=
22,-22,+5dsA9HMpP07bt/+3OfMfXRAf5Y=,oHh/63hfqK9KlqqCqRU62pZ1C1I=
22,-23,2mYBBCRynp6DLp8BeUBku9M2MNo=,68xnsydixeH2sBsNgLl9wgk18EQ=
21,-23,2mYBBCRynp6DLp8BeUBku9M2MNo=,e7ynZbAenBqIM3nuhvP2gnPGBtg=
18,-25,wKI9Q82VxTZCXO/9fpoihxCSs68=,2XdPzxcXvMAGCdBZE2QjAPZm3hU=
17,-25,wKI9Q82VxTZCXO/9fpoihxCSs68=,jVmR4QEdrcS/mW2GtuhP40JJy6Q=
17,-24,wKI9Q82VxTZCXO/9fpoihxCSs68=,7xgEzt5VhS9gj64763tZMQqVUGk=
18,-24,wKI9Q82VxTZCXO/9fpoihxCSs68=,FklEe2uWbQZNZVQCD2KlQYIlizA=
16,-25,wKI9Q82VxTZCXO/9fpoihxCSs68=,jVmR4QEdrcS/mW2GtuhP40JJy6Q=
16,-24,wKI9Q82VxTZCXO/9fpoihxCSs68=,7xgEzt5VhS9gj64763tZMQqVUGk=
18,-23,2mYBBCRynp6DLp8BeUBku9M2MNo=,FklEe2uWbQZNZVQCD2KlQYIlizA=
17,-23,2mYBBCRynp6DLp8BeUBku9M2MNo=,7xgEzt5VhS9gj64763tZMQqVUGk=
20,-23,2mYBBCRynp6DLp8BeUBku9M2MNo=,e7ynZbAenBqIM3nuhvP2gnPGBtg=
19,-23,2mYBBCRynp6DLp8BeUBku9M2MNo=,FklEe2uWbQZNZVQCD2KlQYIlizA=
25,-19,WhzkzaENRJO3i9Sod0deMfnjHhk=,NErzpfCY5uaAUfVzOSjZtXr0zpc=
25,-18,WhzkzaENRJO3i9Sod0deMfnjHhk=,Fk1UemcjcgYvWo0VED+OVIizi8g=
25,-17,WhzkzaENRJO3i9Sod0deMfnjHhk=,Fk1UemcjcgYvWo0VED+OVIizi8g=
16,-23,2mYBBCRynp6DLp8BeUBku9M2MNo=,7xgEzt5VhS9gj64763tZMQqVUGk=
24,-19,WhzkzaENRJO3i9Sod0deMfnjHhk=,NErzpfCY5uaAUfVzOSjZtXr0zpc=
23,-19,L8zsjROJXSVi6u9K2ImpqAhdwBA=,v1+VqnF8SdN2/Pz+5JPwM8rYMA8=
23,-17,2mYBBCRynp6DLp8BeUBku9M2MNo=,uvIO9EzGQKCsRw1FAwmHF3e1o8I=
24,-18,WhzkzaENRJO3i9Sod0deMfnjHhk=,Fk1UemcjcgYvWo0VED+OVIizi8g=
24,-17,2mYBBCRynp6DLp8BeUBku9M2MNo=,Fk1UemcjcgYvWo0VED+OVIizi8g=
22,-19,L8zsjROJXSVi6u9K2ImpqAhdwBA=,v1+VqnF8SdN2/Pz+5JPwM8rYMA8=
22,-18,2mYBBCRynp6DLp8BeUBku9M2MNo=,uvIO9EzGQKCsRw1FAwmHF3e1o8I=
23,-18,WhzkzaENRJO3i9Sod0deMfnjHhk=,uvIO9EzGQKCsRw1FAwmHF3e1o8I=
22,-17,2mYBBCRynp6DLp8BeUBku9M2MNo=,uvIO9EzGQKCsRw1FAwmHF3e1o8I=
19,-24,wKI9Q82VxTZCXO/9fpoihxCSs68=,FklEe2uWbQZNZVQCD2KlQYIlizA=
19,-25,wKI9Q82VxTZCXO/9fpoihxCSs68=,2XdPzxcXvMAGCdBZE2QjAPZm3hU=
20,-24,wKI9Q82VxTZCXO/9fpoihxCSs68=,e7ynZbAenBqIM3nuhvP2gnPGBtg=
20,-25,wKI9Q82VxTZCXO/9fpoihxCSs68=,J3LX/JeILdf+twMG397djOXpYMQ=
21,-24,L91uyWVHTxxptst/S8iRR9hprdM=,e7ynZbAenBqIM3nuhvP2gnPGBtg=
21,-25,L91uyWVHTxxptst/S8iRR9hprdM=,J3LX/JeILdf+twMG397djOXpYMQ=
22,-24,L91uyWVHTxxptst/S8iRR9hprdM=,68xnsydixeH2sBsNgLl9wgk18EQ=
25,-22,AoY2pMLFEHzPX64dpMuVgJY4c40=,Ah7FkHdwpS1KUKmdlmcW8TSaHIk=
25,-25,DG1HxS3A/ojUr44c7Cpg+yMeD1c=,E9EYhdRNqyh9o2VSplxighn0QnY=
22,-25,L91uyWVHTxxptst/S8iRR9hprdM=,U27iiLnnCRnrupACTtEFIaZiQQw=
25,-24,DG1HxS3A/ojUr44c7Cpg+yMeD1c=,I1YF/bJO1Q+pFkslSpo5ASaVtg0=
25,-23,AoY2pMLFEHzPX64dpMuVgJY4c40=,I1YF/bJO1Q+pFkslSpo5ASaVtg0=
23,-23,L91uyWVHTxxptst/S8iRR9hprdM=,68xnsydixeH2sBsNgLl9wgk18EQ=
23,-22,L8zsjROJXSVi6u9K2ImpqAhdwBA=,oHh/63hfqK9KlqqCqRU62pZ1C1I=
24,-24,L91uyWVHTxxptst/S8iRR9hprdM=,I1YF/bJO1Q+pFkslSpo5ASaVtg0=
24,-22,L91uyWVHTxxptst/S8iRR9hprdM=,Ah7FkHdwpS1KUKmdlmcW8TSaHIk=
24,-23,L91uyWVHTxxptst/S8iRR9hprdM=,I1YF/bJO1Q+pFkslSpo5ASaVtg0=
24,-25,L91uyWVHTxxptst/S8iRR9hprdM=,E9EYhdRNqyh9o2VSplxighn0QnY=
23,-25,L91uyWVHTxxptst/S8iRR9hprdM=,U27iiLnnCRnrupACTtEFIaZiQQw=
23,-24,L91uyWVHTxxptst/S8iRR9hprdM=,68xnsydixeH2sBsNgLl9wgk18EQ=
13,-23,JE1WVJ5Z9hZu+ih6KjbHbsMBpd4=,FbWtT/RaKv0XPXyppe1duSeaueY=
14,-23,JE1WVJ5Z9hZu+ih6KjbHbsMBpd4=,ujZ/lm1I+g/vCTohKoLgvICrE6Q=
11,-23,3XGeKkRvCucHHNz+coFh+pdPfis=,NgUM9VZ8RQ46Ewu3zNcxsaY3His=
12,-23,3XGeKkRvCucHHNz+coFh+pdPfis=,FbWtT/RaKv0XPXyppe1duSeaueY=
10,-23,igapqj+Cfu1dEl7OhilyDDp+310=,NgUM9VZ8RQ46Ewu3zNcxsaY3His=
9,-23,waAHpwbBVU9etmqzd4Ofkuvsh/s=,DtgW+AJ6JWNGYuM3Gzl3PRvedt4=
8,-23,FWyP5/Bgc+lLOeU/pHVgyr2IY/Y=,DtgW+AJ6JWNGYuM3Gzl3PRvedt4=
7,-23,FWyP5/Bgc+lLOeU/pHVgyr2IY/Y=,vWhbszI9v+x/qEizWfDyv9c7VdY=
5,-23,xWV8tOTDWvEJsFRHbGm5GW9JDp0=,pi7otBGy+lwF3ktAETz5yFuqUtA=
6,-23,xWV8tOTDWvEJsFRHbGm5GW9JDp0=,vWhbszI9v+x/qEizWfDyv9c7VdY=
4,-23,pPK4HzoJW1Gbg9VYOjRve1a+ZQI=,pi7otBGy+lwF3ktAETz5yFuqUtA=
3,-23,pPK4HzoJW1Gbg9VYOjRve1a+ZQI=,TRPx34FARcu3WHOsUBzFt6uToTY=
1,-23,1XaWxoU0s5aumFahGqVzLo+8Obg=,V9v2nJVsJWViGEvp0tiDtwEFouc=
2,-23,1XaWxoU0s5aumFahGqVzLo+8Obg=,TRPx34FARcu3WHOsUBzFt6uToTY=
1,-25,U5Ef8xQ480zpXRDWsf3j+8/aR38=,ueDAHz0tlJwjuTx+5lazWZm/Yls=
2,-25,U5Ef8xQ480zpXRDWsf3j+8/aR38=,ENhjhf0vhWVF8tLzKaOFXtmnjrA=
2,-24,1XaWxoU0s5aumFahGqVzLo+8Obg=,TRPx34FARcu3WHOsUBzFt6uToTY=
1,-24,1XaWxoU0s5aumFahGqVzLo+8Obg=,V9v2nJVsJWViGEvp0tiDtwEFouc=
4,-25,U5Ef8xQ480zpXRDWsf3j+8/aR38=,lWHo0hP7hkUpUjm2QsOseWGVaC0=
3,-24,1XaWxoU0s5aumFahGqVzLo+8Obg=,TRPx34FARcu3WHOsUBzFt6uToTY=
4,-24,1XaWxoU0s5aumFahGqVzLo+8Obg=,pi7otBGy+lwF3ktAETz5yFuqUtA=
3,-25,U5Ef8xQ480zpXRDWsf3j+8/aR38=,ENhjhf0vhWVF8tLzKaOFXtmnjrA=
5,-25,nRO5F3esWcF6wguuxnjFXQqvuvc=,lWHo0hP7hkUpUjm2QsOseWGVaC0=
6,-24,1XaWxoU0s5aumFahGqVzLo+8Obg=,vWhbszI9v+x/qEizWfDyv9c7VdY=
5,-24,1XaWxoU0s5aumFahGqVzLo+8Obg=,pi7otBGy+lwF3ktAETz5yFuqUtA=
6,-25,nRO5F3esWcF6wguuxnjFXQqvuvc=,FoA92A79udC+vPNNfJgLSP8iyYs=
8,-24,1XaWxoU0s5aumFahGqVzLo+8Obg=,DtgW+AJ6JWNGYuM3Gzl3PRvedt4=
7,-24,1XaWxoU0s5aumFahGqVzLo+8Obg=,vWhbszI9v+x/qEizWfDyv9c7VdY=
8,-25,igapqj+Cfu1dEl7OhilyDDp+310=,dEMW//wuEudrGwwK6OtguoTnYuM=
7,-25,igapqj+Cfu1dEl7OhilyDDp+310=,FoA92A79udC+vPNNfJgLSP8iyYs=
14,-24,RQ1K1YsWKj9o/5zmhIktTcwrbSw=,ujZ/lm1I+g/vCTohKoLgvICrE6Q=
13,-24,RQ1K1YsWKj9o/5zmhIktTcwrbSw=,FbWtT/RaKv0XPXyppe1duSeaueY=
13,-25,RQ1K1YsWKj9o/5zmhIktTcwrbSw=,aPQI2BifLoFiryTGdmKuEexIYKg=
15,-23,RQ1K1YsWKj9o/5zmhIktTcwrbSw=,ujZ/lm1I+g/vCTohKoLgvICrE6Q=
15,-25,RQ1K1YsWKj9o/5zmhIktTcwrbSw=,3G/FGyFaGV8BkE6XOXt0tvNhb3M=
15,-24,RQ1K1YsWKj9o/5zmhIktTcwrbSw=,ujZ/lm1I+g/vCTohKoLgvICrE6Q=
12,-25,3XGeKkRvCucHHNz+coFh+pdPfis=,aPQI2BifLoFiryTGdmKuEexIYKg=
14,-25,RQ1K1YsWKj9o/5zmhIktTcwrbSw=,3G/FGyFaGV8BkE6XOXt0tvNhb3M=
11,-25,3XGeKkRvCucHHNz+coFh+pdPfis=,4xCsenQarl0l+lzZhGEr55NGlMA=
9,-25,igapqj+Cfu1dEl7OhilyDDp+310=,dEMW//wuEudrGwwK6OtguoTnYuM=
9,-24,1XaWxoU0s5aumFahGqVzLo+8Obg=,DtgW+AJ6JWNGYuM3Gzl3PRvedt4=
12,-24,3XGeKkRvCucHHNz+coFh+pdPfis=,FbWtT/RaKv0XPXyppe1duSeaueY=
10,-24,igapqj+Cfu1dEl7OhilyDDp+310=,NgUM9VZ8RQ46Ewu3zNcxsaY3His=
11,-24,3XGeKkRvCucHHNz+coFh+pdPfis=,NgUM9VZ8RQ46Ewu3zNcxsaY3His=
10,-25,igapqj+Cfu1dEl7OhilyDDp+310=,4xCsenQarl0l+lzZhGEr55NGlMA=
0,-23,zdU1sFDF7FZ7lD4MCKQ/vceeJGQ=,V9v2nJVsJWViGEvp0tiDtwEFouc=
0,-24,zdU1sFDF7FZ7lD4MCKQ/vceeJGQ=,V9v2nJVsJWViGEvp0tiDtwEFouc=
0,-25,RQ1K1YsWKj9o/5zmhIktTcwrbSw=,ueDAHz0tlJwjuTx+5lazWZm/Yls=
26,-4,k/Xq5TE+ZjSsvHO+a39HjlnoDsM=,JgO4qvhzDIwHI6RmPdDPufso+yk=
26,-5,k/Xq5TE+ZjSsvHO+a39HjlnoDsM=,cgwNMezPGCfb3qD/G+H8nsl+Iqg=
26,-2,I08IyUL1LcbV3WjY/q+hh9ETkzM=,gKLkIQMJaVQVfln3ZnqxqQn100g=
26,-3,I08IyUL1LcbV3WjY/q+hh9ETkzM=,JgO4qvhzDIwHI6RmPdDPufso+yk=
26,-7,I08IyUL1LcbV3WjY/q+hh9ETkzM=,8C5YwpWwVzioIub1B5uUDQ+sfDM=
26,-6,I08IyUL1LcbV3WjY/q+hh9ETkzM=,cgwNMezPGCfb3qD/G+H8nsl+Iqg=
26,-8,VTsABFIYto+BEt2SM4aO0IId4m8=,8C5YwpWwVzioIub1B5uUDQ+sfDM=
26,-9,VTsABFIYto+BEt2SM4aO0IId4m8=,Jjg/dy/qd4pAfb7H3kpawIjBA2U=
26,-11,VTsABFIYto+BEt2SM4aO0IId4m8=,CKnnJLwupQdX/a/ClvKrvCr6wGU=
26,-10,VTsABFIYto+BEt2SM4aO0IId4m8=,Jjg/dy/qd4pAfb7H3kpawIjBA2U=
26,-13,1xilygjIQ8OoyR9AoB/NH+yRUKI=,njSL/zG/tXfItcnBCNE5KNnZZ2M=
26,-12,1xilygjIQ8OoyR9AoB/NH+yRUKI=,CKnnJLwupQdX/a/ClvKrvCr6wGU=
28,-15,1xilygjIQ8OoyR9AoB/NH+yRUKI=,L6e4Q1LqZy41gKaeoISZU3a9ihk=
28,-14,1xilygjIQ8OoyR9AoB/NH+yRUKI=,ZlziLYHktMj7+YAa89DjdTrFH50=
26,-14,1xilygjIQ8OoyR9AoB/NH+yRUKI=,njSL/zG/tXfItcnBCNE5KNnZZ2M=
27,-15,1xilygjIQ8OoyR9AoB/NH+yRUKI=,0Zf33wULTHmbOlfqkXVlsk/5exc=
27,-14,1xilygjIQ8OoyR9AoB/NH+yRUKI=,njSL/zG/tXfItcnBCNE5KNnZZ2M=
26,-15,1xilygjIQ8OoyR9AoB/NH+yRUKI=,0Zf33wULTHmbOlfqkXVlsk/5exc=
26,-1,tV5G8IUb95dgRfn0HMhF9nVLxwg=,gKLkIQMJaVQVfln3ZnqxqQn100g=
28,-3,tV5G8IUb95dgRfn0HMhF9nVLxwg=,IRIXufSAcS2AimWv1sijd7JxoA8=
28,-1,tV5G8IUb95dgRfn0HMhF9nVLxwg=,VHQ3NvA+OImERJqn4OxMi6hFME0=
28,-2,tV5G8IUb95dgRfn0HMhF9nVLxwg=,VHQ3NvA+OImERJqn4OxMi6hFME0=
27,-2,tV5G8IUb95dgRfn0HMhF9nVLxwg=,gKLkIQMJaVQVfln3ZnqxqQn100g=
27,-3,tV5G8IUb95dgRfn0HMhF9nVLxwg=,JgO4qvhzDIwHI6RmPdDPufso+yk=
27,-1,tV5G8IUb95dgRfn0HMhF9nVLxwg=,gKLkIQMJaVQVfln3ZnqxqQn100g=
26,-16,tV5G8IUb95dgRfn0HMhF9nVLxwg=,0Zf33wULTHmbOlfqkXVlsk/5exc=
28,-9,tV5G8IUb95dgRfn0HMhF9nVLxwg=,V6pMDHFCtr3TJD/94F6/n08YQIk=
27,-9,tV5G8IUb95dgRfn0HMhF9nVLxwg=,Jjg/dy/qd4pAfb7H3kpawIjBA2U=
28,-8,tV5G8IUb95dgRfn0HMhF9nVLxwg=,eKsrprvmW5gTSoO2EAoy1GG8h8Q=
27,-8,tV5G8IUb95dgRfn0HMhF9nVLxwg=,8C5YwpWwVzioIub1B5uUDQ+sfDM=
28,-7,tV5G8IUb95dgRfn0HMhF9nVLxwg=,eKsrprvmW5gTSoO2EAoy1GG8h8Q=
28,-6,tV5G8IUb95dgRfn0HMhF9nVLxwg=,rI52aBkPcBFQ+Au4Ug/4fT5iDUg=
28,-5,tV5G8IUb95dgRfn0HMhF9nVLxwg=,rI52aBkPcBFQ+Au4Ug/4fT5iDUg=
28,-4,tV5G8IUb95dgRfn0HMhF9nVLxwg=,IRIXufSAcS2AimWv1sijd7JxoA8=
27,-7,tV5G8IUb95dgRfn0HMhF9nVLxwg=,8C5YwpWwVzioIub1B5uUDQ+sfDM=
27,-5,tV5G8IUb95dgRfn0HMhF9nVLxwg=,cgwNMezPGCfb3qD/G+H8nsl+Iqg=
28,-16,tV5G8IUb95dgRfn0HMhF9nVLxwg=,L6e4Q1LqZy41gKaeoISZU3a9ihk=
27,-6,tV5G8IUb95dgRfn0HMhF9nVLxwg=,cgwNMezPGCfb3qD/G+H8nsl+Iqg=
27,-4,tV5G8IUb95dgRfn0HMhF9nVLxwg=,JgO4qvhzDIwHI6RmPdDPufso+yk=
27,-16,tV5G8IUb95dgRfn0HMhF9nVLxwg=,0Zf33wULTHmbOlfqkXVlsk/5exc=
28,-13,enH8JmjOjr1giRKsQjP/MePmiSM=,ZlziLYHktMj7+YAa89DjdTrFH50=
28,-10,enH8JmjOjr1giRKsQjP/MePmiSM=,V6pMDHFCtr3TJD/94F6/n08YQIk=
28,-11,enH8JmjOjr1giRKsQjP/MePmiSM=,3F8OjhDyGaB2/MWipt8j23iWhac=
28,-12,enH8JmjOjr1giRKsQjP/MePmiSM=,3F8OjhDyGaB2/MWipt8j23iWhac=
27,-12,enH8JmjOjr1giRKsQjP/MePmiSM=,CKnnJLwupQdX/a/ClvKrvCr6wGU=
27,-13,enH8JmjOjr1giRKsQjP/MePmiSM=,njSL/zG/tXfItcnBCNE5KNnZZ2M=
27,-10,enH8JmjOjr1giRKsQjP/MePmiSM=,Jjg/dy/qd4pAfb7H3kpawIjBA2U=
27,-11,enH8JmjOjr1giRKsQjP/MePmiSM=,CKnnJLwupQdX/a/ClvKrvCr6wGU=
24,-27,brZVyFZY8uhjPh1rrkVEkkH0bFk=,thMH169OgxJMcp/r+OxUOpQmPj8=
24,-26,brZVyFZY8uhjPh1rrkVEkkH0bFk=,E9EYhdRNqyh9o2VSplxighn0QnY=
23,-27,brZVyFZY8uhjPh1rrkVEkkH0bFk=,g4VTNKt3VoYd8c/wltfVorNBTLk=
23,-26,brZVyFZY8uhjPh1rrkVEkkH0bFk=,U27iiLnnCRnrupACTtEFIaZiQQw=
26,-26,DG1HxS3A/ojUr44c7Cpg+yMeD1c=,nC3Z6DB8LEDYViS0CyZUpJKWNiU=
26,-27,DG1HxS3A/ojUr44c7Cpg+yMeD1c=,tyghouVk4Ts0zr7zS80xbdK2f6Q=
26,-25,DG1HxS3A/ojUr44c7Cpg+yMeD1c=,nC3Z6DB8LEDYViS0CyZUpJKWNiU=
25,-27,DG1HxS3A/ojUr44c7Cpg+yMeD1c=,thMH169OgxJMcp/r+OxUOpQmPj8=
26,-24,DG1HxS3A/ojUr44c7Cpg+yMeD1c=,0igCYLsKc3evKKzwpa9chkUouxo=
25,-26,DG1HxS3A/ojUr44c7Cpg+yMeD1c=,E9EYhdRNqyh9o2VSplxighn0QnY=
26,-22,AoY2pMLFEHzPX64dpMuVgJY4c40=,DAZoixYhdEADaVOklMP9N7GfL+U=
26,-23,AoY2pMLFEHzPX64dpMuVgJY4c40=,0igCYLsKc3evKKzwpa9chkUouxo=
26,-21,AoY2pMLFEHzPX64dpMuVgJY4c40=,DAZoixYhdEADaVOklMP9N7GfL+U=
26,-20,AoY2pMLFEHzPX64dpMuVgJY4c40=,0zBD7nWC4VCbRwlW9gQGA7UWHUs=
28,-19,WhzkzaENRJO3i9Sod0deMfnjHhk=,Zai0FkRL4bO1g0dA+1F5RjVJWmQ=
28,-18,WhzkzaENRJO3i9Sod0deMfnjHhk=,KjRwQ3UelINrnpRUa7ZPciOb/40=
26,-18,WhzkzaENRJO3i9Sod0deMfnjHhk=,KAMH/4V8CNqiLfiP9ULvSEqi9fQ=
26,-19,WhzkzaENRJO3i9Sod0deMfnjHhk=,0zBD7nWC4VCbRwlW9gQGA7UWHUs=
27,-18,WhzkzaENRJO3i9Sod0deMfnjHhk=,KAMH/4V8CNqiLfiP9ULvSEqi9fQ=
27,-19,WhzkzaENRJO3i9Sod0deMfnjHhk=,0zBD7nWC4VCbRwlW9gQGA7UWHUs=
26,-17,WhzkzaENRJO3i9Sod0deMfnjHhk=,KAMH/4V8CNqiLfiP9ULvSEqi9fQ=
22,-26,NhXpxHnzyPVXmc406SiHGBFY+Mg=,U27iiLnnCRnrupACTtEFIaZiQQw=
21,-26,NhXpxHnzyPVXmc406SiHGBFY+Mg=,J3LX/JeILdf+twMG397djOXpYMQ=
22,-27,NhXpxHnzyPVXmc406SiHGBFY+Mg=,g4VTNKt3VoYd8c/wltfVorNBTLk=
21,-27,NhXpxHnzyPVXmc406SiHGBFY+Mg=,9czqaN7HH4cqkte/7tUEbkLCtsg=
20,-29,NhXpxHnzyPVXmc406SiHGBFY+Mg=,FVRlYS2Ja3eWTAUgFOXJ7DjEKOs=
19,-29,NhXpxHnzyPVXmc406SiHGBFY+Mg=,mnaWTEoVelPcqtsmag8hCMo+rMc=
19,-28,NhXpxHnzyPVXmc406SiHGBFY+Mg=,xWNJxa0/Lg4aE6N8YdDOf9cWQAY=
20,-28,NhXpxHnzyPVXmc406SiHGBFY+Mg=,9czqaN7HH4cqkte/7tUEbkLCtsg=
19,-26,2pkPpm5h5mFaYcxQssE1sSrj/wI=,2XdPzxcXvMAGCdBZE2QjAPZm3hU=
20,-27,2pkPpm5h5mFaYcxQssE1sSrj/wI=,9czqaN7HH4cqkte/7tUEbkLCtsg=
19,-27,2pkPpm5h5mFaYcxQssE1sSrj/wI=,xWNJxa0/Lg4aE6N8YdDOf9cWQAY=
20,-26,2pkPpm5h5mFaYcxQssE1sSrj/wI=,J3LX/JeILdf+twMG397djOXpYMQ=
18,-26,KblH8V4QjYBIPaZw2M6bAPq1qpo=,2XdPzxcXvMAGCdBZE2QjAPZm3hU=
18,-27,KblH8V4QjYBIPaZw2M6bAPq1qpo=,xWNJxa0/Lg4aE6N8YdDOf9cWQAY=
17,-26,KblH8V4QjYBIPaZw2M6bAPq1qpo=,jVmR4QEdrcS/mW2GtuhP40JJy6Q=
17,-27,KblH8V4QjYBIPaZw2M6bAPq1qpo=,pRneInrBnNf/dMZN/KgRkvCPwWQ=
16,-27,wKI9Q82VxTZCXO/9fpoihxCSs68=,pRneInrBnNf/dMZN/KgRkvCPwWQ=
16,-26,wKI9Q82VxTZCXO/9fpoihxCSs68=,jVmR4QEdrcS/mW2GtuhP40JJy6Q=
18,-29,wKI9Q82VxTZCXO/9fpoihxCSs68=,mnaWTEoVelPcqtsmag8hCMo+rMc=
17,-29,wKI9Q82VxTZCXO/9fpoihxCSs68=,uGR/Ad6DGf4Up4E6QTvxjPywvY4=
18,-28,wKI9Q82VxTZCXO/9fpoihxCSs68=,xWNJxa0/Lg4aE6N8YdDOf9cWQAY=
17,-28,wKI9Q82VxTZCXO/9fpoihxCSs68=,pRneInrBnNf/dMZN/KgRkvCPwWQ=
16,-29,wKI9Q82VxTZCXO/9fpoihxCSs68=,uGR/Ad6DGf4Up4E6QTvxjPywvY4=
16,-28,wKI9Q82VxTZCXO/9fpoihxCSs68=,pRneInrBnNf/dMZN/KgRkvCPwWQ=
21,-29,2mYBBCRynp6DLp8BeUBku9M2MNo=,FVRlYS2Ja3eWTAUgFOXJ7DjEKOs=
22,-29,2mYBBCRynp6DLp8BeUBku9M2MNo=,2QL+gzTimlQNW4VjyxVLuGPHyi0=
21,-28,2mYBBCRynp6DLp8BeUBku9M2MNo=,9czqaN7HH4cqkte/7tUEbkLCtsg=
22,-28,2mYBBCRynp6DLp8BeUBku9M2MNo=,g4VTNKt3VoYd8c/wltfVorNBTLk=
23,-29,2mYBBCRynp6DLp8BeUBku9M2MNo=,2QL+gzTimlQNW4VjyxVLuGPHyi0=
24,-29,2mYBBCRynp6DLp8BeUBku9M2MNo=,tKrbC+9Cer3Mc26M93mE9RxmWxE=
23,-28,2mYBBCRynp6DLp8BeUBku9M2MNo=,g4VTNKt3VoYd8c/wltfVorNBTLk=
24,-28,2mYBBCRynp6DLp8BeUBku9M2MNo=,thMH169OgxJMcp/r+OxUOpQmPj8=
25,-29,2mYBBCRynp6DLp8BeUBku9M2MNo=,tKrbC+9Cer3Mc26M93mE9RxmWxE=
26,-29,2mYBBCRynp6DLp8BeUBku9M2MNo=,GY8FgRhp83qfUvGhSqJNY3WYTLQ=
25,-28,2mYBBCRynp6DLp8BeUBku9M2MNo=,thMH169OgxJMcp/r+OxUOpQmPj8=
26,-28,2mYBBCRynp6DLp8BeUBku9M2MNo=,tyghouVk4Ts0zr7zS80xbdK2f6Q=
28,-26,2mYBBCRynp6DLp8BeUBku9M2MNo=,z5Qw70eh6yqFwR26sz2KeVzDTOg=
28,-27,2mYBBCRynp6DLp8BeUBku9M2MNo=,uv0O4dZzjNllYAOH6QQKfRbi7Wc=
28,-25,2mYBBCRynp6DLp8BeUBku9M2MNo=,z5Qw70eh6yqFwR26sz2KeVzDTOg=
27,-26,2mYBBCRynp6DLp8BeUBku9M2MNo=,nC3Z6DB8LEDYViS0CyZUpJKWNiU=
27,-27,2mYBBCRynp6DLp8BeUBku9M2MNo=,tyghouVk4Ts0zr7zS80xbdK2f6Q=
28,-24,2mYBBCRynp6DLp8BeUBku9M2MNo=,24nsZUSa1j96KIMH84vom8PyKY4=
28,-17,2mYBBCRynp6DLp8BeUBku9M2MNo=,KjRwQ3UelINrnpRUa7ZPciOb/40=
27,-24,2mYBBCRynp6DLp8BeUBku9M2MNo=,0igCYLsKc3evKKzwpa9chkUouxo=
27,-25,2mYBBCRynp6DLp8BeUBku9M2MNo=,nC3Z6DB8LEDYViS0CyZUpJKWNiU=
27,-17,2mYBBCRynp6DLp8BeUBku9M2MNo=,KAMH/4V8CNqiLfiP9ULvSEqi9fQ=
28,-20,2mYBBCRynp6DLp8BeUBku9M2MNo=,Zai0FkRL4bO1g0dA+1F5RjVJWmQ=
28,-21,2mYBBCRynp6DLp8BeUBku9M2MNo=,cCZgSGco1vt00n2D++aYZwsJabQ=
28,-22,2mYBBCRynp6DLp8BeUBku9M2MNo=,cCZgSGco1vt00n2D++aYZwsJabQ=
28,-23,2mYBBCRynp6DLp8BeUBku9M2MNo=,24nsZUSa1j96KIMH84vom8PyKY4=
28,-29,2mYBBCRynp6DLp8BeUBku9M2MNo=,XBRw0EhaHPqI60P+zbjHGRKKik8=
27,-29,2mYBBCRynp6DLp8BeUBku9M2MNo=,GY8FgRhp83qfUvGhSqJNY3WYTLQ=
28,-28,2mYBBCRynp6DLp8BeUBku9M2MNo=,uv0O4dZzjNllYAOH6QQKfRbi7Wc=
27,-22,2mYBBCRynp6DLp8BeUBku9M2MNo=,DAZoixYhdEADaVOklMP9N7GfL+U=
27,-21,2mYBBCRynp6DLp8BeUBku9M2MNo=,DAZoixYhdEADaVOklMP9N7GfL+U=
27,-20,2mYBBCRynp6DLp8BeUBku9M2MNo=,0zBD7nWC4VCbRwlW9gQGA7UWHUs=
27,-23,2mYBBCRynp6DLp8BeUBku9M2MNo=,0igCYLsKc3evKKzwpa9chkUouxo=
27,-28,2mYBBCRynp6DLp8BeUBku9M2MNo=,tyghouVk4Ts0zr7zS80xbdK2f6Q=
7,-26,2Kh0zqqHXNQjjWVb5O9fdLttERY=,FoA92A79udC+vPNNfJgLSP8iyYs=
8,-27,2Kh0zqqHXNQjjWVb5O9fdLttERY=,TuC00RAXiFq+LSXpvEFlm5beciM=
7,-27,2Kh0zqqHXNQjjWVb5O9fdLttERY=,Gg/HGRwv6DiI4y69oeKpu0wlOEI=
8,-26,2Kh0zqqHXNQjjWVb5O9fdLttERY=,dEMW//wuEudrGwwK6OtguoTnYuM=
10,-27,bkN7Pr0bGFxI8+ADcI3hMUepxk4=,WTXD62yXkmqJ3LvcCkkApylPGkY=
9,-26,bkN7Pr0bGFxI8+ADcI3hMUepxk4=,dEMW//wuEudrGwwK6OtguoTnYuM=
10,-26,bkN7Pr0bGFxI8+ADcI3hMUepxk4=,4xCsenQarl0l+lzZhGEr55NGlMA=
9,-27,bkN7Pr0bGFxI8+ADcI3hMUepxk4=,TuC00RAXiFq+LSXpvEFlm5beciM=
11,-26,ZaBtP5vqbl2pa7Qfwzmh5KBxSfg=,4xCsenQarl0l+lzZhGEr55NGlMA=
12,-27,ZaBtP5vqbl2pa7Qfwzmh5KBxSfg=,n5cAuaH2xlGeIaxPLJw91Wj++9A=
12,-26,ZaBtP5vqbl2pa7Qfwzmh5KBxSfg=,aPQI2BifLoFiryTGdmKuEexIYKg=
11,-27,ZaBtP5vqbl2pa7Qfwzmh5KBxSfg=,WTXD62yXkmqJ3LvcCkkApylPGkY=
6,-26,igapqj+Cfu1dEl7OhilyDDp+310=,FoA92A79udC+vPNNfJgLSP8iyYs=
5,-27,igapqj+Cfu1dEl7OhilyDDp+310=,2tb0LNSiGeygpgrMuIaezdDmfwY=
5,-26,igapqj+Cfu1dEl7OhilyDDp+310=,lWHo0hP7hkUpUjm2QsOseWGVaC0=
6,-27,igapqj+Cfu1dEl7OhilyDDp+310=,Gg/HGRwv6DiI4y69oeKpu0wlOEI=
6,-28,nRO5F3esWcF6wguuxnjFXQqvuvc=,Gg/HGRwv6DiI4y69oeKpu0wlOEI=
3,-29,nRO5F3esWcF6wguuxnjFXQqvuvc=,KK4m5ThQPvSYJjdRquO9ZfF044o=
6,-29,nRO5F3esWcF6wguuxnjFXQqvuvc=,AN8Yf8DZ+R6H9bV2ixyYRwk7V0E=
4,-28,nRO5F3esWcF6wguuxnjFXQqvuvc=,2tb0LNSiGeygpgrMuIaezdDmfwY=
4,-29,nRO5F3esWcF6wguuxnjFXQqvuvc=,Cm8cbHRjoOEudgLLOsKK5XUkG8k=
3,-28,nRO5F3esWcF6wguuxnjFXQqvuvc=,qYyqGMHHywq6Frc0kDaWPVu+0Sg=
5,-29,nRO5F3esWcF6wguuxnjFXQqvuvc=,Cm8cbHRjoOEudgLLOsKK5XUkG8k=
5,-28,nRO5F3esWcF6wguuxnjFXQqvuvc=,2tb0LNSiGeygpgrMuIaezdDmfwY=
4,-27,U5Ef8xQ480zpXRDWsf3j+8/aR38=,2tb0LNSiGeygpgrMuIaezdDmfwY=
4,-26,U5Ef8xQ480zpXRDWsf3j+8/aR38=,lWHo0hP7hkUpUjm2QsOseWGVaC0=
3,-26,U5Ef8xQ480zpXRDWsf3j+8/aR38=,ENhjhf0vhWVF8tLzKaOFXtmnjrA=
3,-27,U5Ef8xQ480zpXRDWsf3j+8/aR38=,qYyqGMHHywq6Frc0kDaWPVu+0Sg=
2,-29,U5Ef8xQ480zpXRDWsf3j+8/aR38=,KK4m5ThQPvSYJjdRquO9ZfF044o=
1,-29,U5Ef8xQ480zpXRDWsf3j+8/aR38=,kOYcZMACU7jxBpEfKBB5jSKK9Jg=
0,-29,U5Ef8xQ480zpXRDWsf3j+8/aR38=,kOYcZMACU7jxBpEfKBB5jSKK9Jg=
0,-28,U5Ef8xQ480zpXRDWsf3j+8/aR38=,pHV0tfv0sFFHrXp0i6OoyARNIs0=
2,-28,U5Ef8xQ480zpXRDWsf3j+8/aR38=,qYyqGMHHywq6Frc0kDaWPVu+0Sg=
1,-28,U5Ef8xQ480zpXRDWsf3j+8/aR38=,pHV0tfv0sFFHrXp0i6OoyARNIs0=
1,-26,U5Ef8xQ480zpXRDWsf3j+8/aR38=,ueDAHz0tlJwjuTx+5lazWZm/Yls=
1,-27,U5Ef8xQ480zpXRDWsf3j+8/aR38=,pHV0tfv0sFFHrXp0i6OoyARNIs0=
0,-27,RQ1K1YsWKj9o/5zmhIktTcwrbSw=,pHV0tfv0sFFHrXp0i6OoyARNIs0=
2,-26,RQ1K1YsWKj9o/5zmhIktTcwrbSw=,ENhjhf0vhWVF8tLzKaOFXtmnjrA=
0,-26,RQ1K1YsWKj9o/5zmhIktTcwrbSw=,ueDAHz0tlJwjuTx+5lazWZm/Yls=
2,-27,RQ1K1YsWKj9o/5zmhIktTcwrbSw=,qYyqGMHHywq6Frc0kDaWPVu+0Sg=
7,-29,RQ1K1YsWKj9o/5zmhIktTcwrbSw=,AN8Yf8DZ+R6H9bV2ixyYRwk7V0E=
8,-29,RQ1K1YsWKj9o/5zmhIktTcwrbSw=,d6rmZNj7ruOwlUp4J7z7oZM1Frk=
8,-28,RQ1K1YsWKj9o/5zmhIktTcwrbSw=,TuC00RAXiFq+LSXpvEFlm5beciM=
7,-28,RQ1K1YsWKj9o/5zmhIktTcwrbSw=,Gg/HGRwv6DiI4y69oeKpu0wlOEI=
9,-29,RQ1K1YsWKj9o/5zmhIktTcwrbSw=,d6rmZNj7ruOwlUp4J7z7oZM1Frk=
12,-29,RQ1K1YsWKj9o/5zmhIktTcwrbSw=,WPWkb/uwavNcvc8OftQOuqYnoo8=
10,-29,RQ1K1YsWKj9o/5zmhIktTcwrbSw=,VPpHJ1mAVQPmtsvfESkVoSS/+Ug=
11,-29,RQ1K1YsWKj9o/5zmhIktTcwrbSw=,VPpHJ1mAVQPmtsvfESkVoSS/+Ug=
10,-28,RQ1K1YsWKj9o/5zmhIktTcwrbSw=,WTXD62yXkmqJ3LvcCkkApylPGkY=
12,-28,RQ1K1YsWKj9o/5zmhIktTcwrbSw=,n5cAuaH2xlGeIaxPLJw91Wj++9A=
11,-28,RQ1K1YsWKj9o/5zmhIktTcwrbSw=,WTXD62yXkmqJ3LvcCkkApylPGkY=
9,-28,RQ1K1YsWKj9o/5zmhIktTcwrbSw=,TuC00RAXiFq+LSXpvEFlm5beciM=
13,-29,RQ1K1YsWKj9o/5zmhIktTcwrbSw=,WPWkb/uwavNcvc8OftQOuqYnoo8=
14,-29,RQ1K1YsWKj9o/5zmhIktTcwrbSw=,nEEtetZ6o9NKymQK7z7j78mV1N0=
15,-29,RQ1K1YsWKj9o/5zmhIktTcwrbSw=,nEEtetZ6o9NKymQK7z7j78mV1N0=
15,-28,RQ1K1YsWKj9o/5zmhIktTcwrbSw=,tWuKw1t3VkFGRZyfiB7DsxBbFLg=
14,-28,RQ1K1YsWKj9o/5zmhIktTcwrbSw=,tWuKw1t3VkFGRZyfiB7DsxBbFLg=
13,-28,RQ1K1YsWKj9o/5zmhIktTcwrbSw=,n5cAuaH2xlGeIaxPLJw91Wj++9A=
14,-27,RQ1K1YsWKj9o/5zmhIktTcwrbSw=,tWuKw1t3VkFGRZyfiB7DsxBbFLg=
15,-27,RQ1K1YsWKj9o/5zmhIktTcwrbSw=,tWuKw1t3VkFGRZyfiB7DsxBbFLg=
14,-26,RQ1K1YsWKj9o/5zmhIktTcwrbSw=,3G/FGyFaGV8BkE6XOXt0tvNhb3M=
13,-26,RQ1K1YsWKj9o/5zmhIktTcwrbSw=,aPQI2BifLoFiryTGdmKuEexIYKg=
15,-26,RQ1K1YsWKj9o/5zmhIktTcwrbSw=,3G/FGyFaGV8BkE6XOXt0tvNhb3M=
13,-27,RQ1K1YsWKj9o/5zmhIktTcwrbSw=,n5cAuaH2xlGeIaxPLJw91Wj++9A=
