2,1,Vft1wsjwPUCzjyqRlRXOMG8IiQo=,6kEF59PYtaWVfXNJkRNndhZN2WM=
2,2,Vft1wsjwPUCzjyqRlRXOMG8IiQo=,BM3gXuOKuS1mTbbhQHDjx95SLJw=
1,2,Vft1wsjwPUCzjyqRlRXOMG8IiQo=,ZuHKmUbGEPUDUG6BSmS9BZ3Jb8E=
1,1,Vft1wsjwPUCzjyqRlRXOMG8IiQo=,3rX7rqcRZ7ESeBUtP5wQO5abjT0=
2,4,4wthxyrRSRN1VqkFesV/JGNTfCw=,TbjwosTpgCyvX/Bvr++X8NWzSDI=
2,3,4wthxyrRSRN1VqkFesV/JGNTfCw=,BM3gXuOKuS1mTbbhQHDjx95SLJw=
1,4,4wthxyrRSRN1VqkFesV/JGNTfCw=,p/1AanUf0gQWLjsVvUNUgu6+bPU=
1,3,4wthxyrRSRN1VqkFesV/JGNTfCw=,ZuHKmUbGEPUDUG6BSmS9BZ3Jb8E=
2,5,4wthxyrRSRN1VqkFesV/JGNTfCw=,TbjwosTpgCyvX/Bvr++X8NWzSDI=
2,6,4wthxyrRSRN1VqkFesV/JGNTfCw=,CjCmTxN7DPZJZ94YCDPsxd47ssU=
1,6,4wthxyrRSRN1VqkFesV/JGNTfCw=,/mFryFssoQu/xN+TJjwgjx3ZQ4A=
1,5,4wthxyrRSRN1VqkFesV/JGNTfCw=,p/1AanUf0gQWLjsVvUNUgu6+bPU=
2,8,JPoLojtQMsL7Jv+3c1sLmXuo2nQ=,9O9qDO1CYsMHuW82Xokr8HM1/B0=
2,7,JPoLojtQMsL7Jv+3c1sLmXuo2nQ=,CjCmTxN7DPZJZ94YCDPsxd47ssU=
1,8,JPoLojtQMsL7Jv+3c1sLmXuo2nQ=,g6KI0FAblDKzu0O+5ggH6wLe5kI=
1,7,JPoLojtQMsL7Jv+3c1sLmXuo2nQ=,/mFryFssoQu/xN+TJjwgjx3ZQ4A=
2,9,GxEYGbaMq8ZVTZz9vX9rs0esQAs=,9O9qDO1CYsMHuW82Xokr8HM1/B0=
2,10,rjNkfJkOLw0l8Nuot+RzsWdj/rA=,6HENKankzSMgVY7BkMaNvsrWCeQ=
1,10,kocQjt4yzSxKj6xkkigfBeKLkZ4=,JnRlEGbV9R4VNbEemCJ7UVRTesc=
1,9,GxEYGbaMq8ZVTZz9vX9rs0esQAs=,g6KI0FAblDKzu0O+5ggH6wLe5kI=
2,13,rjNkfJkOLw0l8Nuot+RzsWdj/rA=,XVx4PRMTL+yVuvkt9Iup/bixy48=
2,12,rjNkfJkOLw0l8Nuot+RzsWdj/rA=,XVx4PRMTL+yVuvkt9Iup/bixy48=
2,14,GxEYGbaMq8ZVTZz9vX9rs0esQAs=,zSsmtEp28h4oMaJJ3HMCV/S5epI=
2,11,rjNkfJkOLw0l8Nuot+RzsWdj/rA=,6HENKankzSMgVY7BkMaNvsrWCeQ=
1,14,QtU4HRuvEoYGcpa31PqrN2wDj1o=,d0zIiajcsGGTVv0EDBb6/zlOq9Y=
1,13,8cCwHKy0vkjAShAaFC5xOP6cGjs=,m1Cwq+jTHPwbL4LB8N6bsCUyIA8=
1,12,8cCwHKy0vkjAShAaFC5xOP6cGjs=,m1Cwq+jTHPwbL4LB8N6bsCUyIA8=
1,11,8cCwHKy0vkjAShAaFC5xOP6cGjs=,JnRlEGbV9R4VNbEemCJ7UVRTesc=
4,14,GxEYGbaMq8ZVTZz9vX9rs0esQAs=,H+dzIjghWR4ddmK46Qp81mP0UDU=
4,13,GxEYGbaMq8ZVTZz9vX9rs0esQAs=,jsTaQx6YwEAeg5Yb9FE0MuwLUk4=
3,13,S4SScDJj+fuwbsXFZdzvmY7ss7o=,XVx4PRMTL+yVuvkt9Iup/bixy48=
3,14,GxEYGbaMq8ZVTZz9vX9rs0esQAs=,zSsmtEp28h4oMaJJ3HMCV/S5epI=
4,11,GxEYGbaMq8ZVTZz9vX9rs0esQAs=,FnrRnJM0hC1PUZvdsHZgF+SXSLc=
4,12,GxEYGbaMq8ZVTZz9vX9rs0esQAs=,jsTaQx6YwEAeg5Yb9FE0MuwLUk4=
3,12,I+CIjlFkgmqDwFeouY/azyUhQ3Y=,XVx4PRMTL+yVuvkt9Iup/bixy48=
3,11,I+CIjlFkgmqDwFeouY/azyUhQ3Y=,6HENKankzSMgVY7BkMaNvsrWCeQ=
4,10,GxEYGbaMq8ZVTZz9vX9rs0esQAs=,FnrRnJM0hC1PUZvdsHZgF+SXSLc=
4,9,GxEYGbaMq8ZVTZz9vX9rs0esQAs=,Q8libKRK0h1013XuffEHXimA8Ls=
4,8,JPoLojtQMsL7Jv+3c1sLmXuo2nQ=,Q8libKRK0h1013XuffEHXimA8Ls=
4,7,JPoLojtQMsL7Jv+3c1sLmXuo2nQ=,NX80Wp2Z4k5CKw27xt+1IsTSJUE=
3,9,GxEYGbaMq8ZVTZz9vX9rs0esQAs=,9O9qDO1CYsMHuW82Xokr8HM1/B0=
3,8,JPoLojtQMsL7Jv+3c1sLmXuo2nQ=,9O9qDO1CYsMHuW82Xokr8HM1/B0=
3,10,I+CIjlFkgmqDwFeouY/azyUhQ3Y=,6HENKankzSMgVY7BkMaNvsrWCeQ=
3,7,JPoLojtQMsL7Jv+3c1sLmXuo2nQ=,CjCmTxN7DPZJZ94YCDPsxd47ssU=
4,6,VYvRX/AvI8QkKDmzTZhPH9wmXps=,NX80Wp2Z4k5CKw27xt+1IsTSJUE=
4,5,VYvRX/AvI8QkKDmzTZhPH9wmXps=,YbDH83jYrvJGOSThB0DHY7bOMN4=
3,5,VYvRX/AvI8QkKDmzTZhPH9wmXps=,TbjwosTpgCyvX/Bvr++X8NWzSDI=
3,6,VYvRX/AvI8QkKDmzTZhPH9wmXps=,CjCmTxN7DPZJZ94YCDPsxd47ssU=
4,3,VYvRX/AvI8QkKDmzTZhPH9wmXps=,iHEJWFRnbhvD0IKvFVK4GjF8S+k=
4,4,VYvRX/AvI8QkKDmzTZhPH9wmXps=,YbDH83jYrvJGOSThB0DHY7bOMN4=
3,4,VYvRX/AvI8QkKDmzTZhPH9wmXps=,TbjwosTpgCyvX/Bvr++X8NWzSDI=
3,3,VYvRX/AvI8QkKDmzTZhPH9wmXps=,BM3gXuOKuS1mTbbhQHDjx95SLJw=
4,2,VYvRX/AvI8QkKDmzTZhPH9wmXps=,iHEJWFRnbhvD0IKvFVK4GjF8S+k=
4,1,VYvRX/AvI8QkKDmzTZhPH9wmXps=,mfLpgwQZ+sIpD6N1qYIirvDZ2X0=
3,1,VYvRX/AvI8QkKDmzTZhPH9wmXps=,6kEF59PYtaWVfXNJkRNndhZN2WM=
3,2,VYvRX/AvI8QkKDmzTZhPH9wmXps=,BM3gXuOKuS1mTbbhQHDjx95SLJw=
6,3,owTSt1WDmsaqvfzxIGWNDKJHGRw=,ry5HxSFZW/WK5Qjb5u0keqJw4yo=
6,4,owTSt1WDmsaqvfzxIGWNDKJHGRw=,V+VWxPRvMMMQ8QEEC9H7Wjqe1Vw=
5,3,owTSt1WDmsaqvfzxIGWNDKJHGRw=,iHEJWFRnbhvD0IKvFVK4GjF8S+k=
5,4,owTSt1WDmsaqvfzxIGWNDKJHGRw=,YbDH83jYrvJGOSThB0DHY7bOMN4=
6,1,OZQleVShn4qRZc19pmLG9o3QoTM=,EEdfXSdnZBFkP5yITv4W7SALBPI=
6,2,OZQleVShn4qRZc19pmLG9o3QoTM=,ry5HxSFZW/WK5Qjb5u0keqJw4yo=
5,2,OZQleVShn4qRZc19pmLG9o3QoTM=,iHEJWFRnbhvD0IKvFVK4GjF8S+k=
5,1,OZQleVShn4qRZc19pmLG9o3QoTM=,mfLpgwQZ+sIpD6N1qYIirvDZ2X0=
6,5,owTSt1WDmsaqvfzxIGWNDKJHGRw=,V+VWxPRvMMMQ8QEEC9H7Wjqe1Vw=
6,6,owTSt1WDmsaqvfzxIGWNDKJHGRw=,8LZf10pHhgxOg1QNzz5jeV9w/Os=
5,6,owTSt1WDmsaqvfzxIGWNDKJHGRw=,NX80Wp2Z4k5CKw27xt+1IsTSJUE=
5,5,owTSt1WDmsaqvfzxIGWNDKJHGRw=,YbDH83jYrvJGOSThB0DHY7bOMN4=
6,8,owTSt1WDmsaqvfzxIGWNDKJHGRw=,3hzib2wGVVtvi8BduY9+K22AzT4=
6,7,owTSt1WDmsaqvfzxIGWNDKJHGRw=,8LZf10pHhgxOg1QNzz5jeV9w/Os=
5,8,owTSt1WDmsaqvfzxIGWNDKJHGRw=,Q8libKRK0h1013XuffEHXimA8Ls=
5,7,owTSt1WDmsaqvfzxIGWNDKJHGRw=,NX80Wp2Z4k5CKw27xt+1IsTSJUE=
6,9,kDDHaaIa0pWJVl1DpvXFwYQMNNk=,3hzib2wGVVtvi8BduY9+K22AzT4=
6,10,kDDHaaIa0pWJVl1DpvXFwYQMNNk=,5+AuRcV5xwdQFWB1s5pjh7ZwxJk=
5,10,kDDHaaIa0pWJVl1DpvXFwYQMNNk=,FnrRnJM0hC1PUZvdsHZgF+SXSLc=
5,9,kDDHaaIa0pWJVl1DpvXFwYQMNNk=,Q8libKRK0h1013XuffEHXimA8Ls=
6,11,YKpDNNvsMyCqESDr437N9ZQ/a5Y=,5+AuRcV5xwdQFWB1s5pjh7ZwxJk=
6,13,kYDaIXb5W1LAWsVmPqFIKnl2+pQ=,BU0KJZ556uLDpWDtJGwqWkLYT3Y=
6,12,YKpDNNvsMyCqESDr437N9ZQ/a5Y=,BU0KJZ556uLDpWDtJGwqWkLYT3Y=
6,14,kYDaIXb5W1LAWsVmPqFIKnl2+pQ=,W0+71VJwpPRY2B2yM1z271ZgQ6s=
5,11,YKpDNNvsMyCqESDr437N9ZQ/a5Y=,FnrRnJM0hC1PUZvdsHZgF+SXSLc=
5,13,kYDaIXb5W1LAWsVmPqFIKnl2+pQ=,jsTaQx6YwEAeg5Yb9FE0MuwLUk4=
5,12,YKpDNNvsMyCqESDr437N9ZQ/a5Y=,jsTaQx6YwEAeg5Yb9FE0MuwLUk4=
5,14,kYDaIXb5W1LAWsVmPqFIKnl2+pQ=,H+dzIjghWR4ddmK46Qp81mP0UDU=
8,10,O4Z5Eqt4s+FUKD+LB311z/T6948=,y+i31tcVJDsAoX+ZZZhpl6fhJlQ=
8,9,O4Z5Eqt4s+FUKD+LB311z/T6948=,nckWlDPPBttxbynX1HttihpVsLs=
7,9,O4Z5Eqt4s+FUKD+LB311z/T6948=,3hzib2wGVVtvi8BduY9+K22AzT4=
7,10,O4Z5Eqt4s+FUKD+LB311z/T6948=,5+AuRcV5xwdQFWB1s5pjh7ZwxJk=
8,12,O4Z5Eqt4s+FUKD+LB311z/T6948=,4wUX8uJfGZZt3OUA9GIM8sf2+YM=
8,11,O4Z5Eqt4s+FUKD+LB311z/T6948=,y+i31tcVJDsAoX+ZZZhpl6fhJlQ=
7,11,O4Z5Eqt4s+FUKD+LB311z/T6948=,5+AuRcV5xwdQFWB1s5pjh7ZwxJk=
7,12,O4Z5Eqt4s+FUKD+LB311z/T6948=,BU0KJZ556uLDpWDtJGwqWkLYT3Y=
8,7,+6roevckI7GIbOk5YmDvYTkv/6Q=,KRuZnM18w9Xkotozqha1dRV6a34=
8,8,+6roevckI7GIbOk5YmDvYTkv/6Q=,nckWlDPPBttxbynX1HttihpVsLs=
7,8,+6roevckI7GIbOk5YmDvYTkv/6Q=,3hzib2wGVVtvi8BduY9+K22AzT4=
7,7,+6roevckI7GIbOk5YmDvYTkv/6Q=,8LZf10pHhgxOg1QNzz5jeV9w/Os=
8,6,+6roevckI7GIbOk5YmDvYTkv/6Q=,KRuZnM18w9Xkotozqha1dRV6a34=
8,5,+6roevckI7GIbOk5YmDvYTkv/6Q=,JEnVwzIuXxTQK8aLB72w9k65DQk=
7,5,+6roevckI7GIbOk5YmDvYTkv/6Q=,V+VWxPRvMMMQ8QEEC9H7Wjqe1Vw=
7,6,+6roevckI7GIbOk5YmDvYTkv/6Q=,8LZf10pHhgxOg1QNzz5jeV9w/Os=
8,4,GUbvFPXlahoCg1PlnSKwDpchJeo=,JEnVwzIuXxTQK8aLB72w9k65DQk=
8,3,GUbvFPXlahoCg1PlnSKwDpchJeo=,2eeu+DiC+96VEuz1n6XCPJ4ykfM=
7,3,GUbvFPXlahoCg1PlnSKwDpchJeo=,ry5HxSFZW/WK5Qjb5u0keqJw4yo=
7,4,GUbvFPXlahoCg1PlnSKwDpchJeo=,V+VWxPRvMMMQ8QEEC9H7Wjqe1Vw=
8,2,GUbvFPXlahoCg1PlnSKwDpchJeo=,2eeu+DiC+96VEuz1n6XCPJ4ykfM=
8,1,GUbvFPXlahoCg1PlnSKwDpchJeo=,pFeDRfPp9t9+3uxcQH/9Ingvep4=
7,1,GUbvFPXlahoCg1PlnSKwDpchJeo=,EEdfXSdnZBFkP5yITv4W7SALBPI=
7,2,GUbvFPXlahoCg1PlnSKwDpchJeo=,ry5HxSFZW/WK5Qjb5u0keqJw4yo=
10,5,GUbvFPXlahoCg1PlnSKwDpchJeo=,Txdvz1+03rWqqiEyPM3347YhT9E=
9,5,GUbvFPXlahoCg1PlnSKwDpchJeo=,JEnVwzIuXxTQK8aLB72w9k65DQk=
10,6,GUbvFPXlahoCg1PlnSKwDpchJeo=,RaKw/rXk8gHdicXtVyA/Kb95evs=
9,6,GUbvFPXlahoCg1PlnSKwDpchJeo=,KRuZnM18w9Xkotozqha1dRV6a34=
10,4,pw5Lxfj6hFt/O/LzMkSe/1uFlF4=,Txdvz1+03rWqqiEyPM3347YhT9E=
10,7,pw5Lxfj6hFt/O/LzMkSe/1uFlF4=,RaKw/rXk8gHdicXtVyA/Kb95evs=
10,8,pw5Lxfj6hFt/O/LzMkSe/1uFlF4=,Bnp0+62M4gShXx5SA5IECwz1E64=
9,3,pw5Lxfj6hFt/O/LzMkSe/1uFlF4=,2eeu+DiC+96VEuz1n6XCPJ4ykfM=
10,3,pw5Lxfj6hFt/O/LzMkSe/1uFlF4=,0Cq6UwwK0xab1RyAS1ul1KXdnEQ=
9,4,pw5Lxfj6hFt/O/LzMkSe/1uFlF4=,JEnVwzIuXxTQK8aLB72w9k65DQk=
9,7,pw5Lxfj6hFt/O/LzMkSe/1uFlF4=,KRuZnM18w9Xkotozqha1dRV6a34=
9,8,pw5Lxfj6hFt/O/LzMkSe/1uFlF4=,nckWlDPPBttxbynX1HttihpVsLs=
10,9,pw5Lxfj6hFt/O/LzMkSe/1uFlF4=,Bnp0+62M4gShXx5SA5IECwz1E64=
10,10,pw5Lxfj6hFt/O/LzMkSe/1uFlF4=,KrnsfZjwQoml3UW1cxnSQSFY55Q=
9,9,pw5Lxfj6hFt/O/LzMkSe/1uFlF4=,nckWlDPPBttxbynX1HttihpVsLs=
9,10,pw5Lxfj6hFt/O/LzMkSe/1uFlF4=,y+i31tcVJDsAoX+ZZZhpl6fhJlQ=
10,12,pw5Lxfj6hFt/O/LzMkSe/1uFlF4=,ACxdyrqACZG5uoozgPrHWtL+rYk=
10,11,pw5Lxfj6hFt/O/LzMkSe/1uFlF4=,KrnsfZjwQoml3UW1cxnSQSFY55Q=
9,12,pw5Lxfj6hFt/O/LzMkSe/1uFlF4=,4wUX8uJfGZZt3OUA9GIM8sf2+YM=
9,11,pw5Lxfj6hFt/O/LzMkSe/1uFlF4=,y+i31tcVJDsAoX+ZZZhpl6fhJlQ=
12,11,gruCs3FfO4jrosI+tQDbsPAzDew=,tocEWlHLqQ3S51TOCqVXcTheYxM=
12,14,Htc4epzBkTkpXV91GcUmU3SdXMY=,x4XkSPUY5lrIcfljffqcqy3w0Lo=
12,13,Htc4epzBkTkpXV91GcUmU3SdXMY=,sZuAB5cYjROCZpIT4T1+GgmnXp0=
12,12,gruCs3FfO4jrosI+tQDbsPAzDew=,sZuAB5cYjROCZpIT4T1+GgmnXp0=
11,13,Htc4epzBkTkpXV91GcUmU3SdXMY=,ACxdyrqACZG5uoozgPrHWtL+rYk=
11,12,gruCs3FfO4jrosI+tQDbsPAzDew=,ACxdyrqACZG5uoozgPrHWtL+rYk=
11,14,Htc4epzBkTkpXV91GcUmU3SdXMY=,/fsF3BpJRNp7XqHe3tfhNy1jguA=
11,11,gruCs3FfO4jrosI+tQDbsPAzDew=,KrnsfZjwQoml3UW1cxnSQSFY55Q=
12,10,Htc4epzBkTkpXV91GcUmU3SdXMY=,tocEWlHLqQ3S51TOCqVXcTheYxM=
12,9,Htc4epzBkTkpXV91GcUmU3SdXMY=,IeZZueYjmO1QJjpCQIRU6Hsq3rE=
11,9,Htc4epzBkTkpXV91GcUmU3SdXMY=,Bnp0+62M4gShXx5SA5IECwz1E64=
11,10,Htc4epzBkTkpXV91GcUmU3SdXMY=,KrnsfZjwQoml3UW1cxnSQSFY55Q=
12,7,Htc4epzBkTkpXV91GcUmU3SdXMY=,0LtNv3KpqAQmfeB0QIZitwyCKUI=
12,8,Htc4epzBkTkpXV91GcUmU3SdXMY=,IeZZueYjmO1QJjpCQIRU6Hsq3rE=
11,7,Htc4epzBkTkpXV91GcUmU3SdXMY=,RaKw/rXk8gHdicXtVyA/Kb95evs=
11,8,Htc4epzBkTkpXV91GcUmU3SdXMY=,Bnp0+62M4gShXx5SA5IECwz1E64=
12,6,Htc4epzBkTkpXV91GcUmU3SdXMY=,0LtNv3KpqAQmfeB0QIZitwyCKUI=
12,5,Htc4epzBkTkpXV91GcUmU3SdXMY=,ZY8CdEN39VGr94zo6NUiz/3rQ9k=
11,5,Htc4epzBkTkpXV91GcUmU3SdXMY=,Txdvz1+03rWqqiEyPM3347YhT9E=
11,6,Htc4epzBkTkpXV91GcUmU3SdXMY=,RaKw/rXk8gHdicXtVyA/Kb95evs=
12,3,i3sblhvqPok1surbAP57T2sw6dw=,yfpDp6iO6R1WZ3NmRlMXTiggoMs=
12,4,i3sblhvqPok1surbAP57T2sw6dw=,ZY8CdEN39VGr94zo6NUiz/3rQ9k=
11,4,i3sblhvqPok1surbAP57T2sw6dw=,Txdvz1+03rWqqiEyPM3347YhT9E=
11,3,i3sblhvqPok1surbAP57T2sw6dw=,0Cq6UwwK0xab1RyAS1ul1KXdnEQ=
14,3,rN9GWcVjkg9JKF7mZTsTJ0wWzQ0=,xpyF0HiyND0uXyJRUhRMN7O4l2A=
14,1,rN9GWcVjkg9JKF7mZTsTJ0wWzQ0=,aK2l1+XyKs219doNhXykoQWE4DA=
14,4,rN9GWcVjkg9JKF7mZTsTJ0wWzQ0=,4iWMK/Tu3NWBBXVdI0WDobJ9i1U=
13,3,rN9GWcVjkg9JKF7mZTsTJ0wWzQ0=,yfpDp6iO6R1WZ3NmRlMXTiggoMs=
13,4,rN9GWcVjkg9JKF7mZTsTJ0wWzQ0=,ZY8CdEN39VGr94zo6NUiz/3rQ9k=
14,2,rN9GWcVjkg9JKF7mZTsTJ0wWzQ0=,xpyF0HiyND0uXyJRUhRMN7O4l2A=
12,2,i3sblhvqPok1surbAP57T2sw6dw=,yfpDp6iO6R1WZ3NmRlMXTiggoMs=
12,1,i3sblhvqPok1surbAP57T2sw6dw=,XbnSO6HuCSNOeEyv0YyKBzGFheo=
11,1,i3sblhvqPok1surbAP57T2sw6dw=,IroSsjjePlmrwiWyrRFgGpZtm2Q=
13,1,rN9GWcVjkg9JKF7mZTsTJ0wWzQ0=,XbnSO6HuCSNOeEyv0YyKBzGFheo=
10,1,gruCs3FfO4jrosI+tQDbsPAzDew=,IroSsjjePlmrwiWyrRFgGpZtm2Q=
14,5,i3sblhvqPok1surbAP57T2sw6dw=,4iWMK/Tu3NWBBXVdI0WDobJ9i1U=
11,2,i3sblhvqPok1surbAP57T2sw6dw=,0Cq6UwwK0xab1RyAS1ul1KXdnEQ=
14,6,i3sblhvqPok1surbAP57T2sw6dw=,kWK1mPqcb5A8VEY9B3WJEaX2lvo=
10,2,gruCs3FfO4jrosI+tQDbsPAzDew=,0Cq6UwwK0xab1RyAS1ul1KXdnEQ=
13,6,i3sblhvqPok1surbAP57T2sw6dw=,0LtNv3KpqAQmfeB0QIZitwyCKUI=
9,2,gruCs3FfO4jrosI+tQDbsPAzDew=,2eeu+DiC+96VEuz1n6XCPJ4ykfM=
13,5,i3sblhvqPok1surbAP57T2sw6dw=,ZY8CdEN39VGr94zo6NUiz/3rQ9k=
9,1,gruCs3FfO4jrosI+tQDbsPAzDew=,pFeDRfPp9t9+3uxcQH/9Ingvep4=
13,2,rN9GWcVjkg9JKF7mZTsTJ0wWzQ0=,yfpDp6iO6R1WZ3NmRlMXTiggoMs=
15,5,GxEYGbaMq8ZVTZz9vX9rs0esQAs=,4iWMK/Tu3NWBBXVdI0WDobJ9i1U=
15,6,GxEYGbaMq8ZVTZz9vX9rs0esQAs=,kWK1mPqcb5A8VEY9B3WJEaX2lvo=
15,7,GxEYGbaMq8ZVTZz9vX9rs0esQAs=,kWK1mPqcb5A8VEY9B3WJEaX2lvo=
15,3,GxEYGbaMq8ZVTZz9vX9rs0esQAs=,xpyF0HiyND0uXyJRUhRMN7O4l2A=
15,4,GxEYGbaMq8ZVTZz9vX9rs0esQAs=,4iWMK/Tu3NWBBXVdI0WDobJ9i1U=
14,7,GaymO+mK+C47D4vAyZjWTTHZHek=,kWK1mPqcb5A8VEY9B3WJEaX2lvo=
15,8,GxEYGbaMq8ZVTZz9vX9rs0esQAs=,vvqy/E6WoJDCg9XuTrorPPw+vxo=
14,8,GaymO+mK+C47D4vAyZjWTTHZHek=,vvqy/E6WoJDCg9XuTrorPPw+vxo=
13,7,GaymO+mK+C47D4vAyZjWTTHZHek=,0LtNv3KpqAQmfeB0QIZitwyCKUI=
15,13,Nij/zhMyyrqjFNBD2WEureXC5rY=,XIv3qqrortLV8RPXyJU7Ytz69e4=
15,1,GxEYGbaMq8ZVTZz9vX9rs0esQAs=,aK2l1+XyKs219doNhXykoQWE4DA=
14,13,Nij/zhMyyrqjFNBD2WEureXC5rY=,XIv3qqrortLV8RPXyJU7Ytz69e4=
15,14,GxEYGbaMq8ZVTZz9vX9rs0esQAs=,ibvMSjRhX/Py3tGVz1yfALPpZOA=
13,13,N87UNfiwVGjaP0QKsmSyrW2jFoA=,sZuAB5cYjROCZpIT4T1+GgmnXp0=
15,2,GxEYGbaMq8ZVTZz9vX9rs0esQAs=,xpyF0HiyND0uXyJRUhRMN7O4l2A=
14,14,N87UNfiwVGjaP0QKsmSyrW2jFoA=,ibvMSjRhX/Py3tGVz1yfALPpZOA=
13,14,N87UNfiwVGjaP0QKsmSyrW2jFoA=,x4XkSPUY5lrIcfljffqcqy3w0Lo=
13,8,GaymO+mK+C47D4vAyZjWTTHZHek=,IeZZueYjmO1QJjpCQIRU6Hsq3rE=
14,0,GxEYGbaMq8ZVTZz9vX9rs0esQAs=,aK2l1+XyKs219doNhXykoQWE4DA=
13,0,GxEYGbaMq8ZVTZz9vX9rs0esQAs=,XbnSO6HuCSNOeEyv0YyKBzGFheo=
12,0,GxEYGbaMq8ZVTZz9vX9rs0esQAs=,XbnSO6HuCSNOeEyv0YyKBzGFheo=
10,0,GxEYGbaMq8ZVTZz9vX9rs0esQAs=,IroSsjjePlmrwiWyrRFgGpZtm2Q=
11,0,GxEYGbaMq8ZVTZz9vX9rs0esQAs=,IroSsjjePlmrwiWyrRFgGpZtm2Q=
15,9,GaymO+mK+C47D4vAyZjWTTHZHek=,vvqy/E6WoJDCg9XuTrorPPw+vxo=
9,0,GxEYGbaMq8ZVTZz9vX9rs0esQAs=,pFeDRfPp9t9+3uxcQH/9Ingvep4=
14,9,GaymO+mK+C47D4vAyZjWTTHZHek=,vvqy/E6WoJDCg9XuTrorPPw+vxo=
8,0,GxEYGbaMq8ZVTZz9vX9rs0esQAs=,pFeDRfPp9t9+3uxcQH/9Ingvep4=
6,0,N87UNfiwVGjaP0QKsmSyrW2jFoA=,EEdfXSdnZBFkP5yITv4W7SALBPI=
5,0,N87UNfiwVGjaP0QKsmSyrW2jFoA=,mfLpgwQZ+sIpD6N1qYIirvDZ2X0=
7,0,GxEYGbaMq8ZVTZz9vX9rs0esQAs=,EEdfXSdnZBFkP5yITv4W7SALBPI=
13,9,GaymO+mK+C47D4vAyZjWTTHZHek=,IeZZueYjmO1QJjpCQIRU6Hsq3rE=
13,10,GaymO+mK+C47D4vAyZjWTTHZHek=,tocEWlHLqQ3S51TOCqVXcTheYxM=
13,12,N87UNfiwVGjaP0QKsmSyrW2jFoA=,sZuAB5cYjROCZpIT4T1+GgmnXp0=
4,0,N87UNfiwVGjaP0QKsmSyrW2jFoA=,mfLpgwQZ+sIpD6N1qYIirvDZ2X0=
15,12,Nij/zhMyyrqjFNBD2WEureXC5rY=,XIv3qqrortLV8RPXyJU7Ytz69e4=
13,11,N87UNfiwVGjaP0QKsmSyrW2jFoA=,tocEWlHLqQ3S51TOCqVXcTheYxM=
14,12,Nij/zhMyyrqjFNBD2WEureXC5rY=,XIv3qqrortLV8RPXyJU7Ytz69e4=
1,0,N87UNfiwVGjaP0QKsmSyrW2jFoA=,3rX7rqcRZ7ESeBUtP5wQO5abjT0=
2,0,N87UNfiwVGjaP0QKsmSyrW2jFoA=,6kEF59PYtaWVfXNJkRNndhZN2WM=
0,2,N87UNfiwVGjaP0QKsmSyrW2jFoA=,ZuHKmUbGEPUDUG6BSmS9BZ3Jb8E=
15,11,GxEYGbaMq8ZVTZz9vX9rs0esQAs=,rWS7rzVSVqWP3Rcy2nJ8ZUkzV4E=
14,11,N87UNfiwVGjaP0QKsmSyrW2jFoA=,rWS7rzVSVqWP3Rcy2nJ8ZUkzV4E=
0,1,N87UNfiwVGjaP0QKsmSyrW2jFoA=,3rX7rqcRZ7ESeBUtP5wQO5abjT0=
3,0,N87UNfiwVGjaP0QKsmSyrW2jFoA=,6kEF59PYtaWVfXNJkRNndhZN2WM=
15,10,GaymO+mK+C47D4vAyZjWTTHZHek=,rWS7rzVSVqWP3Rcy2nJ8ZUkzV4E=
0,11,HNj+ceIU7QHoz4Tucw6a7VBF30s=,JnRlEGbV9R4VNbEemCJ7UVRTesc=
14,10,GaymO+mK+C47D4vAyZjWTTHZHek=,rWS7rzVSVqWP3Rcy2nJ8ZUkzV4E=
0,14,TnF1mVSoIfHdgO8IXR+m8BYkJ0U=,d0zIiajcsGGTVv0EDBb6/zlOq9Y=
0,12,HNj+ceIU7QHoz4Tucw6a7VBF30s=,m1Cwq+jTHPwbL4LB8N6bsCUyIA8=
0,0,N87UNfiwVGjaP0QKsmSyrW2jFoA=,3rX7rqcRZ7ESeBUtP5wQO5abjT0=
0,13,kocQjt4yzSxKj6xkkigfBeKLkZ4=,m1Cwq+jTHPwbL4LB8N6bsCUyIA8=
0,15,TnF1mVSoIfHdgO8IXR+m8BYkJ0U=,d0zIiajcsGGTVv0EDBb6/zlOq9Y=
2,15,GxEYGbaMq8ZVTZz9vX9rs0esQAs=,zSsmtEp28h4oMaJJ3HMCV/S5epI=
4,15,GxEYGbaMq8ZVTZz9vX9rs0esQAs=,H+dzIjghWR4ddmK46Qp81mP0UDU=
1,15,TnF1mVSoIfHdgO8IXR+m8BYkJ0U=,d0zIiajcsGGTVv0EDBb6/zlOq9Y=
3,15,GxEYGbaMq8ZVTZz9vX9rs0esQAs=,zSsmtEp28h4oMaJJ3HMCV/S5epI=
6,15,GaymO+mK+C47D4vAyZjWTTHZHek=,W0+71VJwpPRY2B2yM1z271ZgQ6s=
12,15,GaymO+mK+C47D4vAyZjWTTHZHek=,x4XkSPUY5lrIcfljffqcqy3w0Lo=
5,15,GaymO+mK+C47D4vAyZjWTTHZHek=,H+dzIjghWR4ddmK46Qp81mP0UDU=
11,15,GaymO+mK+C47D4vAyZjWTTHZHek=,/fsF3BpJRNp7XqHe3tfhNy1jguA=
14,15,N87UNfiwVGjaP0QKsmSyrW2jFoA=,ibvMSjRhX/Py3tGVz1yfALPpZOA=
13,15,N87UNfiwVGjaP0QKsmSyrW2jFoA=,x4XkSPUY5lrIcfljffqcqy3w0Lo=
0,10,kocQjt4yzSxKj6xkkigfBeKLkZ4=,JnRlEGbV9R4VNbEemCJ7UVRTesc=
15,15,GxEYGbaMq8ZVTZz9vX9rs0esQAs=,ibvMSjRhX/Py3tGVz1yfALPpZOA=
0,4,N87UNfiwVGjaP0QKsmSyrW2jFoA=,p/1AanUf0gQWLjsVvUNUgu6+bPU=
0,6,N87UNfiwVGjaP0QKsmSyrW2jFoA=,/mFryFssoQu/xN+TJjwgjx3ZQ4A=
0,3,N87UNfiwVGjaP0QKsmSyrW2jFoA=,ZuHKmUbGEPUDUG6BSmS9BZ3Jb8E=
0,5,N87UNfiwVGjaP0QKsmSyrW2jFoA=,p/1AanUf0gQWLjsVvUNUgu6+bPU=
0,9,N87UNfiwVGjaP0QKsmSyrW2jFoA=,g6KI0FAblDKzu0O+5ggH6wLe5kI=
0,7,N87UNfiwVGjaP0QKsmSyrW2jFoA=,/mFryFssoQu/xN+TJjwgjx3ZQ4A=
0,8,N87UNfiwVGjaP0QKsmSyrW2jFoA=,g6KI0FAblDKzu0O+5ggH6wLe5kI=
15,0,GxEYGbaMq8ZVTZz9vX9rs0esQAs=,aK2l1+XyKs219doNhXykoQWE4DA=
7,15,GaymO+mK+C47D4vAyZjWTTHZHek=,W0+71VJwpPRY2B2yM1z271ZgQ6s=
10,15,GaymO+mK+C47D4vAyZjWTTHZHek=,/fsF3BpJRNp7XqHe3tfhNy1jguA=
8,13,1aBua1nYM276q7Usv5wVUBW4X8Q=,4wUX8uJfGZZt3OUA9GIM8sf2+YM=
10,13,gruCs3FfO4jrosI+tQDbsPAzDew=,ACxdyrqACZG5uoozgPrHWtL+rYk=
10,14,gruCs3FfO4jrosI+tQDbsPAzDew=,/fsF3BpJRNp7XqHe3tfhNy1jguA=
7,14,1aBua1nYM276q7Usv5wVUBW4X8Q=,W0+71VJwpPRY2B2yM1z271ZgQ6s=
7,13,1aBua1nYM276q7Usv5wVUBW4X8Q=,BU0KJZ556uLDpWDtJGwqWkLYT3Y=
9,13,gruCs3FfO4jrosI+tQDbsPAzDew=,4wUX8uJfGZZt3OUA9GIM8sf2+YM=
8,15,GaymO+mK+C47D4vAyZjWTTHZHek=,wkxLJb1id67df+nBi0xBPFP0E2Y=
9,15,GaymO+mK+C47D4vAyZjWTTHZHek=,wkxLJb1id67df+nBi0xBPFP0E2Y=
8,14,1aBua1nYM276q7Usv5wVUBW4X8Q=,wkxLJb1id67df+nBi0xBPFP0E2Y=
9,14,gruCs3FfO4jrosI+tQDbsPAzDew=,wkxLJb1id67df+nBi0xBPFP0E2Y=
17,5,fh9CczHjt+GDa4RLb9nwtq++p5Y=,t3CN7QFiJpffm8ZUQljnZzYwkvg=
18,6,ybr1d2L7mfIfqIAE1fE/J2bfyEU=,dIFiaUd/g1JsF/z2t0CL4cAkKh8=
18,5,B/w4Yf3p1qIdEUpLPXN+Ngvzk9o=,eYje9pbmenEqyh+qi6sTkzbb774=
17,6,B/w4Yf3p1qIdEUpLPXN+Ngvzk9o=,RfXMDWRKN8Xl3ddB9+LUH8d1thw=
17,8,FsS4JPxJSnp7VODZ+SL+Md7sO2I=,TZ74Q4z8IDQZaUsC6AN9qPHPjYM=
18,7,ybr1d2L7mfIfqIAE1fE/J2bfyEU=,dIFiaUd/g1JsF/z2t0CL4cAkKh8=
18,9,ybr1d2L7mfIfqIAE1fE/J2bfyEU=,UX1jfsA38fZ8uDJbyfR1tu/it24=
17,10,FsS4JPxJSnp7VODZ+SL+Md7sO2I=,DyG/UJDDiB1kJ4YEBDCNI9vXGcQ=
18,10,yFb1ev4FteMTh+Fb82qnm8AAbEo=,6/yDFbkMfJpuXqFk831p5ZdM/So=
18,8,ybr1d2L7mfIfqIAE1fE/J2bfyEU=,UX1jfsA38fZ8uDJbyfR1tu/it24=
17,7,B/w4Yf3p1qIdEUpLPXN+Ngvzk9o=,RfXMDWRKN8Xl3ddB9+LUH8d1thw=
20,9,XwN3BJBvlgiVSQjAw+wKZHWiTaQ=,GUHdNi7cL2cTlGzyUnpwGA6JGkw=
20,7,XwN3BJBvlgiVSQjAw+wKZHWiTaQ=,wbZqN09D7Fy+cirx3NHwAAxu2t8=
17,9,FsS4JPxJSnp7VODZ+SL+Md7sO2I=,TZ74Q4z8IDQZaUsC6AN9qPHPjYM=
19,8,POkiLnAn/NeJi6EPDZk7Pbvj0P0=,UX1jfsA38fZ8uDJbyfR1tu/it24=
19,9,goNkOcC3MalHWHdoMUs+nRFUgBY=,UX1jfsA38fZ8uDJbyfR1tu/it24=
20,10,XwN3BJBvlgiVSQjAw+wKZHWiTaQ=,o+Qcqd+3CZ0WE6clr7R+ESPqYpI=
19,10,yFb1ev4FteMTh+Fb82qnm8AAbEo=,6/yDFbkMfJpuXqFk831p5ZdM/So=
20,8,XwN3BJBvlgiVSQjAw+wKZHWiTaQ=,GUHdNi7cL2cTlGzyUnpwGA6JGkw=
19,7,POkiLnAn/NeJi6EPDZk7Pbvj0P0=,dIFiaUd/g1JsF/z2t0CL4cAkKh8=
16,10,gk/779zIUT0BKvBxH2L14WOKIB0=,DyG/UJDDiB1kJ4YEBDCNI9vXGcQ=
16,9,gk/779zIUT0BKvBxH2L14WOKIB0=,TZ74Q4z8IDQZaUsC6AN9qPHPjYM=
16,8,gk/779zIUT0BKvBxH2L14WOKIB0=,TZ74Q4z8IDQZaUsC6AN9qPHPjYM=
16,7,yFb1ev4FteMTh+Fb82qnm8AAbEo=,RfXMDWRKN8Xl3ddB9+LUH8d1thw=
16,6,yFb1ev4FteMTh+Fb82qnm8AAbEo=,RfXMDWRKN8Xl3ddB9+LUH8d1thw=
16,5,gk/779zIUT0BKvBxH2L14WOKIB0=,t3CN7QFiJpffm8ZUQljnZzYwkvg=
19,12,goNkOcC3MalHWHdoMUs+nRFUgBY=,aO89ZzbuvL6/o/BATy0tVEN2Eig=
19,11,yFb1ev4FteMTh+Fb82qnm8AAbEo=,6/yDFbkMfJpuXqFk831p5ZdM/So=
20,11,9uBKG0pxCOtkti/u/88PC9v+/hk=,o+Qcqd+3CZ0WE6clr7R+ESPqYpI=
18,13,7pk67oBOBQ0+0x2VPZuKfnj18tk=,aO89ZzbuvL6/o/BATy0tVEN2Eig=
16,13,zcC0Tg10lM/kHHyl1MqFSTCgVeM=,sAnPT8aLzeYHrPZTirMpLwzAVeA=
16,11,zcC0Tg10lM/kHHyl1MqFSTCgVeM=,DyG/UJDDiB1kJ4YEBDCNI9vXGcQ=
17,11,zcC0Tg10lM/kHHyl1MqFSTCgVeM=,DyG/UJDDiB1kJ4YEBDCNI9vXGcQ=
18,14,7pk67oBOBQ0+0x2VPZuKfnj18tk=,MJHm/968yZUS9N2JbWB1CysLNpE=
16,12,dj+xrMkmPb9VJi2kn3ruOCeV58o=,sAnPT8aLzeYHrPZTirMpLwzAVeA=
18,11,yFb1ev4FteMTh+Fb82qnm8AAbEo=,6/yDFbkMfJpuXqFk831p5ZdM/So=
16,14,yFb1ev4FteMTh+Fb82qnm8AAbEo=,kEnkivgKorpaKeYSIUVwvTxC/wA=
17,12,dj+xrMkmPb9VJi2kn3ruOCeV58o=,sAnPT8aLzeYHrPZTirMpLwzAVeA=
18,12,7pk67oBOBQ0+0x2VPZuKfnj18tk=,aO89ZzbuvL6/o/BATy0tVEN2Eig=
17,13,dj+xrMkmPb9VJi2kn3ruOCeV58o=,sAnPT8aLzeYHrPZTirMpLwzAVeA=
17,14,yFb1ev4FteMTh+Fb82qnm8AAbEo=,kEnkivgKorpaKeYSIUVwvTxC/wA=
20,6,XwN3BJBvlgiVSQjAw+wKZHWiTaQ=,wbZqN09D7Fy+cirx3NHwAAxu2t8=
19,5,yFb1ev4FteMTh+Fb82qnm8AAbEo=,eYje9pbmenEqyh+qi6sTkzbb774=
19,6,POkiLnAn/NeJi6EPDZk7Pbvj0P0=,dIFiaUd/g1JsF/z2t0CL4cAkKh8=
19,4,xy6sO47WMI38XSXRsLNn7msqg3c=,eYje9pbmenEqyh+qi6sTkzbb774=
17,3,xy6sO47WMI38XSXRsLNn7msqg3c=,mFK25c0QZmttHZOrJMCH+XbriEI=
20,3,xy6sO47WMI38XSXRsLNn7msqg3c=,ZXgjpwM5N04WJi/3ru4fQL2eW7Y=
18,3,xy6sO47WMI38XSXRsLNn7msqg3c=,2Dpj6lDGOWUJXinNOm4OolrV7pI=
17,4,IOUSHUoT8kdRBYgbSJri9EXdqy0=,t3CN7QFiJpffm8ZUQljnZzYwkvg=
19,3,xy6sO47WMI38XSXRsLNn7msqg3c=,2Dpj6lDGOWUJXinNOm4OolrV7pI=
18,4,xy6sO47WMI38XSXRsLNn7msqg3c=,eYje9pbmenEqyh+qi6sTkzbb774=
18,15,7pk67oBOBQ0+0x2VPZuKfnj18tk=,MJHm/968yZUS9N2JbWB1CysLNpE=
17,15,yFb1ev4FteMTh+Fb82qnm8AAbEo=,kEnkivgKorpaKeYSIUVwvTxC/wA=
16,15,yFb1ev4FteMTh+Fb82qnm8AAbEo=,kEnkivgKorpaKeYSIUVwvTxC/wA=
19,14,jpn5RqDmb0QWe61a7u6IBea79Vg=,MJHm/968yZUS9N2JbWB1CysLNpE=
16,4,IOUSHUoT8kdRBYgbSJri9EXdqy0=,t3CN7QFiJpffm8ZUQljnZzYwkvg=
16,3,yFb1ev4FteMTh+Fb82qnm8AAbEo=,mFK25c0QZmttHZOrJMCH+XbriEI=
19,15,7pk67oBOBQ0+0x2VPZuKfnj18tk=,MJHm/968yZUS9N2JbWB1CysLNpE=
21,3,YNBsIH4eriI6GariFnBTxM5Rfns=,ZXgjpwM5N04WJi/3ru4fQL2eW7Y=
21,6,1cMCk/vJ6ZOK5CKNceQ6W4wxAXg=,wbZqN09D7Fy+cirx3NHwAAxu2t8=
21,8,exzbXPm7a5XhS6vaBJCpHVIco5o=,GUHdNi7cL2cTlGzyUnpwGA6JGkw=
21,9,bAhJeXEMCkHcBuVjj3k2KRE914I=,GUHdNi7cL2cTlGzyUnpwGA6JGkw=
21,7,1+sewkvjo/08GgpSb1t1ZfM8ekc=,wbZqN09D7Fy+cirx3NHwAAxu2t8=
21,10,bAhJeXEMCkHcBuVjj3k2KRE914I=,o+Qcqd+3CZ0WE6clr7R+ESPqYpI=
21,11,NCSNnd865REqnt2echGAvXeX6yQ=,o+Qcqd+3CZ0WE6clr7R+ESPqYpI=
21,2,Mud4XPoPJyPmMg0eCm58slw7MWA=,ZXgjpwM5N04WJi/3ru4fQL2eW7Y=
19,13,jpn5RqDmb0QWe61a7u6IBea79Vg=,aO89ZzbuvL6/o/BATy0tVEN2Eig=
19,2,Mud4XPoPJyPmMg0eCm58slw7MWA=,2Dpj6lDGOWUJXinNOm4OolrV7pI=
20,2,Mud4XPoPJyPmMg0eCm58slw7MWA=,ZXgjpwM5N04WJi/3ru4fQL2eW7Y=
19,1,Mud4XPoPJyPmMg0eCm58slw7MWA=,2w26Mc0x12VZ+d2aI1PVznExhKU=
19,0,xy6sO47WMI38XSXRsLNn7msqg3c=,2w26Mc0x12VZ+d2aI1PVznExhKU=
16,2,yFb1ev4FteMTh+Fb82qnm8AAbEo=,mFK25c0QZmttHZOrJMCH+XbriEI=
18,1,B/w4Yf3p1qIdEUpLPXN+Ngvzk9o=,2w26Mc0x12VZ+d2aI1PVznExhKU=
17,2,B/w4Yf3p1qIdEUpLPXN+Ngvzk9o=,mFK25c0QZmttHZOrJMCH+XbriEI=
18,0,B/w4Yf3p1qIdEUpLPXN+Ngvzk9o=,2w26Mc0x12VZ+d2aI1PVznExhKU=
16,0,yFb1ev4FteMTh+Fb82qnm8AAbEo=,6bbIizTwb+k7rusUcrIxraVTGjM=
16,1,yFb1ev4FteMTh+Fb82qnm8AAbEo=,6bbIizTwb+k7rusUcrIxraVTGjM=
18,2,B/w4Yf3p1qIdEUpLPXN+Ngvzk9o=,2Dpj6lDGOWUJXinNOm4OolrV7pI=
17,0,B/w4Yf3p1qIdEUpLPXN+Ngvzk9o=,6bbIizTwb+k7rusUcrIxraVTGjM=
17,1,B/w4Yf3p1qIdEUpLPXN+Ngvzk9o=,6bbIizTwb+k7rusUcrIxraVTGjM=
9,18,B5Joea4foxEdMU+GsXmqCgU3iSg=,0vIRWjMnNMoYssO7SpAXnHQhshw=
10,18,B5Joea4foxEdMU+GsXmqCgU3iSg=,e1/S6FUnlkNVmlwcTpaHrb+//hk=
10,17,B5Joea4foxEdMU+GsXmqCgU3iSg=,xqoTtmU9PgqeoCqiVvHiTDBFgLg=
9,17,B5Joea4foxEdMU+GsXmqCgU3iSg=,1RGQoWtlduCer6CdjgZSQD9nIkI=
12,17,cu19xroCzm7JN/FwAOPOwnffcl0=,BuKhjq+WZncVaQYOe1tCQgvBev0=
12,18,cu19xroCzm7JN/FwAOPOwnffcl0=,28kxvUaydn7Ma2o1AHbI8Ohodjo=
11,17,cu19xroCzm7JN/FwAOPOwnffcl0=,xqoTtmU9PgqeoCqiVvHiTDBFgLg=
11,18,cu19xroCzm7JN/FwAOPOwnffcl0=,e1/S6FUnlkNVmlwcTpaHrb+//hk=
7,18,U/lNHQFLplh7J6t5UHCKMG9Uy8E=,yrFuypTZw4RHW6vdq+fMPOn56j8=
7,17,U/lNHQFLplh7J6t5UHCKMG9Uy8E=,ABgt2m5yO71ksJs2w04FSLvdo3Q=
8,18,U/lNHQFLplh7J6t5UHCKMG9Uy8E=,0vIRWjMnNMoYssO7SpAXnHQhshw=
8,17,U/lNHQFLplh7J6t5UHCKMG9Uy8E=,1RGQoWtlduCer6CdjgZSQD9nIkI=
5,17,v3nkTvtYCMF2lHb8YS5e1EIhWTc=,sst0fStIsqlr6mF/uhY5gMl2Wk4=
6,18,v3nkTvtYCMF2lHb8YS5e1EIhWTc=,yrFuypTZw4RHW6vdq+fMPOn56j8=
5,18,v3nkTvtYCMF2lHb8YS5e1EIhWTc=,z/Tqz+mW0v/TdqaRonNZjxt4HEw=
6,17,v3nkTvtYCMF2lHb8YS5e1EIhWTc=,ABgt2m5yO71ksJs2w04FSLvdo3Q=
5,16,LeonEH5uHfM7CmiyEBodE3ytx6I=,sst0fStIsqlr6mF/uhY5gMl2Wk4=
8,16,LeonEH5uHfM7CmiyEBodE3ytx6I=,1RGQoWtlduCer6CdjgZSQD9nIkI=
7,16,LeonEH5uHfM7CmiyEBodE3ytx6I=,ABgt2m5yO71ksJs2w04FSLvdo3Q=
6,16,LeonEH5uHfM7CmiyEBodE3ytx6I=,ABgt2m5yO71ksJs2w04FSLvdo3Q=
3,18,rDDzwVV3LTGdUbzGbJR5pYtUNE4=,RgR8xAz7HpMEtsHExW2IR4IHNs0=
4,17,GYcrZrO5peRZ+RokE58X/nhuffE=,sst0fStIsqlr6mF/uhY5gMl2Wk4=
3,17,GYcrZrO5peRZ+RokE58X/nhuffE=,gsL+Xf++fIDGI3RteSgjsaoTl9c=
4,16,GYcrZrO5peRZ+RokE58X/nhuffE=,sst0fStIsqlr6mF/uhY5gMl2Wk4=
4,18,GYcrZrO5peRZ+RokE58X/nhuffE=,z/Tqz+mW0v/TdqaRonNZjxt4HEw=
3,16,GYcrZrO5peRZ+RokE58X/nhuffE=,gsL+Xf++fIDGI3RteSgjsaoTl9c=
9,16,LeonEH5uHfM7CmiyEBodE3ytx6I=,1RGQoWtlduCer6CdjgZSQD9nIkI=
12,16,LeonEH5uHfM7CmiyEBodE3ytx6I=,BuKhjq+WZncVaQYOe1tCQgvBev0=
11,16,LeonEH5uHfM7CmiyEBodE3ytx6I=,xqoTtmU9PgqeoCqiVvHiTDBFgLg=
10,16,LeonEH5uHfM7CmiyEBodE3ytx6I=,xqoTtmU9PgqeoCqiVvHiTDBFgLg=
0,18,rDDzwVV3LTGdUbzGbJR5pYtUNE4=,fSuvXSN2j2RCiuVSH/Ncv7T1cYc=
2,18,rDDzwVV3LTGdUbzGbJR5pYtUNE4=,RgR8xAz7HpMEtsHExW2IR4IHNs0=
1,17,gQjrzIeolamc4izrpq+Pp3lh9SY=,DTwJyTfPtOt+hgkWY2BvGx84IVE=
0,17,gQjrzIeolamc4izrpq+Pp3lh9SY=,DTwJyTfPtOt+hgkWY2BvGx84IVE=
1,18,rDDzwVV3LTGdUbzGbJR5pYtUNE4=,fSuvXSN2j2RCiuVSH/Ncv7T1cYc=
1,16,gQjrzIeolamc4izrpq+Pp3lh9SY=,DTwJyTfPtOt+hgkWY2BvGx84IVE=
2,16,GYcrZrO5peRZ+RokE58X/nhuffE=,gsL+Xf++fIDGI3RteSgjsaoTl9c=
0,16,gQjrzIeolamc4izrpq+Pp3lh9SY=,DTwJyTfPtOt+hgkWY2BvGx84IVE=
2,17,GYcrZrO5peRZ+RokE58X/nhuffE=,gsL+Xf++fIDGI3RteSgjsaoTl9c=
15,18,cu19xroCzm7JN/FwAOPOwnffcl0=,JNuFjjaq5Ed64p0OpfXn1qDUDi8=
13,16,LeonEH5uHfM7CmiyEBodE3ytx6I=,BuKhjq+WZncVaQYOe1tCQgvBev0=
13,17,cu19xroCzm7JN/FwAOPOwnffcl0=,BuKhjq+WZncVaQYOe1tCQgvBev0=
13,18,cu19xroCzm7JN/FwAOPOwnffcl0=,28kxvUaydn7Ma2o1AHbI8Ohodjo=
14,18,cu19xroCzm7JN/FwAOPOwnffcl0=,JNuFjjaq5Ed64p0OpfXn1qDUDi8=
14,17,cu19xroCzm7JN/FwAOPOwnffcl0=,eGkZoijmxoBUWQxO/h/tgLCX5Nw=
14,16,LeonEH5uHfM7CmiyEBodE3ytx6I=,eGkZoijmxoBUWQxO/h/tgLCX5Nw=
15,17,cu19xroCzm7JN/FwAOPOwnffcl0=,eGkZoijmxoBUWQxO/h/tgLCX5Nw=
15,16,LeonEH5uHfM7CmiyEBodE3ytx6I=,eGkZoijmxoBUWQxO/h/tgLCX5Nw=
18,18,lg5hBqM8dAFRzUG6mWe3UOMkVwo=,mg4T42T4Xs6RlhflSS6Plqpt69Y=
17,18,lg5hBqM8dAFRzUG6mWe3UOMkVwo=,SevmaUOa9wb6p74///z9F3XuPMI=
18,17,lg5hBqM8dAFRzUG6mWe3UOMkVwo=,UxQCyW7Izg74FgRQEgcvwmWZoPc=
17,17,VVwS+tSmDqliuAhgzZBs2kb8STU=,5tkhi27JmvyCqQj/x1yOABoXXMU=
18,16,lg5hBqM8dAFRzUG6mWe3UOMkVwo=,UxQCyW7Izg74FgRQEgcvwmWZoPc=
16,17,VVwS+tSmDqliuAhgzZBs2kb8STU=,5tkhi27JmvyCqQj/x1yOABoXXMU=
17,16,VVwS+tSmDqliuAhgzZBs2kb8STU=,5tkhi27JmvyCqQj/x1yOABoXXMU=
16,18,lg5hBqM8dAFRzUG6mWe3UOMkVwo=,SevmaUOa9wb6p74///z9F3XuPMI=
16,16,VVwS+tSmDqliuAhgzZBs2kb8STU=,5tkhi27JmvyCqQj/x1yOABoXXMU=
5,21,Mp5dPR0d4BOCiVVVwQJ6FLvunyI=,/MC/sdYxvXl8sCYmWAS8DTUnaKc=
6,21,Mp5dPR0d4BOCiVVVwQJ6FLvunyI=,s/EKJQQglWqHw2Ch5Qvf9wR1uIo=
5,20,v3nkTvtYCMF2lHb8YS5e1EIhWTc=,/MC/sdYxvXl8sCYmWAS8DTUnaKc=
6,20,v3nkTvtYCMF2lHb8YS5e1EIhWTc=,s/EKJQQglWqHw2Ch5Qvf9wR1uIo=
5,19,v3nkTvtYCMF2lHb8YS5e1EIhWTc=,z/Tqz+mW0v/TdqaRonNZjxt4HEw=
6,19,v3nkTvtYCMF2lHb8YS5e1EIhWTc=,yrFuypTZw4RHW6vdq+fMPOn56j8=
7,19,B5Joea4foxEdMU+GsXmqCgU3iSg=,yrFuypTZw4RHW6vdq+fMPOn56j8=
7,20,B5Joea4foxEdMU+GsXmqCgU3iSg=,s/EKJQQglWqHw2Ch5Qvf9wR1uIo=
8,21,LeonEH5uHfM7CmiyEBodE3ytx6I=,1nD6LtMPpS/hNEPlfIlG2BZ9wsE=
7,21,LeonEH5uHfM7CmiyEBodE3ytx6I=,s/EKJQQglWqHw2Ch5Qvf9wR1uIo=
8,20,B5Joea4foxEdMU+GsXmqCgU3iSg=,1nD6LtMPpS/hNEPlfIlG2BZ9wsE=
8,19,B5Joea4foxEdMU+GsXmqCgU3iSg=,0vIRWjMnNMoYssO7SpAXnHQhshw=
4,20,LeonEH5uHfM7CmiyEBodE3ytx6I=,/MC/sdYxvXl8sCYmWAS8DTUnaKc=
3,20,8FJKlNpgGXUnaKeQZnDFpZQ027Q=,32GEucx9cFUvJWOOyaR7puF/MKk=
4,21,Mp5dPR0d4BOCiVVVwQJ6FLvunyI=,/MC/sdYxvXl8sCYmWAS8DTUnaKc=
3,19,BfGOkgH1ePBheKQvWwg7n+7IeiE=,RgR8xAz7HpMEtsHExW2IR4IHNs0=
4,19,LeonEH5uHfM7CmiyEBodE3ytx6I=,z/Tqz+mW0v/TdqaRonNZjxt4HEw=
3,21,8FJKlNpgGXUnaKeQZnDFpZQ027Q=,32GEucx9cFUvJWOOyaR7puF/MKk=
1,21,B+1rd7bA4yczeiEMYh8uNUmtUDQ=,TGdE5sg+v+m8fyIB5+n5sME0FbM=
2,21,B+1rd7bA4yczeiEMYh8uNUmtUDQ=,32GEucx9cFUvJWOOyaR7puF/MKk=
9,21,LeonEH5uHfM7CmiyEBodE3ytx6I=,1nD6LtMPpS/hNEPlfIlG2BZ9wsE=
10,21,AR973L9ZwqwKbAz9vXqHcnHy9pQ=,zmKdpFhJpHWv4MmD8LgONZhsHyU=
2,19,smqJkcVfqF1HRGPrLTuquDqVsp0=,RgR8xAz7HpMEtsHExW2IR4IHNs0=
2,20,B+1rd7bA4yczeiEMYh8uNUmtUDQ=,32GEucx9cFUvJWOOyaR7puF/MKk=
1,19,smqJkcVfqF1HRGPrLTuquDqVsp0=,fSuvXSN2j2RCiuVSH/Ncv7T1cYc=
1,20,B+1rd7bA4yczeiEMYh8uNUmtUDQ=,TGdE5sg+v+m8fyIB5+n5sME0FbM=
9,20,twjSJRaaqSdyQ1DGIpyV71Y99ek=,1nD6LtMPpS/hNEPlfIlG2BZ9wsE=
9,19,twjSJRaaqSdyQ1DGIpyV71Y99ek=,0vIRWjMnNMoYssO7SpAXnHQhshw=
10,19,twjSJRaaqSdyQ1DGIpyV71Y99ek=,e1/S6FUnlkNVmlwcTpaHrb+//hk=
10,20,/BaYf9MHOuhH6uwKFze4WT43YUE=,zmKdpFhJpHWv4MmD8LgONZhsHyU=
12,21,xj1qK6WuK9Xp+8+lkHeATeyfV2k=,dsckcA6Lqi1El4PVZvP4UP/pgyI=
11,21,xj1qK6WuK9Xp+8+lkHeATeyfV2k=,zmKdpFhJpHWv4MmD8LgONZhsHyU=
13,21,/BaYf9MHOuhH6uwKFze4WT43YUE=,dsckcA6Lqi1El4PVZvP4UP/pgyI=
14,21,/BaYf9MHOuhH6uwKFze4WT43YUE=,RF7vSTrc8wDfzCLzl4Ks/pz2vqI=
14,20,/BaYf9MHOuhH6uwKFze4WT43YUE=,RF7vSTrc8wDfzCLzl4Ks/pz2vqI=
14,19,twjSJRaaqSdyQ1DGIpyV71Y99ek=,JNuFjjaq5Ed64p0OpfXn1qDUDi8=
12,20,/BaYf9MHOuhH6uwKFze4WT43YUE=,dsckcA6Lqi1El4PVZvP4UP/pgyI=
12,19,twjSJRaaqSdyQ1DGIpyV71Y99ek=,28kxvUaydn7Ma2o1AHbI8Ohodjo=
13,19,twjSJRaaqSdyQ1DGIpyV71Y99ek=,28kxvUaydn7Ma2o1AHbI8Ohodjo=
13,20,/BaYf9MHOuhH6uwKFze4WT43YUE=,dsckcA6Lqi1El4PVZvP4UP/pgyI=
11,20,/BaYf9MHOuhH6uwKFze4WT43YUE=,zmKdpFhJpHWv4MmD8LgONZhsHyU=
11,19,twjSJRaaqSdyQ1DGIpyV71Y99ek=,e1/S6FUnlkNVmlwcTpaHrb+//hk=
15,20,8FJKlNpgGXUnaKeQZnDFpZQ027Q=,RF7vSTrc8wDfzCLzl4Ks/pz2vqI=
15,19,LeonEH5uHfM7CmiyEBodE3ytx6I=,JNuFjjaq5Ed64p0OpfXn1qDUDi8=
15,21,8FJKlNpgGXUnaKeQZnDFpZQ027Q=,RF7vSTrc8wDfzCLzl4Ks/pz2vqI=
0,20,B+1rd7bA4yczeiEMYh8uNUmtUDQ=,TGdE5sg+v+m8fyIB5+n5sME0FbM=
0,21,B+1rd7bA4yczeiEMYh8uNUmtUDQ=,TGdE5sg+v+m8fyIB5+n5sME0FbM=
0,19,rDDzwVV3LTGdUbzGbJR5pYtUNE4=,fSuvXSN2j2RCiuVSH/Ncv7T1cYc=
21,21,3fT7Gc/mtEVCmZ4Gyt/ytruC3E8=,oi8LDDJC20fqnR4TeGO0hgxLQeE=
21,19,juP/drK/nNw/KN01BPJyDe+X4HQ=,JVnslE9DXTkHZhYPFl9hSFu2I4E=
21,20,juP/drK/nNw/KN01BPJyDe+X4HQ=,oi8LDDJC20fqnR4TeGO0hgxLQeE=
20,21,iBJ2QpDMM6fOWtoDSPE4BNRHWzY=,oi8LDDJC20fqnR4TeGO0hgxLQeE=
19,21,iBJ2QpDMM6fOWtoDSPE4BNRHWzY=,eSE2teUdheXu1kJx/+XsGZUf5Sw=
20,19,aOA+U5DESTYCuRLQp6K9XP+m3es=,JVnslE9DXTkHZhYPFl9hSFu2I4E=
19,19,geJ2AhtXY4Tks5snxV2JS8GA02A=,mg4T42T4Xs6RlhflSS6Plqpt69Y=
19,20,aOA+U5DESTYCuRLQp6K9XP+m3es=,eSE2teUdheXu1kJx/+XsGZUf5Sw=
20,20,aOA+U5DESTYCuRLQp6K9XP+m3es=,oi8LDDJC20fqnR4TeGO0hgxLQeE=
18,19,J9BtbDHs6F15Kvzfwrt9rcQiFvw=,mg4T42T4Xs6RlhflSS6Plqpt69Y=
17,20,aOA+U5DESTYCuRLQp6K9XP+m3es=,Apl6W1Qca4A2TxGDJ3kiBUnUigs=
17,19,J9BtbDHs6F15Kvzfwrt9rcQiFvw=,SevmaUOa9wb6p74///z9F3XuPMI=
18,20,aOA+U5DESTYCuRLQp6K9XP+m3es=,eSE2teUdheXu1kJx/+XsGZUf5Sw=
17,21,Y3lRSOCj5PcuB3p0Z3j5zWy/W0o=,Apl6W1Qca4A2TxGDJ3kiBUnUigs=
18,21,Y3lRSOCj5PcuB3p0Z3j5zWy/W0o=,eSE2teUdheXu1kJx/+XsGZUf5Sw=
16,20,juP/drK/nNw/KN01BPJyDe+X4HQ=,Apl6W1Qca4A2TxGDJ3kiBUnUigs=
16,21,Y3lRSOCj5PcuB3p0Z3j5zWy/W0o=,Apl6W1Qca4A2TxGDJ3kiBUnUigs=
16,19,lg5hBqM8dAFRzUG6mWe3UOMkVwo=,SevmaUOa9wb6p74///z9F3XuPMI=
19,18,lg5hBqM8dAFRzUG6mWe3UOMkVwo=,mg4T42T4Xs6RlhflSS6Plqpt69Y=
20,18,1RChq9CNmcLNJzk5IA8tjxQUxN4=,JVnslE9DXTkHZhYPFl9hSFu2I4E=
20,17,1RChq9CNmcLNJzk5IA8tjxQUxN4=,DwFYghs1S8wrRPNqBVAjl4SVucY=
19,17,lg5hBqM8dAFRzUG6mWe3UOMkVwo=,UxQCyW7Izg74FgRQEgcvwmWZoPc=
21,18,1RChq9CNmcLNJzk5IA8tjxQUxN4=,JVnslE9DXTkHZhYPFl9hSFu2I4E=
21,16,1RChq9CNmcLNJzk5IA8tjxQUxN4=,DwFYghs1S8wrRPNqBVAjl4SVucY=
21,17,1RChq9CNmcLNJzk5IA8tjxQUxN4=,DwFYghs1S8wrRPNqBVAjl4SVucY=
19,16,lg5hBqM8dAFRzUG6mWe3UOMkVwo=,UxQCyW7Izg74FgRQEgcvwmWZoPc=
20,16,1RChq9CNmcLNJzk5IA8tjxQUxN4=,DwFYghs1S8wrRPNqBVAjl4SVucY=
20,13,jh+hhVQjAFoJ9llxJ+YcwP032YY=,HaXmcUePwH0t55LBJ6yF9eSRTjQ=
21,13,jh+hhVQjAFoJ9llxJ+YcwP032YY=,HaXmcUePwH0t55LBJ6yF9eSRTjQ=
20,14,jh+hhVQjAFoJ9llxJ+YcwP032YY=,L0sFZMOBChbAbPRle47EXv75Mrc=
21,14,jh+hhVQjAFoJ9llxJ+YcwP032YY=,L0sFZMOBChbAbPRle47EXv75Mrc=
21,12,NCSNnd865REqnt2echGAvXeX6yQ=,HaXmcUePwH0t55LBJ6yF9eSRTjQ=
20,12,9uBKG0pxCOtkti/u/88PC9v+/hk=,HaXmcUePwH0t55LBJ6yF9eSRTjQ=
20,5,yFb1ev4FteMTh+Fb82qnm8AAbEo=,T5fpC1KVdVxVrxXqMphrjBhzrO4=
21,5,yFb1ev4FteMTh+Fb82qnm8AAbEo=,T5fpC1KVdVxVrxXqMphrjBhzrO4=
21,4,YNBsIH4eriI6GariFnBTxM5Rfns=,T5fpC1KVdVxVrxXqMphrjBhzrO4=
20,4,xy6sO47WMI38XSXRsLNn7msqg3c=,T5fpC1KVdVxVrxXqMphrjBhzrO4=
21,1,Mud4XPoPJyPmMg0eCm58slw7MWA=,q8chXa6IoC6kHeJWbLLn6YV/SKk=
20,1,Mud4XPoPJyPmMg0eCm58slw7MWA=,q8chXa6IoC6kHeJWbLLn6YV/SKk=
20,0,xy6sO47WMI38XSXRsLNn7msqg3c=,q8chXa6IoC6kHeJWbLLn6YV/SKk=
21,0,xy6sO47WMI38XSXRsLNn7msqg3c=,q8chXa6IoC6kHeJWbLLn6YV/SKk=
20,15,jh+hhVQjAFoJ9llxJ+YcwP032YY=,L0sFZMOBChbAbPRle47EXv75Mrc=
21,15,jh+hhVQjAFoJ9llxJ+YcwP032YY=,L0sFZMOBChbAbPRle47EXv75Mrc=
9,25,7K/IJIUJ9VKH5JT4RW3zwLcAINg=,igRDAAgDlhrtTAGvter8/XcWSms=
10,25,7K/IJIUJ9VKH5JT4RW3zwLcAINg=,9Zv8UUcUS8QzQtYJMLUNdrqHeXY=
10,23,AR973L9ZwqwKbAz9vXqHcnHy9pQ=,uXLPgzY6jX3GkWOKyHYF34soSB8=
10,24,LeonEH5uHfM7CmiyEBodE3ytx6I=,9Zv8UUcUS8QzQtYJMLUNdrqHeXY=
9,23,AR973L9ZwqwKbAz9vXqHcnHy9pQ=,B9IEBCv44WXPEuYQRLzBrsIqLqY=
9,24,LeonEH5uHfM7CmiyEBodE3ytx6I=,igRDAAgDlhrtTAGvter8/XcWSms=
9,22,AR973L9ZwqwKbAz9vXqHcnHy9pQ=,B9IEBCv44WXPEuYQRLzBrsIqLqY=
10,22,AR973L9ZwqwKbAz9vXqHcnHy9pQ=,uXLPgzY6jX3GkWOKyHYF34soSB8=
12,22,LeonEH5uHfM7CmiyEBodE3ytx6I=,GqdDD8aE3FTjVGLSRf/U6OeKrPY=
11,22,xj1qK6WuK9Xp+8+lkHeATeyfV2k=,uXLPgzY6jX3GkWOKyHYF34soSB8=
13,22,GYcrZrO5peRZ+RokE58X/nhuffE=,GqdDD8aE3FTjVGLSRf/U6OeKrPY=
14,22,/BaYf9MHOuhH6uwKFze4WT43YUE=,WBA0vDQyobwfyKMwwi40Wgr1t3k=
11,24,LeonEH5uHfM7CmiyEBodE3ytx6I=,9Zv8UUcUS8QzQtYJMLUNdrqHeXY=
12,25,7K/IJIUJ9VKH5JT4RW3zwLcAINg=,gPrDPVDpilahsr0QG8oE66WATvU=
11,25,7K/IJIUJ9VKH5JT4RW3zwLcAINg=,9Zv8UUcUS8QzQtYJMLUNdrqHeXY=
13,25,GpfBF+kuNixuo8hEo2mEbx1+/Ks=,gPrDPVDpilahsr0QG8oE66WATvU=
14,25,GpfBF+kuNixuo8hEo2mEbx1+/Ks=,9s5s7xbx7uthb+IEwTqdCDxreDY=
12,23,LeonEH5uHfM7CmiyEBodE3ytx6I=,GqdDD8aE3FTjVGLSRf/U6OeKrPY=
15,25,LeonEH5uHfM7CmiyEBodE3ytx6I=,9s5s7xbx7uthb+IEwTqdCDxreDY=
12,24,LeonEH5uHfM7CmiyEBodE3ytx6I=,gPrDPVDpilahsr0QG8oE66WATvU=
11,23,/BaYf9MHOuhH6uwKFze4WT43YUE=,uXLPgzY6jX3GkWOKyHYF34soSB8=
13,23,GYcrZrO5peRZ+RokE58X/nhuffE=,GqdDD8aE3FTjVGLSRf/U6OeKrPY=
15,24,GYcrZrO5peRZ+RokE58X/nhuffE=,9s5s7xbx7uthb+IEwTqdCDxreDY=
13,24,GYcrZrO5peRZ+RokE58X/nhuffE=,gPrDPVDpilahsr0QG8oE66WATvU=
14,24,GYcrZrO5peRZ+RokE58X/nhuffE=,9s5s7xbx7uthb+IEwTqdCDxreDY=
15,23,/BaYf9MHOuhH6uwKFze4WT43YUE=,WBA0vDQyobwfyKMwwi40Wgr1t3k=
14,23,/BaYf9MHOuhH6uwKFze4WT43YUE=,WBA0vDQyobwfyKMwwi40Wgr1t3k=
8,25,7K/IJIUJ9VKH5JT4RW3zwLcAINg=,igRDAAgDlhrtTAGvter8/XcWSms=
7,25,7K/IJIUJ9VKH5JT4RW3zwLcAINg=,ARVzygZll20pMVHmoUdxFQR6NrE=
6,23,kChepcQEA1hAR4jTiqrLWqJk5rs=,EbfiLLR5/3LqcGBISY7+4gTcTXE=
5,23,ue9xxFI/6+i+Q5fXaX/ZnFa6ops=,c62QIp9lcDFKb1GQBmJVzjoVGOo=
5,25,3VKuz+Io6QGnvbFpT0CJx11Sz1U=,11HHJ6s4gqxr7TrPszlfxHVUtro=
7,23,kChepcQEA1hAR4jTiqrLWqJk5rs=,EbfiLLR5/3LqcGBISY7+4gTcTXE=
7,24,LeonEH5uHfM7CmiyEBodE3ytx6I=,ARVzygZll20pMVHmoUdxFQR6NrE=
6,24,ue9xxFI/6+i+Q5fXaX/ZnFa6ops=,ARVzygZll20pMVHmoUdxFQR6NrE=
6,25,3VKuz+Io6QGnvbFpT0CJx11Sz1U=,ARVzygZll20pMVHmoUdxFQR6NrE=
5,24,ue9xxFI/6+i+Q5fXaX/ZnFa6ops=,11HHJ6s4gqxr7TrPszlfxHVUtro=
7,22,kChepcQEA1hAR4jTiqrLWqJk5rs=,EbfiLLR5/3LqcGBISY7+4gTcTXE=
8,22,kChepcQEA1hAR4jTiqrLWqJk5rs=,B9IEBCv44WXPEuYQRLzBrsIqLqY=
8,24,LeonEH5uHfM7CmiyEBodE3ytx6I=,igRDAAgDlhrtTAGvter8/XcWSms=
8,23,kChepcQEA1hAR4jTiqrLWqJk5rs=,B9IEBCv44WXPEuYQRLzBrsIqLqY=
3,25,3VKuz+Io6QGnvbFpT0CJx11Sz1U=,b5pjahxnSy7/XbB7J93OTjXpPBw=
4,25,3VKuz+Io6QGnvbFpT0CJx11Sz1U=,11HHJ6s4gqxr7TrPszlfxHVUtro=
6,22,8FJKlNpgGXUnaKeQZnDFpZQ027Q=,EbfiLLR5/3LqcGBISY7+4gTcTXE=
5,22,Mp5dPR0d4BOCiVVVwQJ6FLvunyI=,c62QIp9lcDFKb1GQBmJVzjoVGOo=
3,24,gw4E/gIT1EXMuSRY0OqPwVaEum8=,b5pjahxnSy7/XbB7J93OTjXpPBw=
4,24,gw4E/gIT1EXMuSRY0OqPwVaEum8=,11HHJ6s4gqxr7TrPszlfxHVUtro=
4,23,gw4E/gIT1EXMuSRY0OqPwVaEum8=,c62QIp9lcDFKb1GQBmJVzjoVGOo=
3,23,8FJKlNpgGXUnaKeQZnDFpZQ027Q=,XeQw/SaQqEEEoXczprGiGLg0o3g=
4,22,Mp5dPR0d4BOCiVVVwQJ6FLvunyI=,c62QIp9lcDFKb1GQBmJVzjoVGOo=
3,22,8FJKlNpgGXUnaKeQZnDFpZQ027Q=,XeQw/SaQqEEEoXczprGiGLg0o3g=
15,22,8FJKlNpgGXUnaKeQZnDFpZQ027Q=,WBA0vDQyobwfyKMwwi40Wgr1t3k=
0,25,gw4E/gIT1EXMuSRY0OqPwVaEum8=,yfV7FDSaHvoANQ3Xehd9EOXaWIQ=
2,25,gw4E/gIT1EXMuSRY0OqPwVaEum8=,b5pjahxnSy7/XbB7J93OTjXpPBw=
1,25,gw4E/gIT1EXMuSRY0OqPwVaEum8=,yfV7FDSaHvoANQ3Xehd9EOXaWIQ=
0,23,LeonEH5uHfM7CmiyEBodE3ytx6I=,LETqZI0ILu45MZbHUnHZxZamBkg=
2,24,gw4E/gIT1EXMuSRY0OqPwVaEum8=,b5pjahxnSy7/XbB7J93OTjXpPBw=
2,23,B+1rd7bA4yczeiEMYh8uNUmtUDQ=,XeQw/SaQqEEEoXczprGiGLg0o3g=
1,24,gw4E/gIT1EXMuSRY0OqPwVaEum8=,yfV7FDSaHvoANQ3Xehd9EOXaWIQ=
0,24,LeonEH5uHfM7CmiyEBodE3ytx6I=,yfV7FDSaHvoANQ3Xehd9EOXaWIQ=
1,23,gw4E/gIT1EXMuSRY0OqPwVaEum8=,LETqZI0ILu45MZbHUnHZxZamBkg=
1,22,LeonEH5uHfM7CmiyEBodE3ytx6I=,LETqZI0ILu45MZbHUnHZxZamBkg=
0,22,LeonEH5uHfM7CmiyEBodE3ytx6I=,LETqZI0ILu45MZbHUnHZxZamBkg=
2,22,B+1rd7bA4yczeiEMYh8uNUmtUDQ=,XeQw/SaQqEEEoXczprGiGLg0o3g=
25,22,jeHvEpcQivnAAK9A7eEAqzVbUhQ=,AnwoE4ga+mN9xdqeDYIhLLknX+U=
25,21,jeHvEpcQivnAAK9A7eEAqzVbUhQ=,3LVZiNY5FzUDgx7wouahxjBsZqs=
25,24,jeHvEpcQivnAAK9A7eEAqzVbUhQ=,v2FB9hefFprfTOqaCWiW8u0AnJA=
25,23,jeHvEpcQivnAAK9A7eEAqzVbUhQ=,AnwoE4ga+mN9xdqeDYIhLLknX+U=
25,25,TdEiMuu+yefreV0ETIKOnLsN26M=,v2FB9hefFprfTOqaCWiW8u0AnJA=
24,25,zSJ6u/Sr6Csa+zvEDt1J4F/K96k=,v2FB9hefFprfTOqaCWiW8u0AnJA=
23,25,zSJ6u/Sr6Csa+zvEDt1J4F/K96k=,AQpl4eOC/u1yuA+N2Ttj0JUaa/w=
23,23,+PflJbywPRqigpgxGRFtNy9tPwk=,tSINPrR6FsSyG5zELIdnYfuj7wM=
23,22,+PflJbywPRqigpgxGRFtNy9tPwk=,tSINPrR6FsSyG5zELIdnYfuj7wM=
24,24,VVwS+tSmDqliuAhgzZBs2kb8STU=,v2FB9hefFprfTOqaCWiW8u0AnJA=
24,21,VVwS+tSmDqliuAhgzZBs2kb8STU=,3LVZiNY5FzUDgx7wouahxjBsZqs=
24,22,VVwS+tSmDqliuAhgzZBs2kb8STU=,AnwoE4ga+mN9xdqeDYIhLLknX+U=
23,24,VVwS+tSmDqliuAhgzZBs2kb8STU=,AQpl4eOC/u1yuA+N2Ttj0JUaa/w=
24,23,VVwS+tSmDqliuAhgzZBs2kb8STU=,AnwoE4ga+mN9xdqeDYIhLLknX+U=
23,21,+PflJbywPRqigpgxGRFtNy9tPwk=,K2B05ypOH1lwgcmmtc7gEtwZgS0=
22,25,zSJ6u/Sr6Csa+zvEDt1J4F/K96k=,AQpl4eOC/u1yuA+N2Ttj0JUaa/w=
21,25,zSJ6u/Sr6Csa+zvEDt1J4F/K96k=,I+1w4uUXzGC91xgVISSoaPKJ5V4=
22,23,3fT7Gc/mtEVCmZ4Gyt/ytruC3E8=,tSINPrR6FsSyG5zELIdnYfuj7wM=
22,22,3fT7Gc/mtEVCmZ4Gyt/ytruC3E8=,tSINPrR6FsSyG5zELIdnYfuj7wM=
21,23,3fT7Gc/mtEVCmZ4Gyt/ytruC3E8=,sprNh5BBNVJH4Hh2uQAg5XSMt6Q=
21,24,VVwS+tSmDqliuAhgzZBs2kb8STU=,I+1w4uUXzGC91xgVISSoaPKJ5V4=
22,21,3fT7Gc/mtEVCmZ4Gyt/ytruC3E8=,K2B05ypOH1lwgcmmtc7gEtwZgS0=
22,24,VVwS+tSmDqliuAhgzZBs2kb8STU=,AQpl4eOC/u1yuA+N2Ttj0JUaa/w=
21,22,3fT7Gc/mtEVCmZ4Gyt/ytruC3E8=,sprNh5BBNVJH4Hh2uQAg5XSMt6Q=
20,22,iBJ2QpDMM6fOWtoDSPE4BNRHWzY=,sprNh5BBNVJH4Hh2uQAg5XSMt6Q=
19,22,iBJ2QpDMM6fOWtoDSPE4BNRHWzY=,NmfA3L0q61kiogiBEvv5rl/NOSY=
19,25,tCZffcmUO+CiG382ojHEQi2b0zs=,QLYOtISmTrITK1misXPRVFyGuXw=
20,24,tCZffcmUO+CiG382ojHEQi2b0zs=,I+1w4uUXzGC91xgVISSoaPKJ5V4=
20,23,iBJ2QpDMM6fOWtoDSPE4BNRHWzY=,sprNh5BBNVJH4Hh2uQAg5XSMt6Q=
19,23,iBJ2QpDMM6fOWtoDSPE4BNRHWzY=,NmfA3L0q61kiogiBEvv5rl/NOSY=
20,25,tCZffcmUO+CiG382ojHEQi2b0zs=,I+1w4uUXzGC91xgVISSoaPKJ5V4=
19,24,tCZffcmUO+CiG382ojHEQi2b0zs=,QLYOtISmTrITK1misXPRVFyGuXw=
16,22,Y3lRSOCj5PcuB3p0Z3j5zWy/W0o=,nu8wu/xZ0zAGbCfADfQ9qHuIKr8=
17,22,Y3lRSOCj5PcuB3p0Z3j5zWy/W0o=,nu8wu/xZ0zAGbCfADfQ9qHuIKr8=
18,22,Y3lRSOCj5PcuB3p0Z3j5zWy/W0o=,NmfA3L0q61kiogiBEvv5rl/NOSY=
18,25,tCZffcmUO+CiG382ojHEQi2b0zs=,QLYOtISmTrITK1misXPRVFyGuXw=
17,25,tCZffcmUO+CiG382ojHEQi2b0zs=,nqa755nmHIliarcDqLZYvwHtdyA=
17,24,tCZffcmUO+CiG382ojHEQi2b0zs=,nqa755nmHIliarcDqLZYvwHtdyA=
16,24,tCZffcmUO+CiG382ojHEQi2b0zs=,nqa755nmHIliarcDqLZYvwHtdyA=
18,23,Y3lRSOCj5PcuB3p0Z3j5zWy/W0o=,NmfA3L0q61kiogiBEvv5rl/NOSY=
16,25,tCZffcmUO+CiG382ojHEQi2b0zs=,nqa755nmHIliarcDqLZYvwHtdyA=
18,24,tCZffcmUO+CiG382ojHEQi2b0zs=,QLYOtISmTrITK1misXPRVFyGuXw=
16,23,Y3lRSOCj5PcuB3p0Z3j5zWy/W0o=,nu8wu/xZ0zAGbCfADfQ9qHuIKr8=
17,23,Y3lRSOCj5PcuB3p0Z3j5zWy/W0o=,nu8wu/xZ0zAGbCfADfQ9qHuIKr8=
22,20,juP/drK/nNw/KN01BPJyDe+X4HQ=,K2B05ypOH1lwgcmmtc7gEtwZgS0=
22,19,juP/drK/nNw/KN01BPJyDe+X4HQ=,LPpoHp3jTXzUcDNo+SRU58heIRY=
25,19,+3BfJCS2AGMHE3NStv2O8WIqg3U=,xbZKi9/OtBrjM4VDqkQURb+icWY=
25,20,+3BfJCS2AGMHE3NStv2O8WIqg3U=,3LVZiNY5FzUDgx7wouahxjBsZqs=
24,20,tCZffcmUO+CiG382ojHEQi2b0zs=,3LVZiNY5FzUDgx7wouahxjBsZqs=
23,19,1RChq9CNmcLNJzk5IA8tjxQUxN4=,LPpoHp3jTXzUcDNo+SRU58heIRY=
24,19,tCZffcmUO+CiG382ojHEQi2b0zs=,xbZKi9/OtBrjM4VDqkQURb+icWY=
23,20,1RChq9CNmcLNJzk5IA8tjxQUxN4=,K2B05ypOH1lwgcmmtc7gEtwZgS0=
24,18,tCZffcmUO+CiG382ojHEQi2b0zs=,xbZKi9/OtBrjM4VDqkQURb+icWY=
23,17,1RChq9CNmcLNJzk5IA8tjxQUxN4=,2STZlx1l4sTA4YeUULcuUEDFIwM=
24,16,tCZffcmUO+CiG382ojHEQi2b0zs=,h7bKWtbt/jrzBG5OrxgsENtJDkY=
25,17,jeHvEpcQivnAAK9A7eEAqzVbUhQ=,h7bKWtbt/jrzBG5OrxgsENtJDkY=
25,16,tCZffcmUO+CiG382ojHEQi2b0zs=,h7bKWtbt/jrzBG5OrxgsENtJDkY=
25,18,jeHvEpcQivnAAK9A7eEAqzVbUhQ=,xbZKi9/OtBrjM4VDqkQURb+icWY=
24,17,tCZffcmUO+CiG382ojHEQi2b0zs=,h7bKWtbt/jrzBG5OrxgsENtJDkY=
23,18,1RChq9CNmcLNJzk5IA8tjxQUxN4=,LPpoHp3jTXzUcDNo+SRU58heIRY=
23,16,1RChq9CNmcLNJzk5IA8tjxQUxN4=,2STZlx1l4sTA4YeUULcuUEDFIwM=
22,18,1RChq9CNmcLNJzk5IA8tjxQUxN4=,LPpoHp3jTXzUcDNo+SRU58heIRY=
22,16,1RChq9CNmcLNJzk5IA8tjxQUxN4=,2STZlx1l4sTA4YeUULcuUEDFIwM=
22,17,1RChq9CNmcLNJzk5IA8tjxQUxN4=,2STZlx1l4sTA4YeUULcuUEDFIwM=
25,10,TE4m6+Dga/SEhOupohBsdazLqIA=,ATl+ZxrjaVxgqdB0oesLIslVvl4=
25,9,TE4m6+Dga/SEhOupohBsdazLqIA=,FcvQ45Jxb5oVBhADoMbTm8R4mTk=
24,10,TE4m6+Dga/SEhOupohBsdazLqIA=,ATl+ZxrjaVxgqdB0oesLIslVvl4=
23,10,bAhJeXEMCkHcBuVjj3k2KRE914I=,T5UqYPDhWY/Gr96YF2Xyz545gzM=
24,9,TE4m6+Dga/SEhOupohBsdazLqIA=,FcvQ45Jxb5oVBhADoMbTm8R4mTk=
23,9,bAhJeXEMCkHcBuVjj3k2KRE914I=,mkER+lxqK2mpX/0dwiMmRLQ5tQs=
22,10,bAhJeXEMCkHcBuVjj3k2KRE914I=,T5UqYPDhWY/Gr96YF2Xyz545gzM=
22,9,bAhJeXEMCkHcBuVjj3k2KRE914I=,mkER+lxqK2mpX/0dwiMmRLQ5tQs=
25,7,wGNaUnLnBBmxWYZIoKAmXhbcbmA=,8ydoK3efMJSAQdjzZ1OSOiDW6j8=
25,8,wGNaUnLnBBmxWYZIoKAmXhbcbmA=,FcvQ45Jxb5oVBhADoMbTm8R4mTk=
23,7,SmeVnmXAod+el4B8A6QWO7T7MdM=,CIUtjIdb00HeE6T4+7rvUr9TYFQ=
24,7,37EHnqYVjkPCYtW5cejSM1mtX/U=,8ydoK3efMJSAQdjzZ1OSOiDW6j8=
23,8,SmeVnmXAod+el4B8A6QWO7T7MdM=,mkER+lxqK2mpX/0dwiMmRLQ5tQs=
24,8,37EHnqYVjkPCYtW5cejSM1mtX/U=,FcvQ45Jxb5oVBhADoMbTm8R4mTk=
25,6,8O/LZFzHQaLNvALqs5lN/AYIfu8=,8ydoK3efMJSAQdjzZ1OSOiDW6j8=
25,5,8O/LZFzHQaLNvALqs5lN/AYIfu8=,6DfjwL5yVSrYOq4Mr41Lij+gb+c=
22,8,1+sewkvjo/08GgpSb1t1ZfM8ekc=,mkER+lxqK2mpX/0dwiMmRLQ5tQs=
22,7,1+sewkvjo/08GgpSb1t1ZfM8ekc=,CIUtjIdb00HeE6T4+7rvUr9TYFQ=
24,6,8O/LZFzHQaLNvALqs5lN/AYIfu8=,8ydoK3efMJSAQdjzZ1OSOiDW6j8=
24,5,8O/LZFzHQaLNvALqs5lN/AYIfu8=,6DfjwL5yVSrYOq4Mr41Lij+gb+c=
23,6,1+sewkvjo/08GgpSb1t1ZfM8ekc=,CIUtjIdb00HeE6T4+7rvUr9TYFQ=
23,5,8O/LZFzHQaLNvALqs5lN/AYIfu8=,d2IAd5NuGeNIvg2wAZ4pIRZkNk8=
22,5,yFb1ev4FteMTh+Fb82qnm8AAbEo=,d2IAd5NuGeNIvg2wAZ4pIRZkNk8=
22,6,1cMCk/vJ6ZOK5CKNceQ6W4wxAXg=,CIUtjIdb00HeE6T4+7rvUr9TYFQ=
25,4,8O/LZFzHQaLNvALqs5lN/AYIfu8=,6DfjwL5yVSrYOq4Mr41Lij+gb+c=
25,3,8O/LZFzHQaLNvALqs5lN/AYIfu8=,CdCnvmzV+JGYJ0B7YJqQWqlKIks=
23,4,8O/LZFzHQaLNvALqs5lN/AYIfu8=,d2IAd5NuGeNIvg2wAZ4pIRZkNk8=
23,3,8O/LZFzHQaLNvALqs5lN/AYIfu8=,NORq1TCMXdCnArqgkz9zVhYoAMc=
24,4,8O/LZFzHQaLNvALqs5lN/AYIfu8=,6DfjwL5yVSrYOq4Mr41Lij+gb+c=
24,3,8O/LZFzHQaLNvALqs5lN/AYIfu8=,CdCnvmzV+JGYJ0B7YJqQWqlKIks=
22,4,YNBsIH4eriI6GariFnBTxM5Rfns=,d2IAd5NuGeNIvg2wAZ4pIRZkNk8=
22,3,YNBsIH4eriI6GariFnBTxM5Rfns=,NORq1TCMXdCnArqgkz9zVhYoAMc=
25,1,8O/LZFzHQaLNvALqs5lN/AYIfu8=,k0B8EKb9aE+8A11Z89dJ1E2bsKM=
25,2,8O/LZFzHQaLNvALqs5lN/AYIfu8=,CdCnvmzV+JGYJ0B7YJqQWqlKIks=
25,0,xy6sO47WMI38XSXRsLNn7msqg3c=,k0B8EKb9aE+8A11Z89dJ1E2bsKM=
24,1,51XBxsQ05rl7BL5Pst3j0OlNiSM=,k0B8EKb9aE+8A11Z89dJ1E2bsKM=
24,0,xy6sO47WMI38XSXRsLNn7msqg3c=,k0B8EKb9aE+8A11Z89dJ1E2bsKM=
23,1,51XBxsQ05rl7BL5Pst3j0OlNiSM=,FSGqqiCd/ae8aTCQMcz8G7XyNTM=
24,2,51XBxsQ05rl7BL5Pst3j0OlNiSM=,CdCnvmzV+JGYJ0B7YJqQWqlKIks=
22,0,xy6sO47WMI38XSXRsLNn7msqg3c=,FSGqqiCd/ae8aTCQMcz8G7XyNTM=
23,2,51XBxsQ05rl7BL5Pst3j0OlNiSM=,NORq1TCMXdCnArqgkz9zVhYoAMc=
23,0,xy6sO47WMI38XSXRsLNn7msqg3c=,FSGqqiCd/ae8aTCQMcz8G7XyNTM=
22,1,Mud4XPoPJyPmMg0eCm58slw7MWA=,FSGqqiCd/ae8aTCQMcz8G7XyNTM=
22,2,Mud4XPoPJyPmMg0eCm58slw7MWA=,NORq1TCMXdCnArqgkz9zVhYoAMc=
25,11,TE4m6+Dga/SEhOupohBsdazLqIA=,ATl+ZxrjaVxgqdB0oesLIslVvl4=
25,12,TE4m6+Dga/SEhOupohBsdazLqIA=,5CPT0uNWFdb5hm6uRLXfGXFEkcw=
25,13,37EHnqYVjkPCYtW5cejSM1mtX/U=,5CPT0uNWFdb5hm6uRLXfGXFEkcw=
25,14,37EHnqYVjkPCYtW5cejSM1mtX/U=,qiUUOJM19QTTu4Av3NsFjLjU5Hw=
23,11,NCSNnd865REqnt2echGAvXeX6yQ=,T5UqYPDhWY/Gr96YF2Xyz545gzM=
24,12,TE4m6+Dga/SEhOupohBsdazLqIA=,5CPT0uNWFdb5hm6uRLXfGXFEkcw=
23,12,NCSNnd865REqnt2echGAvXeX6yQ=,GDboRZCBLhdZTL/1h3H94ETfEb4=
24,11,TE4m6+Dga/SEhOupohBsdazLqIA=,ATl+ZxrjaVxgqdB0oesLIslVvl4=
22,11,NCSNnd865REqnt2echGAvXeX6yQ=,T5UqYPDhWY/Gr96YF2Xyz545gzM=
22,12,NCSNnd865REqnt2echGAvXeX6yQ=,GDboRZCBLhdZTL/1h3H94ETfEb4=
25,15,37EHnqYVjkPCYtW5cejSM1mtX/U=,qiUUOJM19QTTu4Av3NsFjLjU5Hw=
24,13,37EHnqYVjkPCYtW5cejSM1mtX/U=,5CPT0uNWFdb5hm6uRLXfGXFEkcw=
23,13,jh+hhVQjAFoJ9llxJ+YcwP032YY=,GDboRZCBLhdZTL/1h3H94ETfEb4=
24,15,yFb1ev4FteMTh+Fb82qnm8AAbEo=,qiUUOJM19QTTu4Av3NsFjLjU5Hw=
23,15,jh+hhVQjAFoJ9llxJ+YcwP032YY=,EJdWpNbQXns6L/f4NValDCeaGUM=
23,14,jh+hhVQjAFoJ9llxJ+YcwP032YY=,EJdWpNbQXns6L/f4NValDCeaGUM=
24,14,37EHnqYVjkPCYtW5cejSM1mtX/U=,qiUUOJM19QTTu4Av3NsFjLjU5Hw=
22,15,jh+hhVQjAFoJ9llxJ+YcwP032YY=,EJdWpNbQXns6L/f4NValDCeaGUM=
22,14,jh+hhVQjAFoJ9llxJ+YcwP032YY=,EJdWpNbQXns6L/f4NValDCeaGUM=
22,13,jh+hhVQjAFoJ9llxJ+YcwP032YY=,GDboRZCBLhdZTL/1h3H94ETfEb4=
6,26,3VKuz+Io6QGnvbFpT0CJx11Sz1U=,pA5lZZOz/DvQUmRTdSgGUktNjNY=
5,26,3VKuz+Io6QGnvbFpT0CJx11Sz1U=,7iTWa3admpJLu7dt6o6Xyll78Dk=
4,26,3VKuz+Io6QGnvbFpT0CJx11Sz1U=,7iTWa3admpJLu7dt6o6Xyll78Dk=
3,26,3VKuz+Io6QGnvbFpT0CJx11Sz1U=,bHAHOf79ji+DqaF4WQBMNHL4aJk=
4,27,3VKuz+Io6QGnvbFpT0CJx11Sz1U=,7iTWa3admpJLu7dt6o6Xyll78Dk=
3,27,3VKuz+Io6QGnvbFpT0CJx11Sz1U=,bHAHOf79ji+DqaF4WQBMNHL4aJk=
4,28,3VKuz+Io6QGnvbFpT0CJx11Sz1U=,jZ90nNGsNG9RDWXgHF0nZAMqMro=
3,28,3VKuz+Io6QGnvbFpT0CJx11Sz1U=,kmZK2Qzj9YeQiaSCLi18RHlYSDI=
2,28,gw4E/gIT1EXMuSRY0OqPwVaEum8=,kmZK2Qzj9YeQiaSCLi18RHlYSDI=
1,27,gw4E/gIT1EXMuSRY0OqPwVaEum8=,SUEA+VVsSDG1GdlJV8r4zB7HtR4=
2,27,gw4E/gIT1EXMuSRY0OqPwVaEum8=,bHAHOf79ji+DqaF4WQBMNHL4aJk=
2,26,gw4E/gIT1EXMuSRY0OqPwVaEum8=,bHAHOf79ji+DqaF4WQBMNHL4aJk=
1,28,gw4E/gIT1EXMuSRY0OqPwVaEum8=,PlMbewfw15E374o+Lx0Kw0rOBiY=
1,26,gw4E/gIT1EXMuSRY0OqPwVaEum8=,SUEA+VVsSDG1GdlJV8r4zB7HtR4=
0,26,gw4E/gIT1EXMuSRY0OqPwVaEum8=,SUEA+VVsSDG1GdlJV8r4zB7HtR4=
14,26,GpfBF+kuNixuo8hEo2mEbx1+/Ks=,QyrC9R3lGQo4vrxtE8XLsY63RTI=
13,26,GpfBF+kuNixuo8hEo2mEbx1+/Ks=,ZWAWxSeeHJqnFwdarTuJOhnaIdU=
11,27,7K/IJIUJ9VKH5JT4RW3zwLcAINg=,V7V5/aOgzY6mxzRtAZdae3V1zMc=
12,28,7K/IJIUJ9VKH5JT4RW3zwLcAINg=,l88IKMWO+51WkLg95ODfQTHBh4Y=
12,27,7K/IJIUJ9VKH5JT4RW3zwLcAINg=,ZWAWxSeeHJqnFwdarTuJOhnaIdU=
11,28,7K/IJIUJ9VKH5JT4RW3zwLcAINg=,yA3INFwckrsYjRKbsoQId0WlsSs=
12,26,7K/IJIUJ9VKH5JT4RW3zwLcAINg=,ZWAWxSeeHJqnFwdarTuJOhnaIdU=
11,26,7K/IJIUJ9VKH5JT4RW3zwLcAINg=,V7V5/aOgzY6mxzRtAZdae3V1zMc=
9,28,7K/IJIUJ9VKH5JT4RW3zwLcAINg=,0sPCMfacbNdEKe8SKK+3bpqBZwM=
10,28,7K/IJIUJ9VKH5JT4RW3zwLcAINg=,yA3INFwckrsYjRKbsoQId0WlsSs=
9,27,7K/IJIUJ9VKH5JT4RW3zwLcAINg=,jf/mWc2W9wMUV0irDGvAun9sA/U=
10,27,7K/IJIUJ9VKH5JT4RW3zwLcAINg=,V7V5/aOgzY6mxzRtAZdae3V1zMc=
10,26,7K/IJIUJ9VKH5JT4RW3zwLcAINg=,V7V5/aOgzY6mxzRtAZdae3V1zMc=
8,26,7K/IJIUJ9VKH5JT4RW3zwLcAINg=,jf/mWc2W9wMUV0irDGvAun9sA/U=
7,26,7K/IJIUJ9VKH5JT4RW3zwLcAINg=,pA5lZZOz/DvQUmRTdSgGUktNjNY=
9,26,7K/IJIUJ9VKH5JT4RW3zwLcAINg=,jf/mWc2W9wMUV0irDGvAun9sA/U=
8,28,7K/IJIUJ9VKH5JT4RW3zwLcAINg=,0sPCMfacbNdEKe8SKK+3bpqBZwM=
5,28,7K/IJIUJ9VKH5JT4RW3zwLcAINg=,jZ90nNGsNG9RDWXgHF0nZAMqMro=
7,28,7K/IJIUJ9VKH5JT4RW3zwLcAINg=,as9BSpEZtJq10vOdVSu24k7sV4k=
6,28,7K/IJIUJ9VKH5JT4RW3zwLcAINg=,as9BSpEZtJq10vOdVSu24k7sV4k=
6,27,7K/IJIUJ9VKH5JT4RW3zwLcAINg=,pA5lZZOz/DvQUmRTdSgGUktNjNY=
7,27,7K/IJIUJ9VKH5JT4RW3zwLcAINg=,pA5lZZOz/DvQUmRTdSgGUktNjNY=
5,27,7K/IJIUJ9VKH5JT4RW3zwLcAINg=,7iTWa3admpJLu7dt6o6Xyll78Dk=
8,27,7K/IJIUJ9VKH5JT4RW3zwLcAINg=,jf/mWc2W9wMUV0irDGvAun9sA/U=
15,26,LeonEH5uHfM7CmiyEBodE3ytx6I=,QyrC9R3lGQo4vrxtE8XLsY63RTI=
13,28,LeonEH5uHfM7CmiyEBodE3ytx6I=,l88IKMWO+51WkLg95ODfQTHBh4Y=
15,28,LeonEH5uHfM7CmiyEBodE3ytx6I=,4nGathG5vJ0uvw7MTtu/RKO+f9s=
14,28,LeonEH5uHfM7CmiyEBodE3ytx6I=,4nGathG5vJ0uvw7MTtu/RKO+f9s=
15,27,LeonEH5uHfM7CmiyEBodE3ytx6I=,QyrC9R3lGQo4vrxtE8XLsY63RTI=
13,27,LeonEH5uHfM7CmiyEBodE3ytx6I=,ZWAWxSeeHJqnFwdarTuJOhnaIdU=
14,27,LeonEH5uHfM7CmiyEBodE3ytx6I=,QyrC9R3lGQo4vrxtE8XLsY63RTI=
0,27,LeonEH5uHfM7CmiyEBodE3ytx6I=,SUEA+VVsSDG1GdlJV8r4zB7HtR4=
0,28,LeonEH5uHfM7CmiyEBodE3ytx6I=,PlMbewfw15E374o+Lx0Kw0rOBiY=
27,25,dkPiQk4kWM+LwNCIX4bXp4/OKGA=,fQq/OQ2Jq5aXX6JH0h5Sf9ktnkA=
28,25,dkPiQk4kWM+LwNCIX4bXp4/OKGA=,nkf5yHwJntDgEfECZPQZHsHTxaM=
28,26,dkPiQk4kWM+LwNCIX4bXp4/OKGA=,QvB8ZcXHvIwTidyEwALGJU5G/P4=
27,26,dkPiQk4kWM+LwNCIX4bXp4/OKGA=,uHMDZwiuST2tjXoDGWnNHQRyoaU=
28,23,oX9WX07uNSlHK3tPhAKgQBCy5hk=,BhnVjBZmp1w41C1DhnZUafNFsII=
28,24,oX9WX07uNSlHK3tPhAKgQBCy5hk=,nkf5yHwJntDgEfECZPQZHsHTxaM=
27,23,oX9WX07uNSlHK3tPhAKgQBCy5hk=,VgVFMDOwTJyFM0Jc3ETq5DoCTl8=
27,24,oX9WX07uNSlHK3tPhAKgQBCy5hk=,fQq/OQ2Jq5aXX6JH0h5Sf9ktnkA=
26,19,+3BfJCS2AGMHE3NStv2O8WIqg3U=,Ycskz6pBNz5T9FExM0Z6kz/Cv3E=
26,20,+3BfJCS2AGMHE3NStv2O8WIqg3U=,hYo9JtzEWE7vxnCqu2xVK9UlZ9E=
26,17,jeHvEpcQivnAAK9A7eEAqzVbUhQ=,D8cR0V6GWLu16UcyBcf/n/lcOpk=
26,18,jeHvEpcQivnAAK9A7eEAqzVbUhQ=,Ycskz6pBNz5T9FExM0Z6kz/Cv3E=
26,21,jeHvEpcQivnAAK9A7eEAqzVbUhQ=,hYo9JtzEWE7vxnCqu2xVK9UlZ9E=
26,22,jeHvEpcQivnAAK9A7eEAqzVbUhQ=,VgVFMDOwTJyFM0Jc3ETq5DoCTl8=
26,23,jeHvEpcQivnAAK9A7eEAqzVbUhQ=,VgVFMDOwTJyFM0Jc3ETq5DoCTl8=
26,24,jeHvEpcQivnAAK9A7eEAqzVbUhQ=,fQq/OQ2Jq5aXX6JH0h5Sf9ktnkA=
26,25,TdEiMuu+yefreV0ETIKOnLsN26M=,fQq/OQ2Jq5aXX6JH0h5Sf9ktnkA=
26,26,TdEiMuu+yefreV0ETIKOnLsN26M=,uHMDZwiuST2tjXoDGWnNHQRyoaU=
25,26,TdEiMuu+yefreV0ETIKOnLsN26M=,Y1t9r0R+7yL560eO4GQ8ZZh3HEg=
24,26,zSJ6u/Sr6Csa+zvEDt1J4F/K96k=,Y1t9r0R+7yL560eO4GQ8ZZh3HEg=
23,26,zSJ6u/Sr6Csa+zvEDt1J4F/K96k=,viwqrQDEGSZiUkF3FESGW2ZBrDA=
22,28,zSJ6u/Sr6Csa+zvEDt1J4F/K96k=,NVjfGR47eiDlgEtLiqy+ai3AXBY=
21,28,zSJ6u/Sr6Csa+zvEDt1J4F/K96k=,2XvmjvUPg2hYKfIb0Ixko/5v8E4=
21,27,zSJ6u/Sr6Csa+zvEDt1J4F/K96k=,JYw1ihq2naKsuRZY7gTQ6RdsDlg=
22,27,zSJ6u/Sr6Csa+zvEDt1J4F/K96k=,viwqrQDEGSZiUkF3FESGW2ZBrDA=
22,26,zSJ6u/Sr6Csa+zvEDt1J4F/K96k=,viwqrQDEGSZiUkF3FESGW2ZBrDA=
21,26,zSJ6u/Sr6Csa+zvEDt1J4F/K96k=,JYw1ihq2naKsuRZY7gTQ6RdsDlg=
17,26,tCZffcmUO+CiG382ojHEQi2b0zs=,MYkqtwG52oVaPJUVYLksiuYUEA8=
19,26,tCZffcmUO+CiG382ojHEQi2b0zs=,2h8JEPot0fJaHYnemsumPZBOBpk=
18,26,tCZffcmUO+CiG382ojHEQi2b0zs=,2h8JEPot0fJaHYnemsumPZBOBpk=
20,26,tCZffcmUO+CiG382ojHEQi2b0zs=,JYw1ihq2naKsuRZY7gTQ6RdsDlg=
20,28,tCZffcmUO+CiG382ojHEQi2b0zs=,2XvmjvUPg2hYKfIb0Ixko/5v8E4=
19,28,tCZffcmUO+CiG382ojHEQi2b0zs=,Q06nrUvYDSt9ZoduCs23NfAtJxI=
20,27,tCZffcmUO+CiG382ojHEQi2b0zs=,JYw1ihq2naKsuRZY7gTQ6RdsDlg=
17,28,tCZffcmUO+CiG382ojHEQi2b0zs=,1tnsQg0aarOQXIPjJ3yI5BiZsoQ=
18,28,tCZffcmUO+CiG382ojHEQi2b0zs=,Q06nrUvYDSt9ZoduCs23NfAtJxI=
16,28,tCZffcmUO+CiG382ojHEQi2b0zs=,1tnsQg0aarOQXIPjJ3yI5BiZsoQ=
19,27,tCZffcmUO+CiG382ojHEQi2b0zs=,2h8JEPot0fJaHYnemsumPZBOBpk=
17,27,tCZffcmUO+CiG382ojHEQi2b0zs=,MYkqtwG52oVaPJUVYLksiuYUEA8=
16,26,tCZffcmUO+CiG382ojHEQi2b0zs=,MYkqtwG52oVaPJUVYLksiuYUEA8=
16,27,tCZffcmUO+CiG382ojHEQi2b0zs=,MYkqtwG52oVaPJUVYLksiuYUEA8=
18,27,tCZffcmUO+CiG382ojHEQi2b0zs=,2h8JEPot0fJaHYnemsumPZBOBpk=
28,27,tCZffcmUO+CiG382ojHEQi2b0zs=,QvB8ZcXHvIwTidyEwALGJU5G/P4=
28,28,tCZffcmUO+CiG382ojHEQi2b0zs=,ayeKR/K/ScIYh5sE7jer7HA3so4=
27,28,tCZffcmUO+CiG382ojHEQi2b0zs=,sHI0LPDI6bQn+Ay2zqKH3wzsBns=
27,27,tCZffcmUO+CiG382ojHEQi2b0zs=,uHMDZwiuST2tjXoDGWnNHQRyoaU=
26,16,tCZffcmUO+CiG382ojHEQi2b0zs=,D8cR0V6GWLu16UcyBcf/n/lcOpk=
28,16,tCZffcmUO+CiG382ojHEQi2b0zs=,Inr/ncxrH0lROlRus0GmU3iG/Q4=
28,18,tCZffcmUO+CiG382ojHEQi2b0zs=,U4rfHwLIo6eahFN3SGtq0yX6Qxk=
28,17,tCZffcmUO+CiG382ojHEQi2b0zs=,Inr/ncxrH0lROlRus0GmU3iG/Q4=
27,18,tCZffcmUO+CiG382ojHEQi2b0zs=,Ycskz6pBNz5T9FExM0Z6kz/Cv3E=
27,16,tCZffcmUO+CiG382ojHEQi2b0zs=,D8cR0V6GWLu16UcyBcf/n/lcOpk=
27,17,tCZffcmUO+CiG382ojHEQi2b0zs=,D8cR0V6GWLu16UcyBcf/n/lcOpk=
28,19,tCZffcmUO+CiG382ojHEQi2b0zs=,U4rfHwLIo6eahFN3SGtq0yX6Qxk=
28,20,tCZffcmUO+CiG382ojHEQi2b0zs=,6QiXsqANHU0pzACgUBwGhWBzEys=
28,22,tCZffcmUO+CiG382ojHEQi2b0zs=,BhnVjBZmp1w41C1DhnZUafNFsII=
28,21,tCZffcmUO+CiG382ojHEQi2b0zs=,6QiXsqANHU0pzACgUBwGhWBzEys=
27,20,tCZffcmUO+CiG382ojHEQi2b0zs=,hYo9JtzEWE7vxnCqu2xVK9UlZ9E=
27,19,tCZffcmUO+CiG382ojHEQi2b0zs=,Ycskz6pBNz5T9FExM0Z6kz/Cv3E=
27,21,tCZffcmUO+CiG382ojHEQi2b0zs=,hYo9JtzEWE7vxnCqu2xVK9UlZ9E=
27,22,tCZffcmUO+CiG382ojHEQi2b0zs=,VgVFMDOwTJyFM0Jc3ETq5DoCTl8=
24,28,tCZffcmUO+CiG382ojHEQi2b0zs=,b5fG2k3SGCnV7r0s1wP1wLxhvfo=
26,28,tCZffcmUO+CiG382ojHEQi2b0zs=,sHI0LPDI6bQn+Ay2zqKH3wzsBns=
23,28,tCZffcmUO+CiG382ojHEQi2b0zs=,NVjfGR47eiDlgEtLiqy+ai3AXBY=
25,28,tCZffcmUO+CiG382ojHEQi2b0zs=,b5fG2k3SGCnV7r0s1wP1wLxhvfo=
25,27,tCZffcmUO+CiG382ojHEQi2b0zs=,Y1t9r0R+7yL560eO4GQ8ZZh3HEg=
24,27,tCZffcmUO+CiG382ojHEQi2b0zs=,Y1t9r0R+7yL560eO4GQ8ZZh3HEg=
26,27,tCZffcmUO+CiG382ojHEQi2b0zs=,uHMDZwiuST2tjXoDGWnNHQRyoaU=
23,27,tCZffcmUO+CiG382ojHEQi2b0zs=,viwqrQDEGSZiUkF3FESGW2ZBrDA=
28,8,wGNaUnLnBBmxWYZIoKAmXhbcbmA=,MjvntRBbkCUdqLvWsSFj40Ti4CA=
27,8,wGNaUnLnBBmxWYZIoKAmXhbcbmA=,xa++wfSsUHDzz3RYtDYxwaYersE=
28,7,wGNaUnLnBBmxWYZIoKAmXhbcbmA=,XOTJYqmAQx/gDZFPFfHS6sH2RgI=
27,7,wGNaUnLnBBmxWYZIoKAmXhbcbmA=,M5Q6PKr4SdNva66VBlo5Jp7ktnI=
26,7,wGNaUnLnBBmxWYZIoKAmXhbcbmA=,M5Q6PKr4SdNva66VBlo5Jp7ktnI=
26,8,wGNaUnLnBBmxWYZIoKAmXhbcbmA=,xa++wfSsUHDzz3RYtDYxwaYersE=
26,10,TE4m6+Dga/SEhOupohBsdazLqIA=,GfZ7zK4IxEuY76Ja9cxumujNfWo=
26,9,TE4m6+Dga/SEhOupohBsdazLqIA=,xa++wfSsUHDzz3RYtDYxwaYersE=
26,11,TE4m6+Dga/SEhOupohBsdazLqIA=,GfZ7zK4IxEuY76Ja9cxumujNfWo=
26,12,TE4m6+Dga/SEhOupohBsdazLqIA=,AMnqv6uY8GKsJsTJilaNu9qLkcM=
28,14,TE4m6+Dga/SEhOupohBsdazLqIA=,5ZW5Cl5bNKTZGUbsr86iVZ1K5Tc=
28,15,TE4m6+Dga/SEhOupohBsdazLqIA=,5ZW5Cl5bNKTZGUbsr86iVZ1K5Tc=
28,13,TE4m6+Dga/SEhOupohBsdazLqIA=,13Zn6zu3E07AIfqargAfZ0hTwzA=
27,14,TE4m6+Dga/SEhOupohBsdazLqIA=,HbZ3nxyiy6hXWagJ4bChJS22vX8=
27,13,TE4m6+Dga/SEhOupohBsdazLqIA=,AMnqv6uY8GKsJsTJilaNu9qLkcM=
27,15,TE4m6+Dga/SEhOupohBsdazLqIA=,HbZ3nxyiy6hXWagJ4bChJS22vX8=
26,14,37EHnqYVjkPCYtW5cejSM1mtX/U=,HbZ3nxyiy6hXWagJ4bChJS22vX8=
26,15,37EHnqYVjkPCYtW5cejSM1mtX/U=,HbZ3nxyiy6hXWagJ4bChJS22vX8=
26,13,37EHnqYVjkPCYtW5cejSM1mtX/U=,AMnqv6uY8GKsJsTJilaNu9qLkcM=
26,5,8O/LZFzHQaLNvALqs5lN/AYIfu8=,3lVjU56JxhM9eaqzAEFzQ3LJVXU=
26,3,8O/LZFzHQaLNvALqs5lN/AYIfu8=,K6FRRq9CfEwdWp4mI3RNOZczq1g=
26,4,8O/LZFzHQaLNvALqs5lN/AYIfu8=,3lVjU56JxhM9eaqzAEFzQ3LJVXU=
26,6,8O/LZFzHQaLNvALqs5lN/AYIfu8=,M5Q6PKr4SdNva66VBlo5Jp7ktnI=
26,1,8O/LZFzHQaLNvALqs5lN/AYIfu8=,4fdTzrX+PXoS0kmnuCkMkpKWjy8=
26,2,8O/LZFzHQaLNvALqs5lN/AYIfu8=,K6FRRq9CfEwdWp4mI3RNOZczq1g=
26,0,xy6sO47WMI38XSXRsLNn7msqg3c=,4fdTzrX+PXoS0kmnuCkMkpKWjy8=
28,0,yFb1ev4FteMTh+Fb82qnm8AAbEo=,RnosjXSQKNM7QLMgnbT0Rmn/6s4=
27,0,yFb1ev4FteMTh+Fb82qnm8AAbEo=,4fdTzrX+PXoS0kmnuCkMkpKWjy8=
28,1,yFb1ev4FteMTh+Fb82qnm8AAbEo=,RnosjXSQKNM7QLMgnbT0Rmn/6s4=
28,2,yFb1ev4FteMTh+Fb82qnm8AAbEo=,pBLY7D50ZG4nYjvxUZa6Clhc9Jk=
27,1,yFb1ev4FteMTh+Fb82qnm8AAbEo=,4fdTzrX+PXoS0kmnuCkMkpKWjy8=
27,2,yFb1ev4FteMTh+Fb82qnm8AAbEo=,K6FRRq9CfEwdWp4mI3RNOZczq1g=
28,4,yFb1ev4FteMTh+Fb82qnm8AAbEo=,V2ZPq6sjZDr+5L7SWTks6uGrr94=
28,6,yFb1ev4FteMTh+Fb82qnm8AAbEo=,XOTJYqmAQx/gDZFPFfHS6sH2RgI=
28,5,yFb1ev4FteMTh+Fb82qnm8AAbEo=,V2ZPq6sjZDr+5L7SWTks6uGrr94=
28,3,yFb1ev4FteMTh+Fb82qnm8AAbEo=,pBLY7D50ZG4nYjvxUZa6Clhc9Jk=
27,5,yFb1ev4FteMTh+Fb82qnm8AAbEo=,3lVjU56JxhM9eaqzAEFzQ3LJVXU=
27,6,yFb1ev4FteMTh+Fb82qnm8AAbEo=,M5Q6PKr4SdNva66VBlo5Jp7ktnI=
27,3,yFb1ev4FteMTh+Fb82qnm8AAbEo=,K6FRRq9CfEwdWp4mI3RNOZczq1g=
27,4,yFb1ev4FteMTh+Fb82qnm8AAbEo=,3lVjU56JxhM9eaqzAEFzQ3LJVXU=
28,9,yFb1ev4FteMTh+Fb82qnm8AAbEo=,MjvntRBbkCUdqLvWsSFj40Ti4CA=
28,12,yFb1ev4FteMTh+Fb82qnm8AAbEo=,13Zn6zu3E07AIfqargAfZ0hTwzA=
28,11,yFb1ev4FteMTh+Fb82qnm8AAbEo=,Mc7uGi8/Th5yTAqy5jiBB8I5f3c=
28,10,yFb1ev4FteMTh+Fb82qnm8AAbEo=,Mc7uGi8/Th5yTAqy5jiBB8I5f3c=
27,9,yFb1ev4FteMTh+Fb82qnm8AAbEo=,xa++wfSsUHDzz3RYtDYxwaYersE=
27,10,yFb1ev4FteMTh+Fb82qnm8AAbEo=,GfZ7zK4IxEuY76Ja9cxumujNfWo=
27,11,yFb1ev4FteMTh+Fb82qnm8AAbEo=,GfZ7zK4IxEuY76Ja9cxumujNfWo=
27,12,yFb1ev4FteMTh+Fb82qnm8AAbEo=,AMnqv6uY8GKsJsTJilaNu9qLkcM=
