-4,10,cpzcaL6gimKnrOs7EAV0nkM3Y/4=,9eKZi0U5ct0gJ1WiPfWrMEebdtA=
-5,10,cpzcaL6gimKnrOs7EAV0nkM3Y/4=,CQprgLE0xBJYtmRK8Oz3kTlsslo=
-5,9,cpzcaL6gimKnrOs7EAV0nkM3Y/4=,XRuZgdBPrajQeFUgraTWSq8Ln2w=
-3,10,HPITz/CfsCTjbcjGLDnVXrF4ARs=,9eKZi0U5ct0gJ1WiPfWrMEebdtA=
-2,10,HPITz/CfsCTjbcjGLDnVXrF4ARs=,Zf/5NFB0hAEsosQQZt1Rhb9fxc4=
-2,9,HPITz/CfsCTjbcjGLDnVXrF4ARs=,WYkU+COlP215SP3Ge4pl/abdyeE=
-3,9,SofEEM/ecp+bEbdce7pKsJCg3io=,FHEcm3pcvozs/37TU3lVs7BiP7k=
-4,9,cpzcaL6gimKnrOs7EAV0nkM3Y/4=,FHEcm3pcvozs/37TU3lVs7BiP7k=
-4,8,RthJgL0iDyQ/QW67TwW+/dDqBYs=,FHEcm3pcvozs/37TU3lVs7BiP7k=
-2,8,RthJgL0iDyQ/QW67TwW+/dDqBYs=,WYkU+COlP215SP3Ge4pl/abdyeE=
-3,7,oDJHmYZIrxlik7SXXvtfwY97VsM=,8VlDiSutBtwlrKX+jaVF3j6paso=
-7,8,sb3by2/SfH/HE6ZH0iunsrTKqWc=,9uGDhb3Su+GRfBFx1xOOIvvg7eE=
-2,7,1NA2bGbZcE6D31hrdoQYjzZjEwY=,jAGrUFJZd7AaPDGFpsXjS1qXz9o=
-6,8,4se0JIoFIct0qkcr5fnHr5QuZLs=,XRuZgdBPrajQeFUgraTWSq8Ln2w=
-6,7,jHpep7OtIV8jvZzMzn6DzBANlKc=,0EtSU2/g/MD9Mg5g20k0fIQbvOc=
-4,7,jHpep7OtIV8jvZzMzn6DzBANlKc=,8VlDiSutBtwlrKX+jaVF3j6paso=
-5,7,jHpep7OtIV8jvZzMzn6DzBANlKc=,0EtSU2/g/MD9Mg5g20k0fIQbvOc=
-3,8,RthJgL0iDyQ/QW67TwW+/dDqBYs=,FHEcm3pcvozs/37TU3lVs7BiP7k=
-5,8,RthJgL0iDyQ/QW67TwW+/dDqBYs=,XRuZgdBPrajQeFUgraTWSq8Ln2w=
-7,7,1NA2bGbZcE6D31hrdoQYjzZjEwY=,pDq1ZX134YVSXGmtMQMjhLhGebg=
-9,7,4se0JIoFIct0qkcr5fnHr5QuZLs=,P4wHFN9ip9mpMZaGgSA52uXXNfs=
-9,8,4se0JIoFIct0qkcr5fnHr5QuZLs=,txrrdiABCUf5jWFF6zJ+YZ8p2BA=
-8,8,4Pl5Om73YuwzJBzq5VK8wew4rko=,9uGDhb3Su+GRfBFx1xOOIvvg7eE=
-8,7,VpwWFjymNqbY7oo2Dr8BZWwmL5w=,pDq1ZX134YVSXGmtMQMjhLhGebg=
-11,6,m+Iuw1wFKPWTLjx23jcOipW1tII=,QDTTpgH5SCgCJYKc9rOYtrlyG48=
-10,4,m+Iuw1wFKPWTLjx23jcOipW1tII=,HGPeZC8X09Ht6iIPU/uscHUlzI4=
-11,3,m+Iuw1wFKPWTLjx23jcOipW1tII=,+wHI4Ws90NuRxGoMtHkpe4NqFcg=
-11,4,m+Iuw1wFKPWTLjx23jcOipW1tII=,JPPDEKr2q70IWlfQkLqrNpTiIA8=
-10,6,m+Iuw1wFKPWTLjx23jcOipW1tII=,P4wHFN9ip9mpMZaGgSA52uXXNfs=
-10,3,m+Iuw1wFKPWTLjx23jcOipW1tII=,lQtdd5d5aPSBl0SdVSNhY+kMiMs=
-11,5,m+Iuw1wFKPWTLjx23jcOipW1tII=,JPPDEKr2q70IWlfQkLqrNpTiIA8=
-10,5,m+Iuw1wFKPWTLjx23jcOipW1tII=,HGPeZC8X09Ht6iIPU/uscHUlzI4=
-6,10,PdISslyIR09K6J1reCB7t43Enko=,CQprgLE0xBJYtmRK8Oz3kTlsslo=
-7,9,4Pl5Om73YuwzJBzq5VK8wew4rko=,9uGDhb3Su+GRfBFx1xOOIvvg7eE=
-8,10,wscvjYoWqHNEyndMt5hIly1/Rmc=,5SN5DRdBepfHWdNkHK2nHeTiiXs=
-6,9,PdISslyIR09K6J1reCB7t43Enko=,XRuZgdBPrajQeFUgraTWSq8Ln2w=
-9,10,wscvjYoWqHNEyndMt5hIly1/Rmc=,pmSVePxKl9jCvb/dZnb0n7cFLyE=
-7,10,PdISslyIR09K6J1reCB7t43Enko=,5SN5DRdBepfHWdNkHK2nHeTiiXs=
-9,9,wscvjYoWqHNEyndMt5hIly1/Rmc=,txrrdiABCUf5jWFF6zJ+YZ8p2BA=
-8,9,4Pl5Om73YuwzJBzq5VK8wew4rko=,9uGDhb3Su+GRfBFx1xOOIvvg7eE=
-11,7,m+Iuw1wFKPWTLjx23jcOipW1tII=,QDTTpgH5SCgCJYKc9rOYtrlyG48=
-10,9,wscvjYoWqHNEyndMt5hIly1/Rmc=,txrrdiABCUf5jWFF6zJ+YZ8p2BA=
-10,10,wscvjYoWqHNEyndMt5hIly1/Rmc=,pmSVePxKl9jCvb/dZnb0n7cFLyE=
-11,10,wscvjYoWqHNEyndMt5hIly1/Rmc=,DZoEJ78cWZ3cKjfzm6KWHcMsVtU=
-10,8,m+Iuw1wFKPWTLjx23jcOipW1tII=,txrrdiABCUf5jWFF6zJ+YZ8p2BA=
-11,8,m+Iuw1wFKPWTLjx23jcOipW1tII=,j5yO1OqMscfLKu1hkzyXJ36a++U=
-11,9,wscvjYoWqHNEyndMt5hIly1/Rmc=,j5yO1OqMscfLKu1hkzyXJ36a++U=
-10,7,m+Iuw1wFKPWTLjx23jcOipW1tII=,P4wHFN9ip9mpMZaGgSA52uXXNfs=
-11,1,sb3by2/SfH/HE6ZH0iunsrTKqWc=,5T+Bsk3Poiz8O9L5zlq/NkJLOHo=
-11,2,RthJgL0iDyQ/QW67TwW+/dDqBYs=,+wHI4Ws90NuRxGoMtHkpe4NqFcg=
-10,1,RthJgL0iDyQ/QW67TwW+/dDqBYs=,F2HmmBNmaY4++cBrL/S/RMTl8zE=
-10,2,RthJgL0iDyQ/QW67TwW+/dDqBYs=,lQtdd5d5aPSBl0SdVSNhY+kMiMs=
-8,2,UIEqkYLziC6N3TZQmQiK3L/BQY0=,D6deWvDIBlYt+bLS6+7ucRvtH8A=
-8,1,dHc1j+Ne56z1bDaPor5axu6SNXM=,2eF6rDedP3F/+DQcH8jdQQslu9c=
-9,2,RthJgL0iDyQ/QW67TwW+/dDqBYs=,lQtdd5d5aPSBl0SdVSNhY+kMiMs=
-9,1,RthJgL0iDyQ/QW67TwW+/dDqBYs=,F2HmmBNmaY4++cBrL/S/RMTl8zE=
-9,6,4se0JIoFIct0qkcr5fnHr5QuZLs=,P4wHFN9ip9mpMZaGgSA52uXXNfs=
-9,4,RthJgL0iDyQ/QW67TwW+/dDqBYs=,HGPeZC8X09Ht6iIPU/uscHUlzI4=
-9,3,RthJgL0iDyQ/QW67TwW+/dDqBYs=,lQtdd5d5aPSBl0SdVSNhY+kMiMs=
-8,3,GdWQOo0a2tZ1xTETrUlEz/WgzeQ=,D6deWvDIBlYt+bLS6+7ucRvtH8A=
-8,4,GdWQOo0a2tZ1xTETrUlEz/WgzeQ=,ff0fwrqCj41I/c/IhafSwax7Fjw=
-8,5,GdWQOo0a2tZ1xTETrUlEz/WgzeQ=,ff0fwrqCj41I/c/IhafSwax7Fjw=
-8,6,GdWQOo0a2tZ1xTETrUlEz/WgzeQ=,pDq1ZX134YVSXGmtMQMjhLhGebg=
-9,5,4se0JIoFIct0qkcr5fnHr5QuZLs=,HGPeZC8X09Ht6iIPU/uscHUlzI4=
-6,6,xilKBwSm9cRFnI60/hCVj9Cn1tw=,0EtSU2/g/MD9Mg5g20k0fIQbvOc=
-7,6,MafPUGV4MnspCUPV5evXsZvEFoY=,pDq1ZX134YVSXGmtMQMjhLhGebg=
-7,5,MafPUGV4MnspCUPV5evXsZvEFoY=,ff0fwrqCj41I/c/IhafSwax7Fjw=
-6,5,4Pl5Om73YuwzJBzq5VK8wew4rko=,Qzf5QzBC2lMc6kDUAdcRFnPnxKY=
-6,3,4Pl5Om73YuwzJBzq5VK8wew4rko=,gWZeMre5tKIgMr31km2MMV3DYeI=
-7,4,V1zgboiRx15BvH+OYvhOQoB03a0=,ff0fwrqCj41I/c/IhafSwax7Fjw=
-6,4,4Pl5Om73YuwzJBzq5VK8wew4rko=,Qzf5QzBC2lMc6kDUAdcRFnPnxKY=
-7,3,V1zgboiRx15BvH+OYvhOQoB03a0=,D6deWvDIBlYt+bLS6+7ucRvtH8A=
-4,6,b4oR5VqY+vByYN604DfX//DN/6U=,8VlDiSutBtwlrKX+jaVF3j6paso=
-5,6,b4oR5VqY+vByYN604DfX//DN/6U=,0EtSU2/g/MD9Mg5g20k0fIQbvOc=
-4,5,sb3by2/SfH/HE6ZH0iunsrTKqWc=,2j4zTnXf0LLgb0jph/Ygam/N5sA=
-5,5,sb3by2/SfH/HE6ZH0iunsrTKqWc=,Qzf5QzBC2lMc6kDUAdcRFnPnxKY=
-5,3,0PINZ7cKZ8V67IKTnwAjndoSOeE=,gWZeMre5tKIgMr31km2MMV3DYeI=
-5,4,0PINZ7cKZ8V67IKTnwAjndoSOeE=,Qzf5QzBC2lMc6kDUAdcRFnPnxKY=
-4,4,0PINZ7cKZ8V67IKTnwAjndoSOeE=,2j4zTnXf0LLgb0jph/Ygam/N5sA=
-4,3,0PINZ7cKZ8V67IKTnwAjndoSOeE=,6Xj7zvtWdondVSpvr0E973szU8c=
-2,4,0PINZ7cKZ8V67IKTnwAjndoSOeE=,eujhlxSWr/NAi/Eq512ihujXCAY=
-2,6,MigGDSIS+m4SjUM73b3TaFs2q2I=,jAGrUFJZd7AaPDGFpsXjS1qXz9o=
-3,6,xilKBwSm9cRFnI60/hCVj9Cn1tw=,8VlDiSutBtwlrKX+jaVF3j6paso=
-2,3,0PINZ7cKZ8V67IKTnwAjndoSOeE=,JS+tPPsOeh3NT/g9UALVLlEv62A=
-3,4,0PINZ7cKZ8V67IKTnwAjndoSOeE=,2j4zTnXf0LLgb0jph/Ygam/N5sA=
-3,3,0PINZ7cKZ8V67IKTnwAjndoSOeE=,6Xj7zvtWdondVSpvr0E973szU8c=
-2,5,sb3by2/SfH/HE6ZH0iunsrTKqWc=,eujhlxSWr/NAi/Eq512ihujXCAY=
-3,5,sb3by2/SfH/HE6ZH0iunsrTKqWc=,2j4zTnXf0LLgb0jph/Ygam/N5sA=
-11,0,sb3by2/SfH/HE6ZH0iunsrTKqWc=,5T+Bsk3Poiz8O9L5zlq/NkJLOHo=
-9,0,RthJgL0iDyQ/QW67TwW+/dDqBYs=,F2HmmBNmaY4++cBrL/S/RMTl8zE=
-8,0,dHc1j+Ne56z1bDaPor5axu6SNXM=,2eF6rDedP3F/+DQcH8jdQQslu9c=
-10,0,RthJgL0iDyQ/QW67TwW+/dDqBYs=,F2HmmBNmaY4++cBrL/S/RMTl8zE=
-1,4,dHc1j+Ne56z1bDaPor5axu6SNXM=,eujhlxSWr/NAi/Eq512ihujXCAY=
-1,3,dHc1j+Ne56z1bDaPor5axu6SNXM=,JS+tPPsOeh3NT/g9UALVLlEv62A=
-1,6,uoMFw5n3/ITTc1ZQWQkMQjbi2l8=,jAGrUFJZd7AaPDGFpsXjS1qXz9o=
-1,5,sb3by2/SfH/HE6ZH0iunsrTKqWc=,eujhlxSWr/NAi/Eq512ihujXCAY=
-1,11,RthJgL0iDyQ/QW67TwW+/dDqBYs=,Zf/5NFB0hAEsosQQZt1Rhb9fxc4=
-12,12,4Pl5Om73YuwzJBzq5VK8wew4rko=,1uWFOuqzLvChNSZ6iXOUQz5E0+I=
-12,11,XTjDeItIIl5cC9ABxD7p0naKstg=,DZoEJ78cWZ3cKjfzm6KWHcMsVtU=
-1,8,XTjDeItIIl5cC9ABxD7p0naKstg=,WYkU+COlP215SP3Ge4pl/abdyeE=
-11,11,XTjDeItIIl5cC9ABxD7p0naKstg=,DZoEJ78cWZ3cKjfzm6KWHcMsVtU=
-10,11,XTjDeItIIl5cC9ABxD7p0naKstg=,pmSVePxKl9jCvb/dZnb0n7cFLyE=
-11,12,4Pl5Om73YuwzJBzq5VK8wew4rko=,1uWFOuqzLvChNSZ6iXOUQz5E0+I=
-12,5,7illsL0WsUHdMhHKhRubSmRbRIo=,JPPDEKr2q70IWlfQkLqrNpTiIA8=
-12,6,7illsL0WsUHdMhHKhRubSmRbRIo=,QDTTpgH5SCgCJYKc9rOYtrlyG48=
-3,11,XE9Aak7KJ8muLxxpJ1QH1nsGxfQ=,9eKZi0U5ct0gJ1WiPfWrMEebdtA=
-2,11,XE9Aak7KJ8muLxxpJ1QH1nsGxfQ=,Zf/5NFB0hAEsosQQZt1Rhb9fxc4=
-4,11,0BybFsqEuWQxc2zgYoNevCgA+3g=,9eKZi0U5ct0gJ1WiPfWrMEebdtA=
-5,11,0BybFsqEuWQxc2zgYoNevCgA+3g=,CQprgLE0xBJYtmRK8Oz3kTlsslo=
-12,13,4Pl5Om73YuwzJBzq5VK8wew4rko=,1uWFOuqzLvChNSZ6iXOUQz5E0+I=
-13,8,7illsL0WsUHdMhHKhRubSmRbRIo=,ALmorMh43ie/svdOhr4wV0WmS44=
-13,9,xBti4JcoVos2RzQ5Tna8BxgywzA=,ALmorMh43ie/svdOhr4wV0WmS44=
-12,8,7illsL0WsUHdMhHKhRubSmRbRIo=,j5yO1OqMscfLKu1hkzyXJ36a++U=
-12,7,7illsL0WsUHdMhHKhRubSmRbRIo=,QDTTpgH5SCgCJYKc9rOYtrlyG48=
-12,9,xBti4JcoVos2RzQ5Tna8BxgywzA=,j5yO1OqMscfLKu1hkzyXJ36a++U=
-12,10,xBti4JcoVos2RzQ5Tna8BxgywzA=,DZoEJ78cWZ3cKjfzm6KWHcMsVtU=
-7,11,PdISslyIR09K6J1reCB7t43Enko=,5SN5DRdBepfHWdNkHK2nHeTiiXs=
-9,11,wscvjYoWqHNEyndMt5hIly1/Rmc=,pmSVePxKl9jCvb/dZnb0n7cFLyE=
-6,11,PdISslyIR09K6J1reCB7t43Enko=,CQprgLE0xBJYtmRK8Oz3kTlsslo=
-8,11,wscvjYoWqHNEyndMt5hIly1/Rmc=,5SN5DRdBepfHWdNkHK2nHeTiiXs=
-12,2,m+Iuw1wFKPWTLjx23jcOipW1tII=,+wHI4Ws90NuRxGoMtHkpe4NqFcg=
-12,1,sb3by2/SfH/HE6ZH0iunsrTKqWc=,5T+Bsk3Poiz8O9L5zlq/NkJLOHo=
-12,3,7illsL0WsUHdMhHKhRubSmRbRIo=,+wHI4Ws90NuRxGoMtHkpe4NqFcg=
-12,4,7illsL0WsUHdMhHKhRubSmRbRIo=,JPPDEKr2q70IWlfQkLqrNpTiIA8=
-12,0,sb3by2/SfH/HE6ZH0iunsrTKqWc=,5T+Bsk3Poiz8O9L5zlq/NkJLOHo=
-14,9,xBti4JcoVos2RzQ5Tna8BxgywzA=,ALmorMh43ie/svdOhr4wV0WmS44=
-11,13,4Pl5Om73YuwzJBzq5VK8wew4rko=,1uWFOuqzLvChNSZ6iXOUQz5E0+I=
-14,8,66JidC251VW9qDc+hAfDSAYQpzI=,ALmorMh43ie/svdOhr4wV0WmS44=
-1,10,RthJgL0iDyQ/QW67TwW+/dDqBYs=,Zf/5NFB0hAEsosQQZt1Rhb9fxc4=
-1,9,RthJgL0iDyQ/QW67TwW+/dDqBYs=,WYkU+COlP215SP3Ge4pl/abdyeE=
-2,0,dHc1j+Ne56z1bDaPor5axu6SNXM=,SgfGodTZbjXWLl8k87Ngb4k2Mpo=
-1,7,uoMFw5n3/ITTc1ZQWQkMQjbi2l8=,jAGrUFJZd7AaPDGFpsXjS1qXz9o=
-1,1,dHc1j+Ne56z1bDaPor5axu6SNXM=,SgfGodTZbjXWLl8k87Ngb4k2Mpo=
-2,2,ISzcd6kGjNumnBS/GK60ZnIIqQU=,JS+tPPsOeh3NT/g9UALVLlEv62A=
-1,0,4Pl5Om73YuwzJBzq5VK8wew4rko=,SgfGodTZbjXWLl8k87Ngb4k2Mpo=
-3,1,ISzcd6kGjNumnBS/GK60ZnIIqQU=,zPF9/hYnbzmrrz1vYIRGBhmyUII=
-1,2,dHc1j+Ne56z1bDaPor5axu6SNXM=,JS+tPPsOeh3NT/g9UALVLlEv62A=
-3,2,ISzcd6kGjNumnBS/GK60ZnIIqQU=,6Xj7zvtWdondVSpvr0E973szU8c=
-2,1,ISzcd6kGjNumnBS/GK60ZnIIqQU=,SgfGodTZbjXWLl8k87Ngb4k2Mpo=
-3,0,dHc1j+Ne56z1bDaPor5axu6SNXM=,zPF9/hYnbzmrrz1vYIRGBhmyUII=
-4,0,dHc1j+Ne56z1bDaPor5axu6SNXM=,zPF9/hYnbzmrrz1vYIRGBhmyUII=
-7,1,dHc1j+Ne56z1bDaPor5axu6SNXM=,2eF6rDedP3F/+DQcH8jdQQslu9c=
-5,1,YEssIGeTfb2vioMiXs2MSfzgce8=,OwW+6oUqPtWFi6bhyceKe11LjNU=
-6,1,O3z//eHOQ0uB4RrVCrb6e6nbcJ0=,OwW+6oUqPtWFi6bhyceKe11LjNU=
-7,0,dHc1j+Ne56z1bDaPor5axu6SNXM=,2eF6rDedP3F/+DQcH8jdQQslu9c=
-4,1,dHc1j+Ne56z1bDaPor5axu6SNXM=,zPF9/hYnbzmrrz1vYIRGBhmyUII=
-4,2,dHc1j+Ne56z1bDaPor5axu6SNXM=,6Xj7zvtWdondVSpvr0E973szU8c=
-6,2,dHc1j+Ne56z1bDaPor5axu6SNXM=,gWZeMre5tKIgMr31km2MMV3DYeI=
-6,0,O3z//eHOQ0uB4RrVCrb6e6nbcJ0=,OwW+6oUqPtWFi6bhyceKe11LjNU=
-5,0,oCaV2MjBJT1uEBt2uyOmLNu5l1A=,OwW+6oUqPtWFi6bhyceKe11LjNU=
-5,2,dHc1j+Ne56z1bDaPor5axu6SNXM=,gWZeMre5tKIgMr31km2MMV3DYeI=
-7,2,uoMFw5n3/ITTc1ZQWQkMQjbi2l8=,D6deWvDIBlYt+bLS6+7ucRvtH8A=
-4,12,0BybFsqEuWQxc2zgYoNevCgA+3g=,uuatc98sp1Oxj0t+awLOZZL+x6U=
-5,12,0BybFsqEuWQxc2zgYoNevCgA+3g=,Gcrp1skK+4dzavqov6DZMo/whUk=
-5,14,SVlwCQ9gh7tYd8/V1dY8FC8fqmk=,PRTexVLV1BGNlSt1gEEHeL1EfhM=
-3,12,XE9Aak7KJ8muLxxpJ1QH1nsGxfQ=,uuatc98sp1Oxj0t+awLOZZL+x6U=
-4,13,XE9Aak7KJ8muLxxpJ1QH1nsGxfQ=,uuatc98sp1Oxj0t+awLOZZL+x6U=
-2,12,XE9Aak7KJ8muLxxpJ1QH1nsGxfQ=,E1Z926lvwXBGUhYSRACNE/IohbY=
-5,13,XE9Aak7KJ8muLxxpJ1QH1nsGxfQ=,Gcrp1skK+4dzavqov6DZMo/whUk=
-4,14,SVlwCQ9gh7tYd8/V1dY8FC8fqmk=,1ORLyTnZH6J8sT13HPm6O5FE6lw=
-2,14,SVlwCQ9gh7tYd8/V1dY8FC8fqmk=,3IGECumwE2TLmDB73+eNhj3IVZ4=
-2,13,XE9Aak7KJ8muLxxpJ1QH1nsGxfQ=,E1Z926lvwXBGUhYSRACNE/IohbY=
-3,13,XE9Aak7KJ8muLxxpJ1QH1nsGxfQ=,uuatc98sp1Oxj0t+awLOZZL+x6U=
-3,14,SVlwCQ9gh7tYd8/V1dY8FC8fqmk=,1ORLyTnZH6J8sT13HPm6O5FE6lw=
-7,12,PdISslyIR09K6J1reCB7t43Enko=,hZvgEXlJUzSgo58qQ+865pxgb3A=
-7,14,oCaV2MjBJT1uEBt2uyOmLNu5l1A=,LCdqH7cfqIJX0AXCO6DWgxUfThM=
-7,13,PdISslyIR09K6J1reCB7t43Enko=,hZvgEXlJUzSgo58qQ+865pxgb3A=
-6,12,PdISslyIR09K6J1reCB7t43Enko=,Gcrp1skK+4dzavqov6DZMo/whUk=
-6,14,oCaV2MjBJT1uEBt2uyOmLNu5l1A=,PRTexVLV1BGNlSt1gEEHeL1EfhM=
-6,13,PdISslyIR09K6J1reCB7t43Enko=,Gcrp1skK+4dzavqov6DZMo/whUk=
-8,12,wscvjYoWqHNEyndMt5hIly1/Rmc=,hZvgEXlJUzSgo58qQ+865pxgb3A=
-9,12,wscvjYoWqHNEyndMt5hIly1/Rmc=,OP1joOvuFv0pxRoypQ+cKFM0XTA=
-13,10,xBti4JcoVos2RzQ5Tna8BxgywzA=,ssVWmLjanSyqvOi8qL+tc2PAWAI=
-14,10,xBti4JcoVos2RzQ5Tna8BxgywzA=,ssVWmLjanSyqvOi8qL+tc2PAWAI=
-15,9,iuW+acP7qe1bPuNPbxRVKQzGLIE=,g8gbmo9M4qPxGGaK2hAB7RVV8i0=
-15,10,iuW+acP7qe1bPuNPbxRVKQzGLIE=,zg4WD83uQ4r5CkHH61cMy2/x2F0=
-15,11,xbZhyUXjxXvUxJCrf7KuBZh2hbE=,zg4WD83uQ4r5CkHH61cMy2/x2F0=
-15,12,xbZhyUXjxXvUxJCrf7KuBZh2hbE=,pWci3QcgZX8uUWLDdVbZiWTCM0o=
-14,12,swX98MaclF6RcWcU/l4njE6IjFY=,5KoXHD3xTgCr1mgmT26N7Mmuq9I=
-14,11,swX98MaclF6RcWcU/l4njE6IjFY=,ssVWmLjanSyqvOi8qL+tc2PAWAI=
-15,7,5VWdSZUwMjrlsXFHQwDSxjoHXUM=,OkXxOcP48bSpbd5a7V/fARWg/50=
-15,8,5VWdSZUwMjrlsXFHQwDSxjoHXUM=,g8gbmo9M4qPxGGaK2hAB7RVV8i0=
-14,7,66JidC251VW9qDc+hAfDSAYQpzI=,aXkwPTN0GlCLQPiNzpBfqRWbg2E=
-15,5,5VWdSZUwMjrlsXFHQwDSxjoHXUM=,f9hBhNq7jWj0mhlx3T936IKlCAc=
-15,6,5VWdSZUwMjrlsXFHQwDSxjoHXUM=,OkXxOcP48bSpbd5a7V/fARWg/50=
-14,5,66JidC251VW9qDc+hAfDSAYQpzI=,W41y4lAK1CxgZPX51o95KvvnOU8=
-14,6,66JidC251VW9qDc+hAfDSAYQpzI=,aXkwPTN0GlCLQPiNzpBfqRWbg2E=
-14,3,nkFRuV0FhxJE+w+fdw6IwEKYis0=,SfJd+4ZqaES30AJjUWtZiVYoZqA=
-15,4,5VWdSZUwMjrlsXFHQwDSxjoHXUM=,f9hBhNq7jWj0mhlx3T936IKlCAc=
-15,3,5VWdSZUwMjrlsXFHQwDSxjoHXUM=,gNZnby3Oa6h9D9WRI793woB1yE4=
-14,4,nkFRuV0FhxJE+w+fdw6IwEKYis0=,W41y4lAK1CxgZPX51o95KvvnOU8=
-13,4,7illsL0WsUHdMhHKhRubSmRbRIo=,W41y4lAK1CxgZPX51o95KvvnOU8=
-13,3,7illsL0WsUHdMhHKhRubSmRbRIo=,SfJd+4ZqaES30AJjUWtZiVYoZqA=
-13,6,7illsL0WsUHdMhHKhRubSmRbRIo=,aXkwPTN0GlCLQPiNzpBfqRWbg2E=
-13,7,7illsL0WsUHdMhHKhRubSmRbRIo=,aXkwPTN0GlCLQPiNzpBfqRWbg2E=
-13,5,7illsL0WsUHdMhHKhRubSmRbRIo=,W41y4lAK1CxgZPX51o95KvvnOU8=
-13,2,m+Iuw1wFKPWTLjx23jcOipW1tII=,SfJd+4ZqaES30AJjUWtZiVYoZqA=
-13,1,m+Iuw1wFKPWTLjx23jcOipW1tII=,luWRJSThTZbQsd76o/oaa8eQXf4=
-13,0,m+Iuw1wFKPWTLjx23jcOipW1tII=,luWRJSThTZbQsd76o/oaa8eQXf4=
-15,0,SVlwCQ9gh7tYd8/V1dY8FC8fqmk=,fUOMHo471IXnuMRj5DpHtTq132o=
-16,1,SVlwCQ9gh7tYd8/V1dY8FC8fqmk=,fUOMHo471IXnuMRj5DpHtTq132o=
-15,1,5VWdSZUwMjrlsXFHQwDSxjoHXUM=,fUOMHo471IXnuMRj5DpHtTq132o=
-15,2,5VWdSZUwMjrlsXFHQwDSxjoHXUM=,gNZnby3Oa6h9D9WRI793woB1yE4=
-14,0,RthJgL0iDyQ/QW67TwW+/dDqBYs=,luWRJSThTZbQsd76o/oaa8eQXf4=
-14,1,RthJgL0iDyQ/QW67TwW+/dDqBYs=,luWRJSThTZbQsd76o/oaa8eQXf4=
-16,2,SVlwCQ9gh7tYd8/V1dY8FC8fqmk=,gNZnby3Oa6h9D9WRI793woB1yE4=
-14,2,RthJgL0iDyQ/QW67TwW+/dDqBYs=,SfJd+4ZqaES30AJjUWtZiVYoZqA=
-1,12,RthJgL0iDyQ/QW67TwW+/dDqBYs=,E1Z926lvwXBGUhYSRACNE/IohbY=
-2,15,SVlwCQ9gh7tYd8/V1dY8FC8fqmk=,3IGECumwE2TLmDB73+eNhj3IVZ4=
-1,14,SVlwCQ9gh7tYd8/V1dY8FC8fqmk=,3IGECumwE2TLmDB73+eNhj3IVZ4=
-1,15,SVlwCQ9gh7tYd8/V1dY8FC8fqmk=,3IGECumwE2TLmDB73+eNhj3IVZ4=
-3,15,SVlwCQ9gh7tYd8/V1dY8FC8fqmk=,1ORLyTnZH6J8sT13HPm6O5FE6lw=
-1,13,RthJgL0iDyQ/QW67TwW+/dDqBYs=,E1Z926lvwXBGUhYSRACNE/IohbY=
-4,15,SVlwCQ9gh7tYd8/V1dY8FC8fqmk=,1ORLyTnZH6J8sT13HPm6O5FE6lw=
-5,15,SVlwCQ9gh7tYd8/V1dY8FC8fqmk=,PRTexVLV1BGNlSt1gEEHeL1EfhM=
-6,15,oCaV2MjBJT1uEBt2uyOmLNu5l1A=,PRTexVLV1BGNlSt1gEEHeL1EfhM=
-7,15,oCaV2MjBJT1uEBt2uyOmLNu5l1A=,LCdqH7cfqIJX0AXCO6DWgxUfThM=
-9,14,oCaV2MjBJT1uEBt2uyOmLNu5l1A=,qWRTckRhNEMqY9pSzCFabz4LY0Q=
-8,14,oCaV2MjBJT1uEBt2uyOmLNu5l1A=,LCdqH7cfqIJX0AXCO6DWgxUfThM=
-8,13,4se0JIoFIct0qkcr5fnHr5QuZLs=,hZvgEXlJUzSgo58qQ+865pxgb3A=
-9,13,4se0JIoFIct0qkcr5fnHr5QuZLs=,OP1joOvuFv0pxRoypQ+cKFM0XTA=
-11,15,SVlwCQ9gh7tYd8/V1dY8FC8fqmk=,k0HRbfvErWAjN5MX7YeiCV6PPU0=
-10,15,SVlwCQ9gh7tYd8/V1dY8FC8fqmk=,qWRTckRhNEMqY9pSzCFabz4LY0Q=
-9,15,SVlwCQ9gh7tYd8/V1dY8FC8fqmk=,qWRTckRhNEMqY9pSzCFabz4LY0Q=
-8,15,SVlwCQ9gh7tYd8/V1dY8FC8fqmk=,LCdqH7cfqIJX0AXCO6DWgxUfThM=
-16,12,SVlwCQ9gh7tYd8/V1dY8FC8fqmk=,pWci3QcgZX8uUWLDdVbZiWTCM0o=
-16,11,SVlwCQ9gh7tYd8/V1dY8FC8fqmk=,zg4WD83uQ4r5CkHH61cMy2/x2F0=
-16,9,SVlwCQ9gh7tYd8/V1dY8FC8fqmk=,g8gbmo9M4qPxGGaK2hAB7RVV8i0=
-16,10,SVlwCQ9gh7tYd8/V1dY8FC8fqmk=,zg4WD83uQ4r5CkHH61cMy2/x2F0=
-16,7,SVlwCQ9gh7tYd8/V1dY8FC8fqmk=,OkXxOcP48bSpbd5a7V/fARWg/50=
-16,8,SVlwCQ9gh7tYd8/V1dY8FC8fqmk=,g8gbmo9M4qPxGGaK2hAB7RVV8i0=
-16,3,SVlwCQ9gh7tYd8/V1dY8FC8fqmk=,gNZnby3Oa6h9D9WRI793woB1yE4=
-16,4,SVlwCQ9gh7tYd8/V1dY8FC8fqmk=,f9hBhNq7jWj0mhlx3T936IKlCAc=
-16,5,SVlwCQ9gh7tYd8/V1dY8FC8fqmk=,f9hBhNq7jWj0mhlx3T936IKlCAc=
-16,6,SVlwCQ9gh7tYd8/V1dY8FC8fqmk=,OkXxOcP48bSpbd5a7V/fARWg/50=
-11,14,oCaV2MjBJT1uEBt2uyOmLNu5l1A=,k0HRbfvErWAjN5MX7YeiCV6PPU0=
-16,0,1jBSoAy14xdLvUiwtrvJePwoQW8=,fUOMHo471IXnuMRj5DpHtTq132o=
-10,12,XTjDeItIIl5cC9ABxD7p0naKstg=,OP1joOvuFv0pxRoypQ+cKFM0XTA=
-10,14,oCaV2MjBJT1uEBt2uyOmLNu5l1A=,qWRTckRhNEMqY9pSzCFabz4LY0Q=
-10,13,XTjDeItIIl5cC9ABxD7p0naKstg=,OP1joOvuFv0pxRoypQ+cKFM0XTA=
-13,12,XTjDeItIIl5cC9ABxD7p0naKstg=,5KoXHD3xTgCr1mgmT26N7Mmuq9I=
-13,11,XTjDeItIIl5cC9ABxD7p0naKstg=,ssVWmLjanSyqvOi8qL+tc2PAWAI=
-12,14,9M6UXKep3VbG1JSytNeWywTy47Y=,k0HRbfvErWAjN5MX7YeiCV6PPU0=
-12,15,SVlwCQ9gh7tYd8/V1dY8FC8fqmk=,k0HRbfvErWAjN5MX7YeiCV6PPU0=
-13,13,XTjDeItIIl5cC9ABxD7p0naKstg=,5KoXHD3xTgCr1mgmT26N7Mmuq9I=
-13,14,9M6UXKep3VbG1JSytNeWywTy47Y=,B0ZN/MPFnqOL/9/X1WM1xEXVPt4=
-13,15,SVlwCQ9gh7tYd8/V1dY8FC8fqmk=,B0ZN/MPFnqOL/9/X1WM1xEXVPt4=
-16,15,1jBSoAy14xdLvUiwtrvJePwoQW8=,KDMuCZ5pHf+BWdn2Te5Gt+M6Vp0=
-16,13,SVlwCQ9gh7tYd8/V1dY8FC8fqmk=,pWci3QcgZX8uUWLDdVbZiWTCM0o=
-16,14,SVlwCQ9gh7tYd8/V1dY8FC8fqmk=,KDMuCZ5pHf+BWdn2Te5Gt+M6Vp0=
-15,13,9M6UXKep3VbG1JSytNeWywTy47Y=,pWci3QcgZX8uUWLDdVbZiWTCM0o=
-14,13,XTjDeItIIl5cC9ABxD7p0naKstg=,5KoXHD3xTgCr1mgmT26N7Mmuq9I=
-15,14,9M6UXKep3VbG1JSytNeWywTy47Y=,KDMuCZ5pHf+BWdn2Te5Gt+M6Vp0=
-14,14,9M6UXKep3VbG1JSytNeWywTy47Y=,B0ZN/MPFnqOL/9/X1WM1xEXVPt4=
-14,15,SVlwCQ9gh7tYd8/V1dY8FC8fqmk=,B0ZN/MPFnqOL/9/X1WM1xEXVPt4=
-15,15,SVlwCQ9gh7tYd8/V1dY8FC8fqmk=,KDMuCZ5pHf+BWdn2Te5Gt+M6Vp0=
-19,2,u/KgGin78RX1jBnAHodnB/jKMNs=,LVvJW/xUO8/xFPIc1eQUyLAlBuM=
-18,2,xBvkzE6P/YFUffZVCoTfaMfJFrg=,UuaGZSatALL+lL8RsEdB88lc/54=
-18,1,xBvkzE6P/YFUffZVCoTfaMfJFrg=,xHpTbkNtPciX0B6nOoblQ1C0GY8=
-19,1,u/KgGin78RX1jBnAHodnB/jKMNs=,pYU/vsaLedf2aZT2YiTw2X5hTC4=
-19,3,V7XlAIF1N/hUgIIG11oY+qN0jRM=,LVvJW/xUO8/xFPIc1eQUyLAlBuM=
-19,4,V7XlAIF1N/hUgIIG11oY+qN0jRM=,KBuMbQ7orDC/xA5ly4lvxSJ088c=
-18,4,1+5PjTS04U5y21VkMTy7WL3FGjg=,R/Vpp4dc5pEU4KXI+Xq5dCmZYTY=
-18,3,1+5PjTS04U5y21VkMTy7WL3FGjg=,UuaGZSatALL+lL8RsEdB88lc/54=
-18,6,1+5PjTS04U5y21VkMTy7WL3FGjg=,lUbxp0vP0g6V4jaLQR9TVYYk8HU=
-19,6,V7XlAIF1N/hUgIIG11oY+qN0jRM=,JozAUqMku55B0k7N7tAalkwQMUQ=
-18,5,1+5PjTS04U5y21VkMTy7WL3FGjg=,R/Vpp4dc5pEU4KXI+Xq5dCmZYTY=
-19,5,V7XlAIF1N/hUgIIG11oY+qN0jRM=,KBuMbQ7orDC/xA5ly4lvxSJ088c=
-19,8,V7XlAIF1N/hUgIIG11oY+qN0jRM=,7cHl0xxrVNodig+4yJfJzdcEe6s=
-18,7,JyaVY2RAAb1PO9dX/VG0Fx0wi5Y=,lUbxp0vP0g6V4jaLQR9TVYYk8HU=
-18,8,JyaVY2RAAb1PO9dX/VG0Fx0wi5Y=,MW9QpeB4MHaSeXEtaGvTnvvqwp4=
-19,7,V7XlAIF1N/hUgIIG11oY+qN0jRM=,JozAUqMku55B0k7N7tAalkwQMUQ=
-19,9,x+iUxL2PgZfA7+ObEarcAVnOuo4=,7cHl0xxrVNodig+4yJfJzdcEe6s=
-19,10,x+iUxL2PgZfA7+ObEarcAVnOuo4=,eyIrOEYcnnMCYPzCmJwA9kmEXT4=
-18,10,JyaVY2RAAb1PO9dX/VG0Fx0wi5Y=,L3EEGlK2FdVVEk/40BBPy3ZiE20=
-18,9,JyaVY2RAAb1PO9dX/VG0Fx0wi5Y=,MW9QpeB4MHaSeXEtaGvTnvvqwp4=
-17,10,WPuWydPizeQtkdsfYLtL11y69TU=,L3EEGlK2FdVVEk/40BBPy3ZiE20=
-17,9,WPuWydPizeQtkdsfYLtL11y69TU=,MW9QpeB4MHaSeXEtaGvTnvvqwp4=
-17,7,WPuWydPizeQtkdsfYLtL11y69TU=,lUbxp0vP0g6V4jaLQR9TVYYk8HU=
-17,8,WPuWydPizeQtkdsfYLtL11y69TU=,MW9QpeB4MHaSeXEtaGvTnvvqwp4=
-17,5,WPuWydPizeQtkdsfYLtL11y69TU=,R/Vpp4dc5pEU4KXI+Xq5dCmZYTY=
-17,6,WPuWydPizeQtkdsfYLtL11y69TU=,lUbxp0vP0g6V4jaLQR9TVYYk8HU=
-17,4,WPuWydPizeQtkdsfYLtL11y69TU=,R/Vpp4dc5pEU4KXI+Xq5dCmZYTY=
-17,3,WPuWydPizeQtkdsfYLtL11y69TU=,UuaGZSatALL+lL8RsEdB88lc/54=
-17,2,WPuWydPizeQtkdsfYLtL11y69TU=,UuaGZSatALL+lL8RsEdB88lc/54=
-19,12,x+iUxL2PgZfA7+ObEarcAVnOuo4=,s0qaDuJV9sVv+poKfYU7keTo14o=
-18,12,WPuWydPizeQtkdsfYLtL11y69TU=,Cjfj7JirnrjhN5batJTAqwmx5kc=
-17,11,WPuWydPizeQtkdsfYLtL11y69TU=,L3EEGlK2FdVVEk/40BBPy3ZiE20=
-19,11,x+iUxL2PgZfA7+ObEarcAVnOuo4=,eyIrOEYcnnMCYPzCmJwA9kmEXT4=
-18,11,WPuWydPizeQtkdsfYLtL11y69TU=,L3EEGlK2FdVVEk/40BBPy3ZiE20=
-17,12,WPuWydPizeQtkdsfYLtL11y69TU=,Cjfj7JirnrjhN5batJTAqwmx5kc=
-17,1,WPuWydPizeQtkdsfYLtL11y69TU=,xHpTbkNtPciX0B6nOoblQ1C0GY8=
-18,0,WPuWydPizeQtkdsfYLtL11y69TU=,xHpTbkNtPciX0B6nOoblQ1C0GY8=
-19,0,u/KgGin78RX1jBnAHodnB/jKMNs=,pYU/vsaLedf2aZT2YiTw2X5hTC4=
-17,0,WPuWydPizeQtkdsfYLtL11y69TU=,xHpTbkNtPciX0B6nOoblQ1C0GY8=
-19,13,x+iUxL2PgZfA7+ObEarcAVnOuo4=,s0qaDuJV9sVv+poKfYU7keTo14o=
-19,14,5e9PgDwFKJrKpntnOfFTkNMoog4=,HPpGaxrt9NuAYoJYCgNwG1JbPSE=
-17,15,WPuWydPizeQtkdsfYLtL11y69TU=,CdPpmtgOKIQStyzkFpbp2zBxewE=
-18,14,WPuWydPizeQtkdsfYLtL11y69TU=,CdPpmtgOKIQStyzkFpbp2zBxewE=
-18,15,WPuWydPizeQtkdsfYLtL11y69TU=,CdPpmtgOKIQStyzkFpbp2zBxewE=
-17,14,WPuWydPizeQtkdsfYLtL11y69TU=,CdPpmtgOKIQStyzkFpbp2zBxewE=
-19,15,5e9PgDwFKJrKpntnOfFTkNMoog4=,HPpGaxrt9NuAYoJYCgNwG1JbPSE=
-17,13,WPuWydPizeQtkdsfYLtL11y69TU=,Cjfj7JirnrjhN5batJTAqwmx5kc=
-18,13,WPuWydPizeQtkdsfYLtL11y69TU=,Cjfj7JirnrjhN5batJTAqwmx5kc=
-18,18,OicamD7D7G1FJmQ1Db8AjNIqLq0=,ISnFjI9vUXSLaanlTWem/5WaI8k=
-18,17,KGGgd38dDENCm/0dqAVhkmS5ZDQ=,F7r6haRqFEB3uzwYuTz613D7gnU=
-19,18,OicamD7D7G1FJmQ1Db8AjNIqLq0=,gNOHLiiCYAjR4A3RtI/WCxN2ZYE=
-17,17,KGGgd38dDENCm/0dqAVhkmS5ZDQ=,F7r6haRqFEB3uzwYuTz613D7gnU=
-17,18,OicamD7D7G1FJmQ1Db8AjNIqLq0=,ISnFjI9vUXSLaanlTWem/5WaI8k=
-17,16,KGGgd38dDENCm/0dqAVhkmS5ZDQ=,F7r6haRqFEB3uzwYuTz613D7gnU=
-18,16,KGGgd38dDENCm/0dqAVhkmS5ZDQ=,F7r6haRqFEB3uzwYuTz613D7gnU=
-19,17,OicamD7D7G1FJmQ1Db8AjNIqLq0=,Vg4aAsNYkYgS8XQs7Aq+zG3TZns=
-19,16,OicamD7D7G1FJmQ1Db8AjNIqLq0=,Vg4aAsNYkYgS8XQs7Aq+zG3TZns=
-2,18,+4dkl/52tHFSkBuJwVQV2AObRPw=,LEx9nygegefiipsXlWerXRFiVU0=
-3,18,+4dkl/52tHFSkBuJwVQV2AObRPw=,NbOev0vDnIA+AFLrbZyF9JjK35w=
-2,17,I8Z2QDmq5HHxQfByedw05zDiZBk=,QFvU8ZTDl9NRCVksCsZoxgQsgMA=
-3,17,I8Z2QDmq5HHxQfByedw05zDiZBk=,gm2z79+WA1tX1+pVCf+4Z5F25a8=
-4,18,+4dkl/52tHFSkBuJwVQV2AObRPw=,NbOev0vDnIA+AFLrbZyF9JjK35w=
-5,17,skbPVu8/pub6Oxj9Q5OzsVgFM7E=,VoyhYPxpLbCFun5dYclg+VRqfz8=
-4,17,skbPVu8/pub6Oxj9Q5OzsVgFM7E=,gm2z79+WA1tX1+pVCf+4Z5F25a8=
-5,18,+4dkl/52tHFSkBuJwVQV2AObRPw=,2Y4kiGjvMqzkx040vbB9JVjHyVY=
-6,18,+4dkl/52tHFSkBuJwVQV2AObRPw=,2Y4kiGjvMqzkx040vbB9JVjHyVY=
-7,18,+4dkl/52tHFSkBuJwVQV2AObRPw=,7xff8UgiF6pLLC0rYsQLRxvfhUQ=
-7,17,3R3p1ElmJVqzxS94o4JGkcVGTqQ=,VPLuCoxzIHOEXmFsL0/BAT5Q1yA=
-6,17,3R3p1ElmJVqzxS94o4JGkcVGTqQ=,VoyhYPxpLbCFun5dYclg+VRqfz8=
-9,17,3R3p1ElmJVqzxS94o4JGkcVGTqQ=,Qk0s7qA6GzX5Kzvr9yTFCdF+toU=
-8,17,3R3p1ElmJVqzxS94o4JGkcVGTqQ=,VPLuCoxzIHOEXmFsL0/BAT5Q1yA=
-9,18,+4dkl/52tHFSkBuJwVQV2AObRPw=,fHhEYRA6eFEHvvMHvGI7e+p/PG0=
-8,18,+4dkl/52tHFSkBuJwVQV2AObRPw=,7xff8UgiF6pLLC0rYsQLRxvfhUQ=
-10,17,///8/sliuJqAVXTQwkTBbld3bIM=,Qk0s7qA6GzX5Kzvr9yTFCdF+toU=
-11,17,///8/sliuJqAVXTQwkTBbld3bIM=,hQxWNj4vc77Lyg7n+LXn+797AYU=
-11,18,+4dkl/52tHFSkBuJwVQV2AObRPw=,h/pSCMCoeIhschDn1hlPZC0F0QU=
-10,18,+4dkl/52tHFSkBuJwVQV2AObRPw=,fHhEYRA6eFEHvvMHvGI7e+p/PG0=
-11,16,///8/sliuJqAVXTQwkTBbld3bIM=,hQxWNj4vc77Lyg7n+LXn+797AYU=
-10,16,///8/sliuJqAVXTQwkTBbld3bIM=,Qk0s7qA6GzX5Kzvr9yTFCdF+toU=
-8,16,///8/sliuJqAVXTQwkTBbld3bIM=,VPLuCoxzIHOEXmFsL0/BAT5Q1yA=
-9,16,///8/sliuJqAVXTQwkTBbld3bIM=,Qk0s7qA6GzX5Kzvr9yTFCdF+toU=
-6,16,GrSWvKc0WQ+6KgLFTbA+o903teM=,VoyhYPxpLbCFun5dYclg+VRqfz8=
-7,16,GrSWvKc0WQ+6KgLFTbA+o903teM=,VPLuCoxzIHOEXmFsL0/BAT5Q1yA=
-3,16,GrSWvKc0WQ+6KgLFTbA+o903teM=,gm2z79+WA1tX1+pVCf+4Z5F25a8=
-4,16,GrSWvKc0WQ+6KgLFTbA+o903teM=,gm2z79+WA1tX1+pVCf+4Z5F25a8=
-2,16,GrSWvKc0WQ+6KgLFTbA+o903teM=,QFvU8ZTDl9NRCVksCsZoxgQsgMA=
-5,16,GrSWvKc0WQ+6KgLFTbA+o903teM=,VoyhYPxpLbCFun5dYclg+VRqfz8=
-1,18,+4dkl/52tHFSkBuJwVQV2AObRPw=,LEx9nygegefiipsXlWerXRFiVU0=
-1,16,GrSWvKc0WQ+6KgLFTbA+o903teM=,QFvU8ZTDl9NRCVksCsZoxgQsgMA=
-1,17,GrSWvKc0WQ+6KgLFTbA+o903teM=,QFvU8ZTDl9NRCVksCsZoxgQsgMA=
-12,16,GrSWvKc0WQ+6KgLFTbA+o903teM=,hQxWNj4vc77Lyg7n+LXn+797AYU=
-13,17,GrSWvKc0WQ+6KgLFTbA+o903teM=,Q9fDTXKWoL6bldlfHJWeXGiICg4=
-12,17,GrSWvKc0WQ+6KgLFTbA+o903teM=,hQxWNj4vc77Lyg7n+LXn+797AYU=
-13,16,GrSWvKc0WQ+6KgLFTbA+o903teM=,Q9fDTXKWoL6bldlfHJWeXGiICg4=
-13,18,n3BExfUrXBFjAD1H/gCYaTNzhXk=,D0HZkpfxWuFeD3/alCQrjJAGKTk=
-12,18,+4dkl/52tHFSkBuJwVQV2AObRPw=,h/pSCMCoeIhschDn1hlPZC0F0QU=
-14,18,n3BExfUrXBFjAD1H/gCYaTNzhXk=,D0HZkpfxWuFeD3/alCQrjJAGKTk=
-14,17,GrSWvKc0WQ+6KgLFTbA+o903teM=,Q9fDTXKWoL6bldlfHJWeXGiICg4=
-15,16,GrSWvKc0WQ+6KgLFTbA+o903teM=,p/2biYUCuF+gvBlsXMFCfVoT/QU=
-16,18,+4dkl/52tHFSkBuJwVQV2AObRPw=,MaGHzW95ZsWtB/6Y71A9hJjh34E=
-15,18,+4dkl/52tHFSkBuJwVQV2AObRPw=,MaGHzW95ZsWtB/6Y71A9hJjh34E=
-14,16,GrSWvKc0WQ+6KgLFTbA+o903teM=,Q9fDTXKWoL6bldlfHJWeXGiICg4=
-15,17,GrSWvKc0WQ+6KgLFTbA+o903teM=,p/2biYUCuF+gvBlsXMFCfVoT/QU=
-16,16,GrSWvKc0WQ+6KgLFTbA+o903teM=,p/2biYUCuF+gvBlsXMFCfVoT/QU=
-16,17,GrSWvKc0WQ+6KgLFTbA+o903teM=,p/2biYUCuF+gvBlsXMFCfVoT/QU=
-22,7,F3bL5/OD32dYxqEhXCWip+yOLCA=,78MevfqX29G+CybW1De8L8OOgZM=
-22,8,F3bL5/OD32dYxqEhXCWip+yOLCA=,Y1LoepI5vo9pcXE9VODEGh3RrH8=
-20,7,0iZKkVXi+GCp8fyIAVx9tjCkpbA=,JozAUqMku55B0k7N7tAalkwQMUQ=
-21,7,5e9PgDwFKJrKpntnOfFTkNMoog4=,78MevfqX29G+CybW1De8L8OOgZM=
-20,8,0iZKkVXi+GCp8fyIAVx9tjCkpbA=,7cHl0xxrVNodig+4yJfJzdcEe6s=
-21,8,5e9PgDwFKJrKpntnOfFTkNMoog4=,Y1LoepI5vo9pcXE9VODEGh3RrH8=
-22,6,SjgKyD1CGj7HXG0kkbVV0ZeWPm4=,78MevfqX29G+CybW1De8L8OOgZM=
-22,5,SjgKyD1CGj7HXG0kkbVV0ZeWPm4=,wf3cwlI6g1fjIi2zHQCX37eeddk=
-22,4,SjgKyD1CGj7HXG0kkbVV0ZeWPm4=,wf3cwlI6g1fjIi2zHQCX37eeddk=
-22,3,SjgKyD1CGj7HXG0kkbVV0ZeWPm4=,mWcPEsDZWzTp5eRgxXM2g6s4HWE=
-20,3,V7XlAIF1N/hUgIIG11oY+qN0jRM=,LVvJW/xUO8/xFPIc1eQUyLAlBuM=
-20,4,V7XlAIF1N/hUgIIG11oY+qN0jRM=,KBuMbQ7orDC/xA5ly4lvxSJ088c=
-20,5,V7XlAIF1N/hUgIIG11oY+qN0jRM=,KBuMbQ7orDC/xA5ly4lvxSJ088c=
-20,6,V7XlAIF1N/hUgIIG11oY+qN0jRM=,JozAUqMku55B0k7N7tAalkwQMUQ=
-21,5,5e9PgDwFKJrKpntnOfFTkNMoog4=,wf3cwlI6g1fjIi2zHQCX37eeddk=
-21,4,5e9PgDwFKJrKpntnOfFTkNMoog4=,wf3cwlI6g1fjIi2zHQCX37eeddk=
-21,3,5e9PgDwFKJrKpntnOfFTkNMoog4=,mWcPEsDZWzTp5eRgxXM2g6s4HWE=
-21,6,5e9PgDwFKJrKpntnOfFTkNMoog4=,78MevfqX29G+CybW1De8L8OOgZM=
-22,1,5e9PgDwFKJrKpntnOfFTkNMoog4=,pTIX4U9/p7COy/y/9k7eXbzLUGg=
-22,2,5e9PgDwFKJrKpntnOfFTkNMoog4=,mWcPEsDZWzTp5eRgxXM2g6s4HWE=
-22,0,5e9PgDwFKJrKpntnOfFTkNMoog4=,pTIX4U9/p7COy/y/9k7eXbzLUGg=
-20,1,u/KgGin78RX1jBnAHodnB/jKMNs=,pYU/vsaLedf2aZT2YiTw2X5hTC4=
-21,0,5e9PgDwFKJrKpntnOfFTkNMoog4=,pTIX4U9/p7COy/y/9k7eXbzLUGg=
-20,0,u/KgGin78RX1jBnAHodnB/jKMNs=,pYU/vsaLedf2aZT2YiTw2X5hTC4=
-21,1,5e9PgDwFKJrKpntnOfFTkNMoog4=,pTIX4U9/p7COy/y/9k7eXbzLUGg=
-20,2,u/KgGin78RX1jBnAHodnB/jKMNs=,LVvJW/xUO8/xFPIc1eQUyLAlBuM=
-21,2,5e9PgDwFKJrKpntnOfFTkNMoog4=,mWcPEsDZWzTp5eRgxXM2g6s4HWE=
-22,10,ynDNA6/g2lovVH1OWXS2dqILW14=,vGo84T4R632Ob3T/HMUre5/fgbs=
-22,9,ynDNA6/g2lovVH1OWXS2dqILW14=,Y1LoepI5vo9pcXE9VODEGh3RrH8=
-21,10,5e9PgDwFKJrKpntnOfFTkNMoog4=,vGo84T4R632Ob3T/HMUre5/fgbs=
-21,9,5e9PgDwFKJrKpntnOfFTkNMoog4=,Y1LoepI5vo9pcXE9VODEGh3RrH8=
-20,9,nmiNmHpjt0CFspxiYfsmA5FVGWY=,7cHl0xxrVNodig+4yJfJzdcEe6s=
-20,10,nmiNmHpjt0CFspxiYfsmA5FVGWY=,eyIrOEYcnnMCYPzCmJwA9kmEXT4=
-22,11,xhOi+/o14BW4EdPqW1tCOR9fAt8=,vGo84T4R632Ob3T/HMUre5/fgbs=
-22,12,xhOi+/o14BW4EdPqW1tCOR9fAt8=,cQYWBWTtkON0TqkC6lUcbsp58Fs=
-20,11,x+iUxL2PgZfA7+ObEarcAVnOuo4=,eyIrOEYcnnMCYPzCmJwA9kmEXT4=
-21,12,+i9DubRxTdfy7K7cWUY47HEUxNg=,cQYWBWTtkON0TqkC6lUcbsp58Fs=
-20,12,x+iUxL2PgZfA7+ObEarcAVnOuo4=,s0qaDuJV9sVv+poKfYU7keTo14o=
-21,11,+i9DubRxTdfy7K7cWUY47HEUxNg=,vGo84T4R632Ob3T/HMUre5/fgbs=
-22,13,KDmzSa6XqqLewynPZLsFB1LpCbU=,cQYWBWTtkON0TqkC6lUcbsp58Fs=
-22,15,KDmzSa6XqqLewynPZLsFB1LpCbU=,vwE0Dm8xkfCa96JWsxBgvQBox9c=
-22,14,KDmzSa6XqqLewynPZLsFB1LpCbU=,vwE0Dm8xkfCa96JWsxBgvQBox9c=
-21,15,jx2uQwqnMkh0YP6DhODmniVS0Os=,vwE0Dm8xkfCa96JWsxBgvQBox9c=
-20,15,jx2uQwqnMkh0YP6DhODmniVS0Os=,HPpGaxrt9NuAYoJYCgNwG1JbPSE=
-21,14,+i9DubRxTdfy7K7cWUY47HEUxNg=,vwE0Dm8xkfCa96JWsxBgvQBox9c=
-21,13,+i9DubRxTdfy7K7cWUY47HEUxNg=,cQYWBWTtkON0TqkC6lUcbsp58Fs=
-20,14,+i9DubRxTdfy7K7cWUY47HEUxNg=,HPpGaxrt9NuAYoJYCgNwG1JbPSE=
-20,13,ctDQljcNXDF+8pmratDXXa7FZH8=,s0qaDuJV9sVv+poKfYU7keTo14o=
-22,21,t36hPy8AOH197fve0YVPUxUP/C8=,mtp3g65p/2iZFMxAyjJ22hBBrHs=
-21,21,wcWPcJ77QcFIV6/HdZwhWip1UJU=,mtp3g65p/2iZFMxAyjJ22hBBrHs=
-22,19,XRarr+9P5sFuUpnNTp3FsYLq5bI=,2XGeKEzGCVLXvd50HT3BQwBkfP0=
-20,21,wcWPcJ77QcFIV6/HdZwhWip1UJU=,fynUYdL70sgI1MmsW69+0PJ3zJk=
-22,20,XRarr+9P5sFuUpnNTp3FsYLq5bI=,mtp3g65p/2iZFMxAyjJ22hBBrHs=
-20,19,Id/kg59GNQzvh43+9KVfsfxZi70=,gNOHLiiCYAjR4A3RtI/WCxN2ZYE=
-21,19,XRarr+9P5sFuUpnNTp3FsYLq5bI=,2XGeKEzGCVLXvd50HT3BQwBkfP0=
-21,20,XRarr+9P5sFuUpnNTp3FsYLq5bI=,mtp3g65p/2iZFMxAyjJ22hBBrHs=
-20,20,XRarr+9P5sFuUpnNTp3FsYLq5bI=,fynUYdL70sgI1MmsW69+0PJ3zJk=
-22,17,zT2bRO53c5zz8rkl9k59BUh9B9I=,cMCuUkKF01b+IWI4TCqff9pPINY=
-21,18,zT2bRO53c5zz8rkl9k59BUh9B9I=,2XGeKEzGCVLXvd50HT3BQwBkfP0=
-22,18,zT2bRO53c5zz8rkl9k59BUh9B9I=,2XGeKEzGCVLXvd50HT3BQwBkfP0=
-20,18,OicamD7D7G1FJmQ1Db8AjNIqLq0=,gNOHLiiCYAjR4A3RtI/WCxN2ZYE=
-21,17,zT2bRO53c5zz8rkl9k59BUh9B9I=,cMCuUkKF01b+IWI4TCqff9pPINY=
-20,17,OicamD7D7G1FJmQ1Db8AjNIqLq0=,Vg4aAsNYkYgS8XQs7Aq+zG3TZns=
-22,16,zT2bRO53c5zz8rkl9k59BUh9B9I=,cMCuUkKF01b+IWI4TCqff9pPINY=
-20,16,OicamD7D7G1FJmQ1Db8AjNIqLq0=,Vg4aAsNYkYgS8XQs7Aq+zG3TZns=
-21,16,zT2bRO53c5zz8rkl9k59BUh9B9I=,cMCuUkKF01b+IWI4TCqff9pPINY=
-19,21,jhXjwpu3nfnaulzJgRtLzAXtVRM=,fynUYdL70sgI1MmsW69+0PJ3zJk=
-18,19,OicamD7D7G1FJmQ1Db8AjNIqLq0=,ISnFjI9vUXSLaanlTWem/5WaI8k=
-18,20,XRarr+9P5sFuUpnNTp3FsYLq5bI=,NcUmbBMb6e9eZksuka/OQKN1Ek4=
-18,21,jhXjwpu3nfnaulzJgRtLzAXtVRM=,NcUmbBMb6e9eZksuka/OQKN1Ek4=
-19,20,XRarr+9P5sFuUpnNTp3FsYLq5bI=,fynUYdL70sgI1MmsW69+0PJ3zJk=
-19,19,OicamD7D7G1FJmQ1Db8AjNIqLq0=,gNOHLiiCYAjR4A3RtI/WCxN2ZYE=
-17,21,XRarr+9P5sFuUpnNTp3FsYLq5bI=,NcUmbBMb6e9eZksuka/OQKN1Ek4=
-17,19,OicamD7D7G1FJmQ1Db8AjNIqLq0=,ISnFjI9vUXSLaanlTWem/5WaI8k=
-17,20,XRarr+9P5sFuUpnNTp3FsYLq5bI=,NcUmbBMb6e9eZksuka/OQKN1Ek4=
-2,21,2oU1ND/tsfcYjDpfkciBNN1lld4=,r9LscZfM3EHCWLofIJMTeab6jew=
-3,21,2oU1ND/tsfcYjDpfkciBNN1lld4=,cwF24aA6FIDn1R29E3ypkGFa/zA=
-2,19,0xmQtS7BQQfNF9mzUyKmefq5Cuo=,LEx9nygegefiipsXlWerXRFiVU0=
-3,19,0xmQtS7BQQfNF9mzUyKmefq5Cuo=,NbOev0vDnIA+AFLrbZyF9JjK35w=
-3,20,QolQU2MUau1mzobFdD5Sd/kIjwU=,cwF24aA6FIDn1R29E3ypkGFa/zA=
-2,20,QolQU2MUau1mzobFdD5Sd/kIjwU=,r9LscZfM3EHCWLofIJMTeab6jew=
-4,21,ZlpPlFgUy1GhsKb8/fMCyrrJlOc=,cwF24aA6FIDn1R29E3ypkGFa/zA=
-4,19,y6yPHNMaI8RwLQAb0K+gQCx6vlU=,NbOev0vDnIA+AFLrbZyF9JjK35w=
-5,19,y6yPHNMaI8RwLQAb0K+gQCx6vlU=,2Y4kiGjvMqzkx040vbB9JVjHyVY=
-4,20,QolQU2MUau1mzobFdD5Sd/kIjwU=,cwF24aA6FIDn1R29E3ypkGFa/zA=
-5,21,ZlpPlFgUy1GhsKb8/fMCyrrJlOc=,Y9n4pUgPETpsgLiby0mdM/kdGQI=
-5,20,QolQU2MUau1mzobFdD5Sd/kIjwU=,Y9n4pUgPETpsgLiby0mdM/kdGQI=
-6,20,QolQU2MUau1mzobFdD5Sd/kIjwU=,Y9n4pUgPETpsgLiby0mdM/kdGQI=
-6,19,y6yPHNMaI8RwLQAb0K+gQCx6vlU=,2Y4kiGjvMqzkx040vbB9JVjHyVY=
-7,20,QolQU2MUau1mzobFdD5Sd/kIjwU=,8T0IyCZZG7kYcCmlvi8LPOpx7+o=
-6,21,lflMhOuUXgf5qYg1n0OwGE0J6jY=,Y9n4pUgPETpsgLiby0mdM/kdGQI=
-7,21,lflMhOuUXgf5qYg1n0OwGE0J6jY=,8T0IyCZZG7kYcCmlvi8LPOpx7+o=
-7,19,y6yPHNMaI8RwLQAb0K+gQCx6vlU=,7xff8UgiF6pLLC0rYsQLRxvfhUQ=
-8,21,hw7KtVQUSbs3HxTaFOcg9NwX+vo=,8T0IyCZZG7kYcCmlvi8LPOpx7+o=
-9,21,hw7KtVQUSbs3HxTaFOcg9NwX+vo=,Ur98lMEulSQ5Adhh2S6RDjjkXuc=
-8,19,pm9KyP2FwnL47dZ83+JD8oileDw=,7xff8UgiF6pLLC0rYsQLRxvfhUQ=
-8,20,QolQU2MUau1mzobFdD5Sd/kIjwU=,8T0IyCZZG7kYcCmlvi8LPOpx7+o=
-9,20,QolQU2MUau1mzobFdD5Sd/kIjwU=,Ur98lMEulSQ5Adhh2S6RDjjkXuc=
-9,19,pm9KyP2FwnL47dZ83+JD8oileDw=,fHhEYRA6eFEHvvMHvGI7e+p/PG0=
-11,20,n3BExfUrXBFjAD1H/gCYaTNzhXk=,OXlIqgoi+W+ReqLoi6fdo3dNZFQ=
-10,19,pm9KyP2FwnL47dZ83+JD8oileDw=,fHhEYRA6eFEHvvMHvGI7e+p/PG0=
-11,21,yi0FA0zxX7tijwD363poJg+wCPs=,OXlIqgoi+W+ReqLoi6fdo3dNZFQ=
-10,21,yi0FA0zxX7tijwD363poJg+wCPs=,Ur98lMEulSQ5Adhh2S6RDjjkXuc=
-10,20,n3BExfUrXBFjAD1H/gCYaTNzhXk=,Ur98lMEulSQ5Adhh2S6RDjjkXuc=
-11,19,pm9KyP2FwnL47dZ83+JD8oileDw=,h/pSCMCoeIhschDn1hlPZC0F0QU=
-12,21,UWZc6WUqpMJuo1rlaY7zn4sxX8g=,OXlIqgoi+W+ReqLoi6fdo3dNZFQ=
-13,21,UWZc6WUqpMJuo1rlaY7zn4sxX8g=,n0IRKJtNJq5wAZVfl+/ZYjO0/P0=
-13,19,n3BExfUrXBFjAD1H/gCYaTNzhXk=,D0HZkpfxWuFeD3/alCQrjJAGKTk=
-12,19,+4dkl/52tHFSkBuJwVQV2AObRPw=,h/pSCMCoeIhschDn1hlPZC0F0QU=
-12,20,n3BExfUrXBFjAD1H/gCYaTNzhXk=,OXlIqgoi+W+ReqLoi6fdo3dNZFQ=
-13,20,n3BExfUrXBFjAD1H/gCYaTNzhXk=,n0IRKJtNJq5wAZVfl+/ZYjO0/P0=
-14,21,SrML/bqkgWjOkLZQpxHmC85ffeI=,n0IRKJtNJq5wAZVfl+/ZYjO0/P0=
-16,21,QolQU2MUau1mzobFdD5Sd/kIjwU=,9tGwO2F0KCT+5+XgIRqE8n5/Kys=
-15,21,SrML/bqkgWjOkLZQpxHmC85ffeI=,9tGwO2F0KCT+5+XgIRqE8n5/Kys=
-15,20,n3BExfUrXBFjAD1H/gCYaTNzhXk=,9tGwO2F0KCT+5+XgIRqE8n5/Kys=
-15,19,+4dkl/52tHFSkBuJwVQV2AObRPw=,MaGHzW95ZsWtB/6Y71A9hJjh34E=
-16,20,QolQU2MUau1mzobFdD5Sd/kIjwU=,9tGwO2F0KCT+5+XgIRqE8n5/Kys=
-14,19,n3BExfUrXBFjAD1H/gCYaTNzhXk=,D0HZkpfxWuFeD3/alCQrjJAGKTk=
-14,20,n3BExfUrXBFjAD1H/gCYaTNzhXk=,n0IRKJtNJq5wAZVfl+/ZYjO0/P0=
-1,19,+4dkl/52tHFSkBuJwVQV2AObRPw=,LEx9nygegefiipsXlWerXRFiVU0=
-1,21,QolQU2MUau1mzobFdD5Sd/kIjwU=,r9LscZfM3EHCWLofIJMTeab6jew=
-1,20,QolQU2MUau1mzobFdD5Sd/kIjwU=,r9LscZfM3EHCWLofIJMTeab6jew=
-16,19,+4dkl/52tHFSkBuJwVQV2AObRPw=,MaGHzW95ZsWtB/6Y71A9hJjh34E=
-23,12,xhOi+/o14BW4EdPqW1tCOR9fAt8=,+Qw+C8jsAGf9p6FawSM0U0g8ITs=
-23,11,xhOi+/o14BW4EdPqW1tCOR9fAt8=,w1kipcHVhwImf/+DNTz164v2am0=
-25,12,xhOi+/o14BW4EdPqW1tCOR9fAt8=,32brD7uAVhRU9eIOHz3l8N6c5CI=
-24,12,xhOi+/o14BW4EdPqW1tCOR9fAt8=,+Qw+C8jsAGf9p6FawSM0U0g8ITs=
-25,11,xhOi+/o14BW4EdPqW1tCOR9fAt8=,aVhJlPfpQV1EDgjzJlKBepox8bw=
-24,11,xhOi+/o14BW4EdPqW1tCOR9fAt8=,w1kipcHVhwImf/+DNTz164v2am0=
-24,13,KDmzSa6XqqLewynPZLsFB1LpCbU=,+Qw+C8jsAGf9p6FawSM0U0g8ITs=
-24,14,KDmzSa6XqqLewynPZLsFB1LpCbU=,qohzC86oL+BvYg1+zqACLUKdGRE=
-25,14,KDmzSa6XqqLewynPZLsFB1LpCbU=,GrsfjIBfx1If6h/bNYi/PJ+IAm8=
-25,13,KDmzSa6XqqLewynPZLsFB1LpCbU=,32brD7uAVhRU9eIOHz3l8N6c5CI=
-23,15,KDmzSa6XqqLewynPZLsFB1LpCbU=,qohzC86oL+BvYg1+zqACLUKdGRE=
-23,13,KDmzSa6XqqLewynPZLsFB1LpCbU=,+Qw+C8jsAGf9p6FawSM0U0g8ITs=
-23,14,KDmzSa6XqqLewynPZLsFB1LpCbU=,qohzC86oL+BvYg1+zqACLUKdGRE=
-23,10,ynDNA6/g2lovVH1OWXS2dqILW14=,w1kipcHVhwImf/+DNTz164v2am0=
-23,9,ynDNA6/g2lovVH1OWXS2dqILW14=,whiTEZFeZbkRQsQDqh0BorzOJDA=
-24,9,F3bL5/OD32dYxqEhXCWip+yOLCA=,whiTEZFeZbkRQsQDqh0BorzOJDA=
-25,9,F3bL5/OD32dYxqEhXCWip+yOLCA=,Bc8FHoKKUp82ZmICOPDurka2PSM=
-25,8,F3bL5/OD32dYxqEhXCWip+yOLCA=,Bc8FHoKKUp82ZmICOPDurka2PSM=
-25,7,F3bL5/OD32dYxqEhXCWip+yOLCA=,3rhq9nQj8QneMzByuIWRXRQAXaM=
-24,7,F3bL5/OD32dYxqEhXCWip+yOLCA=,Bfp2QMrqO3b/vIn+OHkXhvny1mc=
-24,8,F3bL5/OD32dYxqEhXCWip+yOLCA=,whiTEZFeZbkRQsQDqh0BorzOJDA=
-24,10,F3bL5/OD32dYxqEhXCWip+yOLCA=,w1kipcHVhwImf/+DNTz164v2am0=
-25,10,F3bL5/OD32dYxqEhXCWip+yOLCA=,aVhJlPfpQV1EDgjzJlKBepox8bw=
-23,8,F3bL5/OD32dYxqEhXCWip+yOLCA=,whiTEZFeZbkRQsQDqh0BorzOJDA=
-23,7,F3bL5/OD32dYxqEhXCWip+yOLCA=,Bfp2QMrqO3b/vIn+OHkXhvny1mc=
-23,6,SjgKyD1CGj7HXG0kkbVV0ZeWPm4=,Bfp2QMrqO3b/vIn+OHkXhvny1mc=
-23,5,SjgKyD1CGj7HXG0kkbVV0ZeWPm4=,dWJwwyj3/GybC8+WK1tq8/7VzIg=
-23,4,SjgKyD1CGj7HXG0kkbVV0ZeWPm4=,dWJwwyj3/GybC8+WK1tq8/7VzIg=
-23,3,SjgKyD1CGj7HXG0kkbVV0ZeWPm4=,bBEKoyA+UERleA5PtcA2fnHXSPo=
-24,15,5e9PgDwFKJrKpntnOfFTkNMoog4=,qohzC86oL+BvYg1+zqACLUKdGRE=
-25,15,5e9PgDwFKJrKpntnOfFTkNMoog4=,GrsfjIBfx1If6h/bNYi/PJ+IAm8=
-24,2,5e9PgDwFKJrKpntnOfFTkNMoog4=,bBEKoyA+UERleA5PtcA2fnHXSPo=
-24,1,5e9PgDwFKJrKpntnOfFTkNMoog4=,otOsbHs8oXjrHoPl0cI8yo4sznM=
-24,0,5e9PgDwFKJrKpntnOfFTkNMoog4=,otOsbHs8oXjrHoPl0cI8yo4sznM=
-25,1,5e9PgDwFKJrKpntnOfFTkNMoog4=,uJlgmQW13lc3PxppGjbtPi9G+yo=
-25,2,5e9PgDwFKJrKpntnOfFTkNMoog4=,hMrj/OHv971Zpl/FkhcGUDxbnIE=
-25,0,5e9PgDwFKJrKpntnOfFTkNMoog4=,uJlgmQW13lc3PxppGjbtPi9G+yo=
-23,2,5e9PgDwFKJrKpntnOfFTkNMoog4=,bBEKoyA+UERleA5PtcA2fnHXSPo=
-23,1,5e9PgDwFKJrKpntnOfFTkNMoog4=,otOsbHs8oXjrHoPl0cI8yo4sznM=
-23,0,5e9PgDwFKJrKpntnOfFTkNMoog4=,otOsbHs8oXjrHoPl0cI8yo4sznM=
-25,6,5e9PgDwFKJrKpntnOfFTkNMoog4=,3rhq9nQj8QneMzByuIWRXRQAXaM=
-25,5,+fNORL8LuVM9aJu0on+gVVioN4o=,ZSODS/LZkxD4d/cIIWTehoennJk=
-24,6,+fNORL8LuVM9aJu0on+gVVioN4o=,Bfp2QMrqO3b/vIn+OHkXhvny1mc=
-24,5,+fNORL8LuVM9aJu0on+gVVioN4o=,dWJwwyj3/GybC8+WK1tq8/7VzIg=
-25,3,+fNORL8LuVM9aJu0on+gVVioN4o=,hMrj/OHv971Zpl/FkhcGUDxbnIE=
-24,3,+fNORL8LuVM9aJu0on+gVVioN4o=,bBEKoyA+UERleA5PtcA2fnHXSPo=
-24,4,+fNORL8LuVM9aJu0on+gVVioN4o=,dWJwwyj3/GybC8+WK1tq8/7VzIg=
-25,4,+fNORL8LuVM9aJu0on+gVVioN4o=,ZSODS/LZkxD4d/cIIWTehoennJk=
-24,25,Vcl4NbO1Pp5lw4tWHe95FofLqaY=,xbEIATU92/P1s8rQKBrZ6Z/xqRk=
-25,25,Vcl4NbO1Pp5lw4tWHe95FofLqaY=,1x9aA4goqTaIg5D9Uq8/YAbrMJg=
-23,22,t36hPy8AOH197fve0YVPUxUP/C8=,QObzgfgsDJVPMg5GnLXbli3yjl4=
-22,22,t36hPy8AOH197fve0YVPUxUP/C8=,gmIDnOBthkQ/sMvKS6I8qlTdOew=
-23,21,t36hPy8AOH197fve0YVPUxUP/C8=,csxStp5AxL74YE1jIZbL2msZ3CM=
-20,22,wcWPcJ77QcFIV6/HdZwhWip1UJU=,dsBj757y4Pz4zhElZghoyj59hic=
-21,22,wcWPcJ77QcFIV6/HdZwhWip1UJU=,gmIDnOBthkQ/sMvKS6I8qlTdOew=
-19,25,wcWPcJ77QcFIV6/HdZwhWip1UJU=,psbMDYrFmk7SQsut2n8QfNFPXrY=
-18,25,wcWPcJ77QcFIV6/HdZwhWip1UJU=,pJ7PbPft9DIFtUmK1vVoUUUoR3o=
-19,23,wcWPcJ77QcFIV6/HdZwhWip1UJU=,dsBj757y4Pz4zhElZghoyj59hic=
-18,23,wcWPcJ77QcFIV6/HdZwhWip1UJU=,s5UqX3wra7tpl4hrmLoi8P5bp4E=
-18,24,wcWPcJ77QcFIV6/HdZwhWip1UJU=,pJ7PbPft9DIFtUmK1vVoUUUoR3o=
-19,24,wcWPcJ77QcFIV6/HdZwhWip1UJU=,psbMDYrFmk7SQsut2n8QfNFPXrY=
-18,22,jhXjwpu3nfnaulzJgRtLzAXtVRM=,s5UqX3wra7tpl4hrmLoi8P5bp4E=
-19,22,jhXjwpu3nfnaulzJgRtLzAXtVRM=,dsBj757y4Pz4zhElZghoyj59hic=
-23,20,XRarr+9P5sFuUpnNTp3FsYLq5bI=,csxStp5AxL74YE1jIZbL2msZ3CM=
-23,19,XRarr+9P5sFuUpnNTp3FsYLq5bI=,vBferpz/ucb0+aSXpuxLEUAqZYM=
-17,25,XRarr+9P5sFuUpnNTp3FsYLq5bI=,pJ7PbPft9DIFtUmK1vVoUUUoR3o=
-17,23,XRarr+9P5sFuUpnNTp3FsYLq5bI=,s5UqX3wra7tpl4hrmLoi8P5bp4E=
-17,24,XRarr+9P5sFuUpnNTp3FsYLq5bI=,pJ7PbPft9DIFtUmK1vVoUUUoR3o=
-17,22,XRarr+9P5sFuUpnNTp3FsYLq5bI=,s5UqX3wra7tpl4hrmLoi8P5bp4E=
-25,18,zT2bRO53c5zz8rkl9k59BUh9B9I=,PGOsneI3ouGQsg4gk6vu4fwM5RI=
-25,16,zT2bRO53c5zz8rkl9k59BUh9B9I=,k4vXNlAoiCeRNwhZKZO8wdcr98M=
-24,17,zT2bRO53c5zz8rkl9k59BUh9B9I=,tLmDOVGpG5wnmtXql9YmYkD0agE=
-25,17,zT2bRO53c5zz8rkl9k59BUh9B9I=,k4vXNlAoiCeRNwhZKZO8wdcr98M=
-24,16,zT2bRO53c5zz8rkl9k59BUh9B9I=,tLmDOVGpG5wnmtXql9YmYkD0agE=
-24,18,zT2bRO53c5zz8rkl9k59BUh9B9I=,vBferpz/ucb0+aSXpuxLEUAqZYM=
-23,24,zT2bRO53c5zz8rkl9k59BUh9B9I=,xbEIATU92/P1s8rQKBrZ6Z/xqRk=
-21,25,zT2bRO53c5zz8rkl9k59BUh9B9I=,nWbx8HQUdulKmDFZkL/LV83chO0=
-20,24,zT2bRO53c5zz8rkl9k59BUh9B9I=,psbMDYrFmk7SQsut2n8QfNFPXrY=
-22,24,zT2bRO53c5zz8rkl9k59BUh9B9I=,nWbx8HQUdulKmDFZkL/LV83chO0=
-22,23,zT2bRO53c5zz8rkl9k59BUh9B9I=,gmIDnOBthkQ/sMvKS6I8qlTdOew=
-23,25,zT2bRO53c5zz8rkl9k59BUh9B9I=,xbEIATU92/P1s8rQKBrZ6Z/xqRk=
-21,23,zT2bRO53c5zz8rkl9k59BUh9B9I=,gmIDnOBthkQ/sMvKS6I8qlTdOew=
-21,24,zT2bRO53c5zz8rkl9k59BUh9B9I=,nWbx8HQUdulKmDFZkL/LV83chO0=
-20,25,zT2bRO53c5zz8rkl9k59BUh9B9I=,psbMDYrFmk7SQsut2n8QfNFPXrY=
-20,23,zT2bRO53c5zz8rkl9k59BUh9B9I=,dsBj757y4Pz4zhElZghoyj59hic=
-22,25,zT2bRO53c5zz8rkl9k59BUh9B9I=,nWbx8HQUdulKmDFZkL/LV83chO0=
-23,23,zT2bRO53c5zz8rkl9k59BUh9B9I=,QObzgfgsDJVPMg5GnLXbli3yjl4=
-24,20,zT2bRO53c5zz8rkl9k59BUh9B9I=,csxStp5AxL74YE1jIZbL2msZ3CM=
-25,19,zT2bRO53c5zz8rkl9k59BUh9B9I=,PGOsneI3ouGQsg4gk6vu4fwM5RI=
-25,20,zT2bRO53c5zz8rkl9k59BUh9B9I=,IhBx5RGCT+XgP5cZ3UgIH1k/fS8=
-24,19,zT2bRO53c5zz8rkl9k59BUh9B9I=,vBferpz/ucb0+aSXpuxLEUAqZYM=
-23,16,zT2bRO53c5zz8rkl9k59BUh9B9I=,tLmDOVGpG5wnmtXql9YmYkD0agE=
-23,17,zT2bRO53c5zz8rkl9k59BUh9B9I=,tLmDOVGpG5wnmtXql9YmYkD0agE=
-23,18,zT2bRO53c5zz8rkl9k59BUh9B9I=,vBferpz/ucb0+aSXpuxLEUAqZYM=
-24,23,zT2bRO53c5zz8rkl9k59BUh9B9I=,QObzgfgsDJVPMg5GnLXbli3yjl4=
-25,24,zT2bRO53c5zz8rkl9k59BUh9B9I=,1x9aA4goqTaIg5D9Uq8/YAbrMJg=
-25,21,zT2bRO53c5zz8rkl9k59BUh9B9I=,IhBx5RGCT+XgP5cZ3UgIH1k/fS8=
-24,22,zT2bRO53c5zz8rkl9k59BUh9B9I=,QObzgfgsDJVPMg5GnLXbli3yjl4=
-24,21,zT2bRO53c5zz8rkl9k59BUh9B9I=,csxStp5AxL74YE1jIZbL2msZ3CM=
-24,24,zT2bRO53c5zz8rkl9k59BUh9B9I=,xbEIATU92/P1s8rQKBrZ6Z/xqRk=
-25,23,zT2bRO53c5zz8rkl9k59BUh9B9I=,17RJUJzKfgvEZ/M/S29jYj3quCE=
-25,22,zT2bRO53c5zz8rkl9k59BUh9B9I=,17RJUJzKfgvEZ/M/S29jYj3quCE=
-3,22,2oU1ND/tsfcYjDpfkciBNN1lld4=,4ommU6IJji+Th3fc9qex6XuqR+M=
-2,22,2oU1ND/tsfcYjDpfkciBNN1lld4=,zurPrHduJUPQDflxVBzCN0ujOVM=
-3,25,5j3nufAy5nHzbjfNPV7mmThRDjA=,5Y1FKomQ02H+zTa4bkct3y65Vwg=
-2,25,5j3nufAy5nHzbjfNPV7mmThRDjA=,+7yPtl8Az16/S8S5QiWyFy92RQg=
-2,23,5j3nufAy5nHzbjfNPV7mmThRDjA=,zurPrHduJUPQDflxVBzCN0ujOVM=
-3,24,5j3nufAy5nHzbjfNPV7mmThRDjA=,5Y1FKomQ02H+zTa4bkct3y65Vwg=
-2,24,5j3nufAy5nHzbjfNPV7mmThRDjA=,+7yPtl8Az16/S8S5QiWyFy92RQg=
-3,23,5j3nufAy5nHzbjfNPV7mmThRDjA=,4ommU6IJji+Th3fc9qex6XuqR+M=
-4,25,5j3nufAy5nHzbjfNPV7mmThRDjA=,5Y1FKomQ02H+zTa4bkct3y65Vwg=
-5,25,5j3nufAy5nHzbjfNPV7mmThRDjA=,fCHJO2cK2TmFKu0AbxNJ+FhrTFk=
-5,23,5G8Zfd0zL3QTQT/7vrNj4KAPc8Y=,P/sbaqHxXkBJdNJPDk90rgwfgz4=
-4,24,5G8Zfd0zL3QTQT/7vrNj4KAPc8Y=,5Y1FKomQ02H+zTa4bkct3y65Vwg=
-4,23,5G8Zfd0zL3QTQT/7vrNj4KAPc8Y=,4ommU6IJji+Th3fc9qex6XuqR+M=
-5,24,5G8Zfd0zL3QTQT/7vrNj4KAPc8Y=,fCHJO2cK2TmFKu0AbxNJ+FhrTFk=
-6,25,5G8Zfd0zL3QTQT/7vrNj4KAPc8Y=,fCHJO2cK2TmFKu0AbxNJ+FhrTFk=
-7,25,5G8Zfd0zL3QTQT/7vrNj4KAPc8Y=,iFlLZyfu6AMPFpFjfauPI/ayT9A=
-4,22,ZlpPlFgUy1GhsKb8/fMCyrrJlOc=,4ommU6IJji+Th3fc9qex6XuqR+M=
-5,22,ZlpPlFgUy1GhsKb8/fMCyrrJlOc=,P/sbaqHxXkBJdNJPDk90rgwfgz4=
-7,24,ZlpPlFgUy1GhsKb8/fMCyrrJlOc=,iFlLZyfu6AMPFpFjfauPI/ayT9A=
-6,23,ZlpPlFgUy1GhsKb8/fMCyrrJlOc=,P/sbaqHxXkBJdNJPDk90rgwfgz4=
-6,24,ZlpPlFgUy1GhsKb8/fMCyrrJlOc=,fCHJO2cK2TmFKu0AbxNJ+FhrTFk=
-7,23,ZlpPlFgUy1GhsKb8/fMCyrrJlOc=,dIjX3eIV/E8IhnQC/sO9WW8YD7w=
-7,22,lflMhOuUXgf5qYg1n0OwGE0J6jY=,dIjX3eIV/E8IhnQC/sO9WW8YD7w=
-6,22,lflMhOuUXgf5qYg1n0OwGE0J6jY=,P/sbaqHxXkBJdNJPDk90rgwfgz4=
-8,22,hw7KtVQUSbs3HxTaFOcg9NwX+vo=,dIjX3eIV/E8IhnQC/sO9WW8YD7w=
-9,22,hw7KtVQUSbs3HxTaFOcg9NwX+vo=,DhSXrNdxXsYLcfUISatLmaap/9s=
-11,22,yi0FA0zxX7tijwD363poJg+wCPs=,d6ZKimKq0L5FLktQ126WSj5TkwY=
-10,22,yi0FA0zxX7tijwD363poJg+wCPs=,DhSXrNdxXsYLcfUISatLmaap/9s=
-12,22,UWZc6WUqpMJuo1rlaY7zn4sxX8g=,d6ZKimKq0L5FLktQ126WSj5TkwY=
-13,22,UWZc6WUqpMJuo1rlaY7zn4sxX8g=,+Eq+hzH7jQy/fCFNEnejQcRsMkc=
-14,24,SrML/bqkgWjOkLZQpxHmC85ffeI=,aJMqrPW7h9IeBMs+dH2R/9c0IsE=
-15,23,SrML/bqkgWjOkLZQpxHmC85ffeI=,O8wr6T2r8kfta4Fyrt1Y9ffZBN0=
-15,24,SrML/bqkgWjOkLZQpxHmC85ffeI=,Pno16d/Q7v8hn1/mEeCPuKR7QlQ=
-14,25,SrML/bqkgWjOkLZQpxHmC85ffeI=,aJMqrPW7h9IeBMs+dH2R/9c0IsE=
-14,23,SrML/bqkgWjOkLZQpxHmC85ffeI=,+Eq+hzH7jQy/fCFNEnejQcRsMkc=
-15,25,SrML/bqkgWjOkLZQpxHmC85ffeI=,Pno16d/Q7v8hn1/mEeCPuKR7QlQ=
-12,24,SrML/bqkgWjOkLZQpxHmC85ffeI=,a0SLiAcbAMcJgO0+jM+RU8jLNUc=
-13,23,SrML/bqkgWjOkLZQpxHmC85ffeI=,+Eq+hzH7jQy/fCFNEnejQcRsMkc=
-13,25,SrML/bqkgWjOkLZQpxHmC85ffeI=,aJMqrPW7h9IeBMs+dH2R/9c0IsE=
-12,23,SrML/bqkgWjOkLZQpxHmC85ffeI=,d6ZKimKq0L5FLktQ126WSj5TkwY=
-13,24,SrML/bqkgWjOkLZQpxHmC85ffeI=,aJMqrPW7h9IeBMs+dH2R/9c0IsE=
-12,25,SrML/bqkgWjOkLZQpxHmC85ffeI=,a0SLiAcbAMcJgO0+jM+RU8jLNUc=
-14,22,SrML/bqkgWjOkLZQpxHmC85ffeI=,+Eq+hzH7jQy/fCFNEnejQcRsMkc=
-15,22,SrML/bqkgWjOkLZQpxHmC85ffeI=,O8wr6T2r8kfta4Fyrt1Y9ffZBN0=
-8,25,QolQU2MUau1mzobFdD5Sd/kIjwU=,iFlLZyfu6AMPFpFjfauPI/ayT9A=
-9,25,QolQU2MUau1mzobFdD5Sd/kIjwU=,NLwr5wv/ZsUSIyfh6FzJH+Yixb4=
-10,25,QolQU2MUau1mzobFdD5Sd/kIjwU=,NLwr5wv/ZsUSIyfh6FzJH+Yixb4=
-10,24,QolQU2MUau1mzobFdD5Sd/kIjwU=,NLwr5wv/ZsUSIyfh6FzJH+Yixb4=
-11,25,QolQU2MUau1mzobFdD5Sd/kIjwU=,a0SLiAcbAMcJgO0+jM+RU8jLNUc=
-9,23,QolQU2MUau1mzobFdD5Sd/kIjwU=,DhSXrNdxXsYLcfUISatLmaap/9s=
-8,24,QolQU2MUau1mzobFdD5Sd/kIjwU=,iFlLZyfu6AMPFpFjfauPI/ayT9A=
-9,24,QolQU2MUau1mzobFdD5Sd/kIjwU=,NLwr5wv/ZsUSIyfh6FzJH+Yixb4=
-11,23,QolQU2MUau1mzobFdD5Sd/kIjwU=,d6ZKimKq0L5FLktQ126WSj5TkwY=
-8,23,QolQU2MUau1mzobFdD5Sd/kIjwU=,dIjX3eIV/E8IhnQC/sO9WW8YD7w=
-11,24,QolQU2MUau1mzobFdD5Sd/kIjwU=,a0SLiAcbAMcJgO0+jM+RU8jLNUc=
-10,23,QolQU2MUau1mzobFdD5Sd/kIjwU=,DhSXrNdxXsYLcfUISatLmaap/9s=
-1,22,QolQU2MUau1mzobFdD5Sd/kIjwU=,zurPrHduJUPQDflxVBzCN0ujOVM=
-1,25,QolQU2MUau1mzobFdD5Sd/kIjwU=,+7yPtl8Az16/S8S5QiWyFy92RQg=
-1,23,QolQU2MUau1mzobFdD5Sd/kIjwU=,zurPrHduJUPQDflxVBzCN0ujOVM=
-1,24,QolQU2MUau1mzobFdD5Sd/kIjwU=,+7yPtl8Az16/S8S5QiWyFy92RQg=
-16,22,QolQU2MUau1mzobFdD5Sd/kIjwU=,O8wr6T2r8kfta4Fyrt1Y9ffZBN0=
-16,25,QolQU2MUau1mzobFdD5Sd/kIjwU=,Pno16d/Q7v8hn1/mEeCPuKR7QlQ=
-16,23,QolQU2MUau1mzobFdD5Sd/kIjwU=,O8wr6T2r8kfta4Fyrt1Y9ffZBN0=
-16,24,QolQU2MUau1mzobFdD5Sd/kIjwU=,Pno16d/Q7v8hn1/mEeCPuKR7QlQ=
