2,1,0O9FAPZ8d9JhDzc9y7KsL6YjfX0=,88NvQ9qcmk2Q9Hy9B90W0Zx8EF8=
2,2,0O9FAPZ8d9JhDzc9y7KsL6YjfX0=,fJ6UmOXhaYwH3PxWoxDQbU0L0mc=
1,2,0O9FAPZ8d9JhDzc9y7KsL6YjfX0=,slg3ltpV2Iy1SHA6Ie99c3rPfQU=
1,1,0O9FAPZ8d9JhDzc9y7KsL6YjfX0=,JO/7oGSY03BjTxxQDRIEUEpXyDc=
2,4,Lg83jTgz5Rp5P5xw+mLxoIgNEP0=,611PCh6nH7Pq0B4bjvZLuh2mJBM=
2,3,m426S+Unplv8ZMycHYtuuEk4/vE=,fJ6UmOXhaYwH3PxWoxDQbU0L0mc=
1,4,Lg83jTgz5Rp5P5xw+mLxoIgNEP0=,+tI9O4KOYlF8SF+EmBNfCj6ODKs=
1,3,m426S+Unplv8ZMycHYtuuEk4/vE=,slg3ltpV2Iy1SHA6Ie99c3rPfQU=
2,5,jTheI6VodrOFp8gKo+Urszmi64M=,611PCh6nH7Pq0B4bjvZLuh2mJBM=
2,6,yofKWdn85Y55xr3HQDuLle6v8qs=,WeSlJkbLF3Nq1pWx9DGgYV7/i44=
1,6,yofKWdn85Y55xr3HQDuLle6v8qs=,NpaBiRwPDAGrDdcNHTs9HEoEUCo=
1,5,jTheI6VodrOFp8gKo+Urszmi64M=,+tI9O4KOYlF8SF+EmBNfCj6ODKs=
2,8,rjNkfJkOLw0l8Nuot+RzsWdj/rA=,kIz4Vkpc6nm1stAHLBOSsVqV7Fs=
2,7,rjNkfJkOLw0l8Nuot+RzsWdj/rA=,WeSlJkbLF3Nq1pWx9DGgYV7/i44=
1,8,kocQjt4yzSxKj6xkkigfBeKLkZ4=,31/kzEngR1svI6Ne4pVO6+YSc2s=
1,7,rjNkfJkOLw0l8Nuot+RzsWdj/rA=,NpaBiRwPDAGrDdcNHTs9HEoEUCo=
2,9,rjNkfJkOLw0l8Nuot+RzsWdj/rA=,kIz4Vkpc6nm1stAHLBOSsVqV7Fs=
2,10,rjNkfJkOLw0l8Nuot+RzsWdj/rA=,6HENKankzSMgVY7BkMaNvsrWCeQ=
1,10,kocQjt4yzSxKj6xkkigfBeKLkZ4=,JnRlEGbV9R4VNbEemCJ7UVRTesc=
1,9,kocQjt4yzSxKj6xkkigfBeKLkZ4=,31/kzEngR1svI6Ne4pVO6+YSc2s=
2,13,rjNkfJkOLw0l8Nuot+RzsWdj/rA=,XVx4PRMTL+yVuvkt9Iup/bixy48=
2,12,rjNkfJkOLw0l8Nuot+RzsWdj/rA=,XVx4PRMTL+yVuvkt9Iup/bixy48=
2,14,QtU4HRuvEoYGcpa31PqrN2wDj1o=,0EmqaEdfv4dMVVOmLm1LlOK8nN8=
2,11,rjNkfJkOLw0l8Nuot+RzsWdj/rA=,6HENKankzSMgVY7BkMaNvsrWCeQ=
1,14,QtU4HRuvEoYGcpa31PqrN2wDj1o=,d0zIiajcsGGTVv0EDBb6/zlOq9Y=
1,13,8cCwHKy0vkjAShAaFC5xOP6cGjs=,m1Cwq+jTHPwbL4LB8N6bsCUyIA8=
1,12,8cCwHKy0vkjAShAaFC5xOP6cGjs=,m1Cwq+jTHPwbL4LB8N6bsCUyIA8=
1,11,8cCwHKy0vkjAShAaFC5xOP6cGjs=,JnRlEGbV9R4VNbEemCJ7UVRTesc=
4,14,hI09nIh64FYjUfLqPK7Xx+kQB8U=,gh8qXE52TC3UTQEUsNqhK5d8pYw=
4,13,S4SScDJj+fuwbsXFZdzvmY7ss7o=,i4nw6NBTqoxm3d7CW25GDHOGzBs=
3,13,S4SScDJj+fuwbsXFZdzvmY7ss7o=,XVx4PRMTL+yVuvkt9Iup/bixy48=
3,14,hI09nIh64FYjUfLqPK7Xx+kQB8U=,0EmqaEdfv4dMVVOmLm1LlOK8nN8=
4,11,I+CIjlFkgmqDwFeouY/azyUhQ3Y=,kLyhewMXuIKe4KjG7Unv0IcFna0=
4,12,I+CIjlFkgmqDwFeouY/azyUhQ3Y=,i4nw6NBTqoxm3d7CW25GDHOGzBs=
3,12,I+CIjlFkgmqDwFeouY/azyUhQ3Y=,XVx4PRMTL+yVuvkt9Iup/bixy48=
3,11,I+CIjlFkgmqDwFeouY/azyUhQ3Y=,6HENKankzSMgVY7BkMaNvsrWCeQ=
4,10,I+CIjlFkgmqDwFeouY/azyUhQ3Y=,kLyhewMXuIKe4KjG7Unv0IcFna0=
4,9,I+CIjlFkgmqDwFeouY/azyUhQ3Y=,I/xxftTKelnL51OI932mZe27Ah8=
4,8,I+CIjlFkgmqDwFeouY/azyUhQ3Y=,I/xxftTKelnL51OI932mZe27Ah8=
4,7,I+CIjlFkgmqDwFeouY/azyUhQ3Y=,9K7WogJvEyMsDWjt890bR5o8soo=
3,9,I+CIjlFkgmqDwFeouY/azyUhQ3Y=,kIz4Vkpc6nm1stAHLBOSsVqV7Fs=
3,8,I+CIjlFkgmqDwFeouY/azyUhQ3Y=,kIz4Vkpc6nm1stAHLBOSsVqV7Fs=
3,10,I+CIjlFkgmqDwFeouY/azyUhQ3Y=,6HENKankzSMgVY7BkMaNvsrWCeQ=
3,7,I+CIjlFkgmqDwFeouY/azyUhQ3Y=,WeSlJkbLF3Nq1pWx9DGgYV7/i44=
4,6,m1kdpcT8XhVHWLB+hycm8zzEob4=,9K7WogJvEyMsDWjt890bR5o8soo=
4,5,m1kdpcT8XhVHWLB+hycm8zzEob4=,WfXjTY7rJMWbvjgLngnY2uRyzHA=
3,5,4VDvilHlMvdmDxAmLtAYqbQDwTY=,611PCh6nH7Pq0B4bjvZLuh2mJBM=
3,6,m1kdpcT8XhVHWLB+hycm8zzEob4=,WeSlJkbLF3Nq1pWx9DGgYV7/i44=
4,3,Sp3jdzm/cqyeEIKkkVhCua0Dowg=,CmBnPU/z6+qzKTLX/h3LBTRnrco=
4,4,m1kdpcT8XhVHWLB+hycm8zzEob4=,WfXjTY7rJMWbvjgLngnY2uRyzHA=
3,4,Sp3jdzm/cqyeEIKkkVhCua0Dowg=,611PCh6nH7Pq0B4bjvZLuh2mJBM=
3,3,VVY7LnC5BebBU0RUeo6EaWTJX6E=,fJ6UmOXhaYwH3PxWoxDQbU0L0mc=
4,2,Lg83jTgz5Rp5P5xw+mLxoIgNEP0=,CmBnPU/z6+qzKTLX/h3LBTRnrco=
4,1,hotfOEUagWnqQoKZ9aJqCCVY++I=,XOON+PgxJNCbUmZWgUJ9ToXtgX0=
3,1,hotfOEUagWnqQoKZ9aJqCCVY++I=,88NvQ9qcmk2Q9Hy9B90W0Zx8EF8=
3,2,hotfOEUagWnqQoKZ9aJqCCVY++I=,fJ6UmOXhaYwH3PxWoxDQbU0L0mc=
6,3,hVi3dwLIHlvC5YboSEbPg8hK7Qs=,v+3e7PwgXLY6rywgk2i5MLN+7QY=
6,4,VVY7LnC5BebBU0RUeo6EaWTJX6E=,jDTN2n32iP5DjuULuPRjUeF1BOk=
5,3,CWUG2kpsU5tB4b2fIkAsVz1bqqo=,CmBnPU/z6+qzKTLX/h3LBTRnrco=
5,4,1Ruv3xBWtZVPAxqOPsvK/Ky24Rc=,WfXjTY7rJMWbvjgLngnY2uRyzHA=
6,1,hotfOEUagWnqQoKZ9aJqCCVY++I=,M9XXDerr1Syd6wRAqkcZ50jaBCk=
6,2,XjFlsqatxQkGs1Zh3dsg7gSSvIw=,v+3e7PwgXLY6rywgk2i5MLN+7QY=
5,2,CWUG2kpsU5tB4b2fIkAsVz1bqqo=,CmBnPU/z6+qzKTLX/h3LBTRnrco=
5,1,hotfOEUagWnqQoKZ9aJqCCVY++I=,XOON+PgxJNCbUmZWgUJ9ToXtgX0=
6,5,VVY7LnC5BebBU0RUeo6EaWTJX6E=,jDTN2n32iP5DjuULuPRjUeF1BOk=
6,6,VVY7LnC5BebBU0RUeo6EaWTJX6E=,T4uAl8+W/V5S+tzgCylFgdV+9sw=
5,6,1Ruv3xBWtZVPAxqOPsvK/Ky24Rc=,9K7WogJvEyMsDWjt890bR5o8soo=
5,5,1Ruv3xBWtZVPAxqOPsvK/Ky24Rc=,WfXjTY7rJMWbvjgLngnY2uRyzHA=
6,8,VVY7LnC5BebBU0RUeo6EaWTJX6E=,yRw1y33JOJCMwHvjIAtZnCiaHmE=
6,7,VVY7LnC5BebBU0RUeo6EaWTJX6E=,T4uAl8+W/V5S+tzgCylFgdV+9sw=
5,8,1Ruv3xBWtZVPAxqOPsvK/Ky24Rc=,I/xxftTKelnL51OI932mZe27Ah8=
5,7,1Ruv3xBWtZVPAxqOPsvK/Ky24Rc=,9K7WogJvEyMsDWjt890bR5o8soo=
6,9,VVY7LnC5BebBU0RUeo6EaWTJX6E=,yRw1y33JOJCMwHvjIAtZnCiaHmE=
6,10,DUGiu8POw6Jjgd839hOVjR6acTU=,yTBZW7yZthzqn7acf5mYPed+cOY=
5,10,DUGiu8POw6Jjgd839hOVjR6acTU=,kLyhewMXuIKe4KjG7Unv0IcFna0=
5,9,DUGiu8POw6Jjgd839hOVjR6acTU=,I/xxftTKelnL51OI932mZe27Ah8=
6,11,DUGiu8POw6Jjgd839hOVjR6acTU=,yTBZW7yZthzqn7acf5mYPed+cOY=
6,13,DUGiu8POw6Jjgd839hOVjR6acTU=,R6TRNV1H2mHNld9sQpO+lAsk5dg=
6,12,DUGiu8POw6Jjgd839hOVjR6acTU=,R6TRNV1H2mHNld9sQpO+lAsk5dg=
6,14,hI09nIh64FYjUfLqPK7Xx+kQB8U=,2ohSmZgiR+92qljYperoQPxvtXI=
5,11,DUGiu8POw6Jjgd839hOVjR6acTU=,kLyhewMXuIKe4KjG7Unv0IcFna0=
5,13,DUGiu8POw6Jjgd839hOVjR6acTU=,i4nw6NBTqoxm3d7CW25GDHOGzBs=
5,12,DUGiu8POw6Jjgd839hOVjR6acTU=,i4nw6NBTqoxm3d7CW25GDHOGzBs=
5,14,hI09nIh64FYjUfLqPK7Xx+kQB8U=,gh8qXE52TC3UTQEUsNqhK5d8pYw=
8,10,NU+sb/5PPl9Z1yeG+dV2Luxfn3k=,1/y+pQNOPplzXYRJ4vtU7Ny4ns0=
8,9,NU+sb/5PPl9Z1yeG+dV2Luxfn3k=,XQ3HuH6nsaU+BMY0ZS0tqvXJHDA=
7,9,VVY7LnC5BebBU0RUeo6EaWTJX6E=,yRw1y33JOJCMwHvjIAtZnCiaHmE=
7,10,NU+sb/5PPl9Z1yeG+dV2Luxfn3k=,yTBZW7yZthzqn7acf5mYPed+cOY=
8,12,NU+sb/5PPl9Z1yeG+dV2Luxfn3k=,htc9MRwG/JhNSKTL3cBGO9TNPnc=
8,11,NU+sb/5PPl9Z1yeG+dV2Luxfn3k=,1/y+pQNOPplzXYRJ4vtU7Ny4ns0=
7,11,NU+sb/5PPl9Z1yeG+dV2Luxfn3k=,yTBZW7yZthzqn7acf5mYPed+cOY=
7,12,NU+sb/5PPl9Z1yeG+dV2Luxfn3k=,R6TRNV1H2mHNld9sQpO+lAsk5dg=
8,7,VVY7LnC5BebBU0RUeo6EaWTJX6E=,RzRh+jwMOowSbV+inmpAjZvHyRU=
8,8,5EWg3Zlh6ZhFe0VP70si6b64mXw=,XQ3HuH6nsaU+BMY0ZS0tqvXJHDA=
7,8,VVY7LnC5BebBU0RUeo6EaWTJX6E=,yRw1y33JOJCMwHvjIAtZnCiaHmE=
7,7,VVY7LnC5BebBU0RUeo6EaWTJX6E=,T4uAl8+W/V5S+tzgCylFgdV+9sw=
8,6,J7xBhtfbZ2y4haViEdARKE4MzcI=,RzRh+jwMOowSbV+inmpAjZvHyRU=
8,5,S0H2A10oG2XBdtkeicF5DoB8I8Q=,P+TQHOWOOGD6oGIZ6vgYXTgOAFQ=
7,5,S0H2A10oG2XBdtkeicF5DoB8I8Q=,jDTN2n32iP5DjuULuPRjUeF1BOk=
7,6,J7xBhtfbZ2y4haViEdARKE4MzcI=,T4uAl8+W/V5S+tzgCylFgdV+9sw=
8,4,S0H2A10oG2XBdtkeicF5DoB8I8Q=,P+TQHOWOOGD6oGIZ6vgYXTgOAFQ=
8,3,hVi3dwLIHlvC5YboSEbPg8hK7Qs=,OD+D/VB7rAi5aQug1P4OBPQjNdc=
7,3,hVi3dwLIHlvC5YboSEbPg8hK7Qs=,v+3e7PwgXLY6rywgk2i5MLN+7QY=
7,4,S0H2A10oG2XBdtkeicF5DoB8I8Q=,jDTN2n32iP5DjuULuPRjUeF1BOk=
8,2,MeiF/3H5HZSPfQPxW9lQ3kSctNk=,OD+D/VB7rAi5aQug1P4OBPQjNdc=
8,1,kzhH4YsATs+k1if6Up34qCUc9U0=,TENTkGAtuT9Y8QVKsHVAz3TFAlg=
7,1,kzhH4YsATs+k1if6Up34qCUc9U0=,M9XXDerr1Syd6wRAqkcZ50jaBCk=
7,2,MeiF/3H5HZSPfQPxW9lQ3kSctNk=,v+3e7PwgXLY6rywgk2i5MLN+7QY=
10,5,S0H2A10oG2XBdtkeicF5DoB8I8Q=,qggRYRJrQlrhreLmCtVRzY0LSYE=
9,5,S0H2A10oG2XBdtkeicF5DoB8I8Q=,P+TQHOWOOGD6oGIZ6vgYXTgOAFQ=
10,6,S0H2A10oG2XBdtkeicF5DoB8I8Q=,F+PklNBKYYQH9rbRPLqJAWxXTxE=
9,6,S0H2A10oG2XBdtkeicF5DoB8I8Q=,RzRh+jwMOowSbV+inmpAjZvHyRU=
10,4,2U4UKPbiKAj4RaLN+xCVnk7OrSw=,qggRYRJrQlrhreLmCtVRzY0LSYE=
10,7,2U4UKPbiKAj4RaLN+xCVnk7OrSw=,F+PklNBKYYQH9rbRPLqJAWxXTxE=
10,8,2U4UKPbiKAj4RaLN+xCVnk7OrSw=,QNkqvsI3+6MhTyhdC8L5zh0Dak0=
9,3,GM2NyOb36chgaRfPrq3JEVzqgEA=,OD+D/VB7rAi5aQug1P4OBPQjNdc=
10,3,2U4UKPbiKAj4RaLN+xCVnk7OrSw=,NJ/SA2XAhfcKTJQaDz3UIAD4RWk=
9,4,2U4UKPbiKAj4RaLN+xCVnk7OrSw=,P+TQHOWOOGD6oGIZ6vgYXTgOAFQ=
9,7,2U4UKPbiKAj4RaLN+xCVnk7OrSw=,RzRh+jwMOowSbV+inmpAjZvHyRU=
9,8,pPLRQkPLZF93mAmEq4+VKAzB4b4=,XQ3HuH6nsaU+BMY0ZS0tqvXJHDA=
10,9,m426S+Unplv8ZMycHYtuuEk4/vE=,QNkqvsI3+6MhTyhdC8L5zh0Dak0=
10,10,pPLRQkPLZF93mAmEq4+VKAzB4b4=,QbrquuzGvCCg/m31WQjVTQC6pR8=
9,9,pPLRQkPLZF93mAmEq4+VKAzB4b4=,XQ3HuH6nsaU+BMY0ZS0tqvXJHDA=
9,10,pPLRQkPLZF93mAmEq4+VKAzB4b4=,1/y+pQNOPplzXYRJ4vtU7Ny4ns0=
10,12,pPLRQkPLZF93mAmEq4+VKAzB4b4=,9joM7K13qeFhqalALLYQ3yrFSMw=
10,11,pPLRQkPLZF93mAmEq4+VKAzB4b4=,QbrquuzGvCCg/m31WQjVTQC6pR8=
9,12,pPLRQkPLZF93mAmEq4+VKAzB4b4=,htc9MRwG/JhNSKTL3cBGO9TNPnc=
9,11,pPLRQkPLZF93mAmEq4+VKAzB4b4=,1/y+pQNOPplzXYRJ4vtU7Ny4ns0=
12,11,NbHEnOhw0L5tec69UjK7EKqAqSo=,TmTRqFoiSARBpYgjF70bLh4YAGo=
12,14,VVY7LnC5BebBU0RUeo6EaWTJX6E=,UEc8YLjIFLClAEBm1gVnDWtUxOU=
12,13,NbHEnOhw0L5tec69UjK7EKqAqSo=,tv72n2PKLRnSK/6aRcCeUTqDUFw=
12,12,NbHEnOhw0L5tec69UjK7EKqAqSo=,tv72n2PKLRnSK/6aRcCeUTqDUFw=
11,13,NbHEnOhw0L5tec69UjK7EKqAqSo=,9joM7K13qeFhqalALLYQ3yrFSMw=
11,12,NbHEnOhw0L5tec69UjK7EKqAqSo=,9joM7K13qeFhqalALLYQ3yrFSMw=
11,14,TnF1mVSoIfHdgO8IXR+m8BYkJ0U=,N0puobmwAWtiZI4fJdLmLcvBnhI=
11,11,NbHEnOhw0L5tec69UjK7EKqAqSo=,QbrquuzGvCCg/m31WQjVTQC6pR8=
12,10,NbHEnOhw0L5tec69UjK7EKqAqSo=,TmTRqFoiSARBpYgjF70bLh4YAGo=
12,9,DGuC735jteI3QdrB1o/Rym4iLzI=,xnz2aj0K9EYZpGPTcwZGEipcVXg=
11,9,m426S+Unplv8ZMycHYtuuEk4/vE=,QNkqvsI3+6MhTyhdC8L5zh0Dak0=
11,10,DGuC735jteI3QdrB1o/Rym4iLzI=,QbrquuzGvCCg/m31WQjVTQC6pR8=
12,7,jTheI6VodrOFp8gKo+Urszmi64M=,bT2iz72ZlwKKmQHqTuri/wfuNRo=
12,8,DGuC735jteI3QdrB1o/Rym4iLzI=,xnz2aj0K9EYZpGPTcwZGEipcVXg=
11,7,m426S+Unplv8ZMycHYtuuEk4/vE=,F+PklNBKYYQH9rbRPLqJAWxXTxE=
11,8,m426S+Unplv8ZMycHYtuuEk4/vE=,QNkqvsI3+6MhTyhdC8L5zh0Dak0=
12,6,IgIpLtlNjgozFtaeSB1QWd2/1cw=,bT2iz72ZlwKKmQHqTuri/wfuNRo=
12,5,m426S+Unplv8ZMycHYtuuEk4/vE=,WpYdVKPTj30yzVFFnwJWNn3mmqI=
11,5,m426S+Unplv8ZMycHYtuuEk4/vE=,qggRYRJrQlrhreLmCtVRzY0LSYE=
11,6,m426S+Unplv8ZMycHYtuuEk4/vE=,F+PklNBKYYQH9rbRPLqJAWxXTxE=
12,3,IgIpLtlNjgozFtaeSB1QWd2/1cw=,NxwBRN4m5SmEmNvbTLUswwJZndk=
12,4,m426S+Unplv8ZMycHYtuuEk4/vE=,WpYdVKPTj30yzVFFnwJWNn3mmqI=
11,4,m426S+Unplv8ZMycHYtuuEk4/vE=,qggRYRJrQlrhreLmCtVRzY0LSYE=
11,3,m426S+Unplv8ZMycHYtuuEk4/vE=,NJ/SA2XAhfcKTJQaDz3UIAD4RWk=
14,3,W7vdggi8iNOxTeD4J1Qutw4zGwM=,2wkVuyY1+hYbKKMjzvct3lPPJHc=
14,1,W7vdggi8iNOxTeD4J1Qutw4zGwM=,caf1L1PPamsvWFfoo44NIbV194g=
14,4,m426S+Unplv8ZMycHYtuuEk4/vE=,FA8a3S7NV1dWzSFodoVxLcKLaI8=
13,3,QtU4HRuvEoYGcpa31PqrN2wDj1o=,NxwBRN4m5SmEmNvbTLUswwJZndk=
13,4,m426S+Unplv8ZMycHYtuuEk4/vE=,WpYdVKPTj30yzVFFnwJWNn3mmqI=
14,2,W7vdggi8iNOxTeD4J1Qutw4zGwM=,2wkVuyY1+hYbKKMjzvct3lPPJHc=
12,2,Nt5FtSRcdAaUkAG9HVmkqmyt2nc=,NxwBRN4m5SmEmNvbTLUswwJZndk=
12,1,W7vdggi8iNOxTeD4J1Qutw4zGwM=,bVX7QUaLdOWiNRcTFSiFYMynXgw=
11,1,Nt5FtSRcdAaUkAG9HVmkqmyt2nc=,OTkB/1vsb/ADLd1yU7VyGmT/CA8=
13,1,W7vdggi8iNOxTeD4J1Qutw4zGwM=,bVX7QUaLdOWiNRcTFSiFYMynXgw=
10,1,y7ZnI2/sGanTGcDkSSfTaNzw33A=,OTkB/1vsb/ADLd1yU7VyGmT/CA8=
14,5,m426S+Unplv8ZMycHYtuuEk4/vE=,FA8a3S7NV1dWzSFodoVxLcKLaI8=
11,2,m426S+Unplv8ZMycHYtuuEk4/vE=,NJ/SA2XAhfcKTJQaDz3UIAD4RWk=
14,6,jTheI6VodrOFp8gKo+Urszmi64M=,oXhV7K+w5InFRLJ8RbK+9PjzJW0=
10,2,m426S+Unplv8ZMycHYtuuEk4/vE=,NJ/SA2XAhfcKTJQaDz3UIAD4RWk=
13,6,jTheI6VodrOFp8gKo+Urszmi64M=,bT2iz72ZlwKKmQHqTuri/wfuNRo=
9,2,4ws7EHk/pfFivLaXeyr+WfKG2w4=,OD+D/VB7rAi5aQug1P4OBPQjNdc=
13,5,m426S+Unplv8ZMycHYtuuEk4/vE=,WpYdVKPTj30yzVFFnwJWNn3mmqI=
9,1,m426S+Unplv8ZMycHYtuuEk4/vE=,TENTkGAtuT9Y8QVKsHVAz3TFAlg=
13,2,QtU4HRuvEoYGcpa31PqrN2wDj1o=,NxwBRN4m5SmEmNvbTLUswwJZndk=
15,5,m426S+Unplv8ZMycHYtuuEk4/vE=,FA8a3S7NV1dWzSFodoVxLcKLaI8=
15,6,4VDvilHlMvdmDxAmLtAYqbQDwTY=,oXhV7K+w5InFRLJ8RbK+9PjzJW0=
15,7,Nt5FtSRcdAaUkAG9HVmkqmyt2nc=,oXhV7K+w5InFRLJ8RbK+9PjzJW0=
15,3,Nij/zhMyyrqjFNBD2WEureXC5rY=,2wkVuyY1+hYbKKMjzvct3lPPJHc=
15,4,m426S+Unplv8ZMycHYtuuEk4/vE=,FA8a3S7NV1dWzSFodoVxLcKLaI8=
14,7,Nt5FtSRcdAaUkAG9HVmkqmyt2nc=,oXhV7K+w5InFRLJ8RbK+9PjzJW0=
15,8,Nij/zhMyyrqjFNBD2WEureXC5rY=,LcSQgAzgtezO+1hXMOr/Abehilk=
14,8,Nij/zhMyyrqjFNBD2WEureXC5rY=,LcSQgAzgtezO+1hXMOr/Abehilk=
13,7,Nt5FtSRcdAaUkAG9HVmkqmyt2nc=,bT2iz72ZlwKKmQHqTuri/wfuNRo=
15,13,Nij/zhMyyrqjFNBD2WEureXC5rY=,XIv3qqrortLV8RPXyJU7Ytz69e4=
15,1,Nij/zhMyyrqjFNBD2WEureXC5rY=,caf1L1PPamsvWFfoo44NIbV194g=
14,13,Nij/zhMyyrqjFNBD2WEureXC5rY=,XIv3qqrortLV8RPXyJU7Ytz69e4=
15,14,TnF1mVSoIfHdgO8IXR+m8BYkJ0U=,Z6RMww7ZQV3RpNVafXBcryEDtJo=
13,13,Nij/zhMyyrqjFNBD2WEureXC5rY=,tv72n2PKLRnSK/6aRcCeUTqDUFw=
15,2,Nij/zhMyyrqjFNBD2WEureXC5rY=,2wkVuyY1+hYbKKMjzvct3lPPJHc=
14,14,TnF1mVSoIfHdgO8IXR+m8BYkJ0U=,Z6RMww7ZQV3RpNVafXBcryEDtJo=
13,14,VVY7LnC5BebBU0RUeo6EaWTJX6E=,UEc8YLjIFLClAEBm1gVnDWtUxOU=
13,8,Nij/zhMyyrqjFNBD2WEureXC5rY=,xnz2aj0K9EYZpGPTcwZGEipcVXg=
14,0,Nij/zhMyyrqjFNBD2WEureXC5rY=,caf1L1PPamsvWFfoo44NIbV194g=
13,0,Nij/zhMyyrqjFNBD2WEureXC5rY=,bVX7QUaLdOWiNRcTFSiFYMynXgw=
12,0,Nij/zhMyyrqjFNBD2WEureXC5rY=,bVX7QUaLdOWiNRcTFSiFYMynXgw=
10,0,4VDvilHlMvdmDxAmLtAYqbQDwTY=,OTkB/1vsb/ADLd1yU7VyGmT/CA8=
11,0,Nt5FtSRcdAaUkAG9HVmkqmyt2nc=,OTkB/1vsb/ADLd1yU7VyGmT/CA8=
15,9,Nij/zhMyyrqjFNBD2WEureXC5rY=,LcSQgAzgtezO+1hXMOr/Abehilk=
9,0,m426S+Unplv8ZMycHYtuuEk4/vE=,TENTkGAtuT9Y8QVKsHVAz3TFAlg=
14,9,Nij/zhMyyrqjFNBD2WEureXC5rY=,LcSQgAzgtezO+1hXMOr/Abehilk=
8,0,m426S+Unplv8ZMycHYtuuEk4/vE=,TENTkGAtuT9Y8QVKsHVAz3TFAlg=
6,0,hotfOEUagWnqQoKZ9aJqCCVY++I=,M9XXDerr1Syd6wRAqkcZ50jaBCk=
5,0,hotfOEUagWnqQoKZ9aJqCCVY++I=,XOON+PgxJNCbUmZWgUJ9ToXtgX0=
7,0,m426S+Unplv8ZMycHYtuuEk4/vE=,M9XXDerr1Syd6wRAqkcZ50jaBCk=
13,9,Nij/zhMyyrqjFNBD2WEureXC5rY=,xnz2aj0K9EYZpGPTcwZGEipcVXg=
13,10,Nij/zhMyyrqjFNBD2WEureXC5rY=,TmTRqFoiSARBpYgjF70bLh4YAGo=
13,12,Nij/zhMyyrqjFNBD2WEureXC5rY=,tv72n2PKLRnSK/6aRcCeUTqDUFw=
4,0,m426S+Unplv8ZMycHYtuuEk4/vE=,XOON+PgxJNCbUmZWgUJ9ToXtgX0=
15,12,Nij/zhMyyrqjFNBD2WEureXC5rY=,XIv3qqrortLV8RPXyJU7Ytz69e4=
13,11,Nij/zhMyyrqjFNBD2WEureXC5rY=,TmTRqFoiSARBpYgjF70bLh4YAGo=
14,12,Nij/zhMyyrqjFNBD2WEureXC5rY=,XIv3qqrortLV8RPXyJU7Ytz69e4=
1,0,m426S+Unplv8ZMycHYtuuEk4/vE=,JO/7oGSY03BjTxxQDRIEUEpXyDc=
2,0,m426S+Unplv8ZMycHYtuuEk4/vE=,88NvQ9qcmk2Q9Hy9B90W0Zx8EF8=
0,2,m426S+Unplv8ZMycHYtuuEk4/vE=,slg3ltpV2Iy1SHA6Ie99c3rPfQU=
15,11,Nij/zhMyyrqjFNBD2WEureXC5rY=,9j8BbSzTjL2z9PoxKWI7/52pcNI=
14,11,Nij/zhMyyrqjFNBD2WEureXC5rY=,9j8BbSzTjL2z9PoxKWI7/52pcNI=
0,1,m426S+Unplv8ZMycHYtuuEk4/vE=,JO/7oGSY03BjTxxQDRIEUEpXyDc=
3,0,m426S+Unplv8ZMycHYtuuEk4/vE=,88NvQ9qcmk2Q9Hy9B90W0Zx8EF8=
15,10,Nij/zhMyyrqjFNBD2WEureXC5rY=,9j8BbSzTjL2z9PoxKWI7/52pcNI=
0,11,HNj+ceIU7QHoz4Tucw6a7VBF30s=,JnRlEGbV9R4VNbEemCJ7UVRTesc=
14,10,Nij/zhMyyrqjFNBD2WEureXC5rY=,9j8BbSzTjL2z9PoxKWI7/52pcNI=
0,14,TnF1mVSoIfHdgO8IXR+m8BYkJ0U=,d0zIiajcsGGTVv0EDBb6/zlOq9Y=
0,12,HNj+ceIU7QHoz4Tucw6a7VBF30s=,m1Cwq+jTHPwbL4LB8N6bsCUyIA8=
0,0,m426S+Unplv8ZMycHYtuuEk4/vE=,JO/7oGSY03BjTxxQDRIEUEpXyDc=
0,13,kocQjt4yzSxKj6xkkigfBeKLkZ4=,m1Cwq+jTHPwbL4LB8N6bsCUyIA8=
0,15,TnF1mVSoIfHdgO8IXR+m8BYkJ0U=,d0zIiajcsGGTVv0EDBb6/zlOq9Y=
2,15,TnF1mVSoIfHdgO8IXR+m8BYkJ0U=,0EmqaEdfv4dMVVOmLm1LlOK8nN8=
4,15,hI09nIh64FYjUfLqPK7Xx+kQB8U=,gh8qXE52TC3UTQEUsNqhK5d8pYw=
1,15,TnF1mVSoIfHdgO8IXR+m8BYkJ0U=,d0zIiajcsGGTVv0EDBb6/zlOq9Y=
3,15,hI09nIh64FYjUfLqPK7Xx+kQB8U=,0EmqaEdfv4dMVVOmLm1LlOK8nN8=
6,15,hI09nIh64FYjUfLqPK7Xx+kQB8U=,2ohSmZgiR+92qljYperoQPxvtXI=
12,15,VVY7LnC5BebBU0RUeo6EaWTJX6E=,UEc8YLjIFLClAEBm1gVnDWtUxOU=
5,15,hI09nIh64FYjUfLqPK7Xx+kQB8U=,gh8qXE52TC3UTQEUsNqhK5d8pYw=
11,15,TnF1mVSoIfHdgO8IXR+m8BYkJ0U=,N0puobmwAWtiZI4fJdLmLcvBnhI=
14,15,TnF1mVSoIfHdgO8IXR+m8BYkJ0U=,Z6RMww7ZQV3RpNVafXBcryEDtJo=
13,15,VVY7LnC5BebBU0RUeo6EaWTJX6E=,UEc8YLjIFLClAEBm1gVnDWtUxOU=
0,10,kocQjt4yzSxKj6xkkigfBeKLkZ4=,JnRlEGbV9R4VNbEemCJ7UVRTesc=
15,15,TnF1mVSoIfHdgO8IXR+m8BYkJ0U=,Z6RMww7ZQV3RpNVafXBcryEDtJo=
0,4,jTheI6VodrOFp8gKo+Urszmi64M=,+tI9O4KOYlF8SF+EmBNfCj6ODKs=
0,6,Nij/zhMyyrqjFNBD2WEureXC5rY=,NpaBiRwPDAGrDdcNHTs9HEoEUCo=
0,3,m426S+Unplv8ZMycHYtuuEk4/vE=,slg3ltpV2Iy1SHA6Ie99c3rPfQU=
0,5,Nt5FtSRcdAaUkAG9HVmkqmyt2nc=,+tI9O4KOYlF8SF+EmBNfCj6ODKs=
0,9,kocQjt4yzSxKj6xkkigfBeKLkZ4=,31/kzEngR1svI6Ne4pVO6+YSc2s=
0,7,Nij/zhMyyrqjFNBD2WEureXC5rY=,NpaBiRwPDAGrDdcNHTs9HEoEUCo=
0,8,kocQjt4yzSxKj6xkkigfBeKLkZ4=,31/kzEngR1svI6Ne4pVO6+YSc2s=
15,0,Nij/zhMyyrqjFNBD2WEureXC5rY=,caf1L1PPamsvWFfoo44NIbV194g=
7,15,TnF1mVSoIfHdgO8IXR+m8BYkJ0U=,2ohSmZgiR+92qljYperoQPxvtXI=
10,15,TnF1mVSoIfHdgO8IXR+m8BYkJ0U=,N0puobmwAWtiZI4fJdLmLcvBnhI=
8,13,Nij/zhMyyrqjFNBD2WEureXC5rY=,htc9MRwG/JhNSKTL3cBGO9TNPnc=
10,13,Nij/zhMyyrqjFNBD2WEureXC5rY=,9joM7K13qeFhqalALLYQ3yrFSMw=
10,14,TnF1mVSoIfHdgO8IXR+m8BYkJ0U=,N0puobmwAWtiZI4fJdLmLcvBnhI=
7,14,TnF1mVSoIfHdgO8IXR+m8BYkJ0U=,2ohSmZgiR+92qljYperoQPxvtXI=
7,13,Nij/zhMyyrqjFNBD2WEureXC5rY=,R6TRNV1H2mHNld9sQpO+lAsk5dg=
9,13,Nij/zhMyyrqjFNBD2WEureXC5rY=,htc9MRwG/JhNSKTL3cBGO9TNPnc=
8,15,TnF1mVSoIfHdgO8IXR+m8BYkJ0U=,TSqBbM5oDK+mflLrx4IogXQjqqQ=
9,15,TnF1mVSoIfHdgO8IXR+m8BYkJ0U=,TSqBbM5oDK+mflLrx4IogXQjqqQ=
8,14,TnF1mVSoIfHdgO8IXR+m8BYkJ0U=,TSqBbM5oDK+mflLrx4IogXQjqqQ=
9,14,TnF1mVSoIfHdgO8IXR+m8BYkJ0U=,TSqBbM5oDK+mflLrx4IogXQjqqQ=
17,5,fh9CczHjt+GDa4RLb9nwtq++p5Y=,t3CN7QFiJpffm8ZUQljnZzYwkvg=
18,6,ybr1d2L7mfIfqIAE1fE/J2bfyEU=,dIFiaUd/g1JsF/z2t0CL4cAkKh8=
18,5,ybr1d2L7mfIfqIAE1fE/J2bfyEU=,j6fGHqI7TbU6lm6Ejbr6XR17tY0=
17,6,hnaibHNfrWr/askmBW8Z9jt9lLw=,0ESPRYYImJM/VhAT8K/wP0ePrq8=
17,8,FsS4JPxJSnp7VODZ+SL+Md7sO2I=,TZ74Q4z8IDQZaUsC6AN9qPHPjYM=
18,7,ybr1d2L7mfIfqIAE1fE/J2bfyEU=,dIFiaUd/g1JsF/z2t0CL4cAkKh8=
18,9,ybr1d2L7mfIfqIAE1fE/J2bfyEU=,UX1jfsA38fZ8uDJbyfR1tu/it24=
17,10,FsS4JPxJSnp7VODZ+SL+Md7sO2I=,DyG/UJDDiB1kJ4YEBDCNI9vXGcQ=
18,10,hnaibHNfrWr/askmBW8Z9jt9lLw=,uIiXxH1nTh+ozDF+csYtoQEabmM=
18,8,ybr1d2L7mfIfqIAE1fE/J2bfyEU=,UX1jfsA38fZ8uDJbyfR1tu/it24=
17,7,hnaibHNfrWr/askmBW8Z9jt9lLw=,0ESPRYYImJM/VhAT8K/wP0ePrq8=
20,9,XwN3BJBvlgiVSQjAw+wKZHWiTaQ=,GUHdNi7cL2cTlGzyUnpwGA6JGkw=
20,7,XwN3BJBvlgiVSQjAw+wKZHWiTaQ=,wbZqN09D7Fy+cirx3NHwAAxu2t8=
17,9,FsS4JPxJSnp7VODZ+SL+Md7sO2I=,TZ74Q4z8IDQZaUsC6AN9qPHPjYM=
19,8,POkiLnAn/NeJi6EPDZk7Pbvj0P0=,UX1jfsA38fZ8uDJbyfR1tu/it24=
19,9,goNkOcC3MalHWHdoMUs+nRFUgBY=,UX1jfsA38fZ8uDJbyfR1tu/it24=
20,10,XwN3BJBvlgiVSQjAw+wKZHWiTaQ=,o+Qcqd+3CZ0WE6clr7R+ESPqYpI=
19,10,XwN3BJBvlgiVSQjAw+wKZHWiTaQ=,uIiXxH1nTh+ozDF+csYtoQEabmM=
20,8,XwN3BJBvlgiVSQjAw+wKZHWiTaQ=,GUHdNi7cL2cTlGzyUnpwGA6JGkw=
19,7,POkiLnAn/NeJi6EPDZk7Pbvj0P0=,dIFiaUd/g1JsF/z2t0CL4cAkKh8=
16,10,gk/779zIUT0BKvBxH2L14WOKIB0=,DyG/UJDDiB1kJ4YEBDCNI9vXGcQ=
16,9,gk/779zIUT0BKvBxH2L14WOKIB0=,TZ74Q4z8IDQZaUsC6AN9qPHPjYM=
16,8,gk/779zIUT0BKvBxH2L14WOKIB0=,TZ74Q4z8IDQZaUsC6AN9qPHPjYM=
16,7,hnaibHNfrWr/askmBW8Z9jt9lLw=,0ESPRYYImJM/VhAT8K/wP0ePrq8=
16,6,hnaibHNfrWr/askmBW8Z9jt9lLw=,0ESPRYYImJM/VhAT8K/wP0ePrq8=
16,5,gk/779zIUT0BKvBxH2L14WOKIB0=,t3CN7QFiJpffm8ZUQljnZzYwkvg=
19,12,goNkOcC3MalHWHdoMUs+nRFUgBY=,aO89ZzbuvL6/o/BATy0tVEN2Eig=
19,11,9uBKG0pxCOtkti/u/88PC9v+/hk=,uIiXxH1nTh+ozDF+csYtoQEabmM=
20,11,9uBKG0pxCOtkti/u/88PC9v+/hk=,o+Qcqd+3CZ0WE6clr7R+ESPqYpI=
18,13,7pk67oBOBQ0+0x2VPZuKfnj18tk=,aO89ZzbuvL6/o/BATy0tVEN2Eig=
16,13,zcC0Tg10lM/kHHyl1MqFSTCgVeM=,sAnPT8aLzeYHrPZTirMpLwzAVeA=
16,11,zcC0Tg10lM/kHHyl1MqFSTCgVeM=,DyG/UJDDiB1kJ4YEBDCNI9vXGcQ=
17,11,zcC0Tg10lM/kHHyl1MqFSTCgVeM=,DyG/UJDDiB1kJ4YEBDCNI9vXGcQ=
18,14,7pk67oBOBQ0+0x2VPZuKfnj18tk=,MJHm/968yZUS9N2JbWB1CysLNpE=
16,12,dj+xrMkmPb9VJi2kn3ruOCeV58o=,sAnPT8aLzeYHrPZTirMpLwzAVeA=
18,11,jh+hhVQjAFoJ9llxJ+YcwP032YY=,uIiXxH1nTh+ozDF+csYtoQEabmM=
16,14,u3QMnOSYXCCz7i+Df8mEdmZAWEI=,5FmEe5Zkgud3NrioFGHCPH0sguk=
17,12,dj+xrMkmPb9VJi2kn3ruOCeV58o=,sAnPT8aLzeYHrPZTirMpLwzAVeA=
18,12,7pk67oBOBQ0+0x2VPZuKfnj18tk=,aO89ZzbuvL6/o/BATy0tVEN2Eig=
17,13,dj+xrMkmPb9VJi2kn3ruOCeV58o=,sAnPT8aLzeYHrPZTirMpLwzAVeA=
17,14,u3QMnOSYXCCz7i+Df8mEdmZAWEI=,5FmEe5Zkgud3NrioFGHCPH0sguk=
20,6,XwN3BJBvlgiVSQjAw+wKZHWiTaQ=,wbZqN09D7Fy+cirx3NHwAAxu2t8=
19,5,POkiLnAn/NeJi6EPDZk7Pbvj0P0=,j6fGHqI7TbU6lm6Ejbr6XR17tY0=
19,6,POkiLnAn/NeJi6EPDZk7Pbvj0P0=,dIFiaUd/g1JsF/z2t0CL4cAkKh8=
19,4,7pk67oBOBQ0+0x2VPZuKfnj18tk=,j6fGHqI7TbU6lm6Ejbr6XR17tY0=
17,3,IOUSHUoT8kdRBYgbSJri9EXdqy0=,N4z3Va1snKETHHxilQhREv9AYHQ=
20,3,yJkL72Osc5ckVLpyHXDjPhF81ec=,+P7ZLUkiyQEvTQKx+t3dvlG4DH4=
18,3,ybr1d2L7mfIfqIAE1fE/J2bfyEU=,ZkW0QvH3cJZtYC/RemZeof1KSpg=
17,4,IOUSHUoT8kdRBYgbSJri9EXdqy0=,t3CN7QFiJpffm8ZUQljnZzYwkvg=
19,3,7pk67oBOBQ0+0x2VPZuKfnj18tk=,ZkW0QvH3cJZtYC/RemZeof1KSpg=
18,4,ybr1d2L7mfIfqIAE1fE/J2bfyEU=,j6fGHqI7TbU6lm6Ejbr6XR17tY0=
18,15,7pk67oBOBQ0+0x2VPZuKfnj18tk=,MJHm/968yZUS9N2JbWB1CysLNpE=
17,15,u3QMnOSYXCCz7i+Df8mEdmZAWEI=,5FmEe5Zkgud3NrioFGHCPH0sguk=
16,15,u3QMnOSYXCCz7i+Df8mEdmZAWEI=,5FmEe5Zkgud3NrioFGHCPH0sguk=
19,14,jpn5RqDmb0QWe61a7u6IBea79Vg=,MJHm/968yZUS9N2JbWB1CysLNpE=
16,4,IOUSHUoT8kdRBYgbSJri9EXdqy0=,t3CN7QFiJpffm8ZUQljnZzYwkvg=
16,3,IOUSHUoT8kdRBYgbSJri9EXdqy0=,N4z3Va1snKETHHxilQhREv9AYHQ=
19,15,7pk67oBOBQ0+0x2VPZuKfnj18tk=,MJHm/968yZUS9N2JbWB1CysLNpE=
21,3,GA7Yjyp9NYURSRTHyu6XjmDPyvk=,+P7ZLUkiyQEvTQKx+t3dvlG4DH4=
21,6,1cMCk/vJ6ZOK5CKNceQ6W4wxAXg=,wbZqN09D7Fy+cirx3NHwAAxu2t8=
21,8,exzbXPm7a5XhS6vaBJCpHVIco5o=,GUHdNi7cL2cTlGzyUnpwGA6JGkw=
21,9,bAhJeXEMCkHcBuVjj3k2KRE914I=,GUHdNi7cL2cTlGzyUnpwGA6JGkw=
21,7,1+sewkvjo/08GgpSb1t1ZfM8ekc=,wbZqN09D7Fy+cirx3NHwAAxu2t8=
21,10,bAhJeXEMCkHcBuVjj3k2KRE914I=,o+Qcqd+3CZ0WE6clr7R+ESPqYpI=
21,11,NCSNnd865REqnt2echGAvXeX6yQ=,o+Qcqd+3CZ0WE6clr7R+ESPqYpI=
21,2,yJkL72Osc5ckVLpyHXDjPhF81ec=,+P7ZLUkiyQEvTQKx+t3dvlG4DH4=
19,13,jpn5RqDmb0QWe61a7u6IBea79Vg=,aO89ZzbuvL6/o/BATy0tVEN2Eig=
19,2,7pk67oBOBQ0+0x2VPZuKfnj18tk=,ZkW0QvH3cJZtYC/RemZeof1KSpg=
20,2,yJkL72Osc5ckVLpyHXDjPhF81ec=,+P7ZLUkiyQEvTQKx+t3dvlG4DH4=
19,1,7pk67oBOBQ0+0x2VPZuKfnj18tk=,PA5dKvs3ch4r/WMSsalq3QLalA8=
19,0,7pk67oBOBQ0+0x2VPZuKfnj18tk=,PA5dKvs3ch4r/WMSsalq3QLalA8=
16,2,IOUSHUoT8kdRBYgbSJri9EXdqy0=,N4z3Va1snKETHHxilQhREv9AYHQ=
18,1,7pk67oBOBQ0+0x2VPZuKfnj18tk=,PA5dKvs3ch4r/WMSsalq3QLalA8=
17,2,IOUSHUoT8kdRBYgbSJri9EXdqy0=,N4z3Va1snKETHHxilQhREv9AYHQ=
18,0,7pk67oBOBQ0+0x2VPZuKfnj18tk=,PA5dKvs3ch4r/WMSsalq3QLalA8=
16,0,IOUSHUoT8kdRBYgbSJri9EXdqy0=,iuUjTMtsLcPmeuuPfyuCYNYuVJY=
16,1,IOUSHUoT8kdRBYgbSJri9EXdqy0=,iuUjTMtsLcPmeuuPfyuCYNYuVJY=
18,2,7pk67oBOBQ0+0x2VPZuKfnj18tk=,ZkW0QvH3cJZtYC/RemZeof1KSpg=
17,0,IOUSHUoT8kdRBYgbSJri9EXdqy0=,iuUjTMtsLcPmeuuPfyuCYNYuVJY=
17,1,IOUSHUoT8kdRBYgbSJri9EXdqy0=,iuUjTMtsLcPmeuuPfyuCYNYuVJY=
9,18,rDDzwVV3LTGdUbzGbJR5pYtUNE4=,SgLn1L2Kixe2KOdjNINWsw0fwGo=
10,18,rDDzwVV3LTGdUbzGbJR5pYtUNE4=,GGzpG6MOIHicJBlsp4/8xSwYrrA=
10,17,gtL5x3awd+ubbgBBJlglUUONO5M=,kHHzcg9u47frRuOlX/aR8YZGPwQ=
9,17,gtL5x3awd+ubbgBBJlglUUONO5M=,zvLuekR9H2CJdG7W0BmV4sg+fts=
12,17,SxQqCvlBCN8mDuiGPJFi9w+KK7o=,Om4dUsn3E0+lPgOXw6AHP69hZXI=
12,18,rDDzwVV3LTGdUbzGbJR5pYtUNE4=,jmek++4z5t5ff5szb8wLmVN4M3g=
11,17,SxQqCvlBCN8mDuiGPJFi9w+KK7o=,kHHzcg9u47frRuOlX/aR8YZGPwQ=
11,18,rDDzwVV3LTGdUbzGbJR5pYtUNE4=,GGzpG6MOIHicJBlsp4/8xSwYrrA=
7,18,rDDzwVV3LTGdUbzGbJR5pYtUNE4=,/5UG/HZOOi0Fi7Ln8M3Km2VIAoI=
7,17,Q0AWk86Lt9NqhbaR6dcfsntzZeg=,bXT2CIaqzFdPCHZU+B26EgZpcYw=
8,18,rDDzwVV3LTGdUbzGbJR5pYtUNE4=,SgLn1L2Kixe2KOdjNINWsw0fwGo=
8,17,Q0AWk86Lt9NqhbaR6dcfsntzZeg=,zvLuekR9H2CJdG7W0BmV4sg+fts=
5,17,Q0AWk86Lt9NqhbaR6dcfsntzZeg=,OoRqnrm6iW6N1nWw93x86g1M2zk=
6,18,rDDzwVV3LTGdUbzGbJR5pYtUNE4=,/5UG/HZOOi0Fi7Ln8M3Km2VIAoI=
5,18,rDDzwVV3LTGdUbzGbJR5pYtUNE4=,tgIZYJTU1aBO8rxzG8HyFt1k1qY=
6,17,Q0AWk86Lt9NqhbaR6dcfsntzZeg=,bXT2CIaqzFdPCHZU+B26EgZpcYw=
5,16,gQjrzIeolamc4izrpq+Pp3lh9SY=,OoRqnrm6iW6N1nWw93x86g1M2zk=
8,16,gQjrzIeolamc4izrpq+Pp3lh9SY=,zvLuekR9H2CJdG7W0BmV4sg+fts=
7,16,gQjrzIeolamc4izrpq+Pp3lh9SY=,bXT2CIaqzFdPCHZU+B26EgZpcYw=
6,16,gQjrzIeolamc4izrpq+Pp3lh9SY=,bXT2CIaqzFdPCHZU+B26EgZpcYw=
3,18,rDDzwVV3LTGdUbzGbJR5pYtUNE4=,RgR8xAz7HpMEtsHExW2IR4IHNs0=
4,17,gQjrzIeolamc4izrpq+Pp3lh9SY=,OoRqnrm6iW6N1nWw93x86g1M2zk=
3,17,gQjrzIeolamc4izrpq+Pp3lh9SY=,QbJkczfErOpOparhUtcci7TV9xE=
4,16,gQjrzIeolamc4izrpq+Pp3lh9SY=,OoRqnrm6iW6N1nWw93x86g1M2zk=
4,18,rDDzwVV3LTGdUbzGbJR5pYtUNE4=,tgIZYJTU1aBO8rxzG8HyFt1k1qY=
3,16,gQjrzIeolamc4izrpq+Pp3lh9SY=,QbJkczfErOpOparhUtcci7TV9xE=
9,16,gQjrzIeolamc4izrpq+Pp3lh9SY=,zvLuekR9H2CJdG7W0BmV4sg+fts=
12,16,gQjrzIeolamc4izrpq+Pp3lh9SY=,Om4dUsn3E0+lPgOXw6AHP69hZXI=
11,16,gQjrzIeolamc4izrpq+Pp3lh9SY=,kHHzcg9u47frRuOlX/aR8YZGPwQ=
10,16,gQjrzIeolamc4izrpq+Pp3lh9SY=,kHHzcg9u47frRuOlX/aR8YZGPwQ=
0,18,rDDzwVV3LTGdUbzGbJR5pYtUNE4=,fSuvXSN2j2RCiuVSH/Ncv7T1cYc=
2,18,rDDzwVV3LTGdUbzGbJR5pYtUNE4=,RgR8xAz7HpMEtsHExW2IR4IHNs0=
1,17,gQjrzIeolamc4izrpq+Pp3lh9SY=,DTwJyTfPtOt+hgkWY2BvGx84IVE=
0,17,gQjrzIeolamc4izrpq+Pp3lh9SY=,DTwJyTfPtOt+hgkWY2BvGx84IVE=
1,18,rDDzwVV3LTGdUbzGbJR5pYtUNE4=,fSuvXSN2j2RCiuVSH/Ncv7T1cYc=
1,16,gQjrzIeolamc4izrpq+Pp3lh9SY=,DTwJyTfPtOt+hgkWY2BvGx84IVE=
2,16,gQjrzIeolamc4izrpq+Pp3lh9SY=,QbJkczfErOpOparhUtcci7TV9xE=
0,16,gQjrzIeolamc4izrpq+Pp3lh9SY=,DTwJyTfPtOt+hgkWY2BvGx84IVE=
2,17,gQjrzIeolamc4izrpq+Pp3lh9SY=,QbJkczfErOpOparhUtcci7TV9xE=
15,18,rDDzwVV3LTGdUbzGbJR5pYtUNE4=,hbrLbq7qD48GR5+plRQuJWk8ubE=
13,16,gQjrzIeolamc4izrpq+Pp3lh9SY=,Om4dUsn3E0+lPgOXw6AHP69hZXI=
13,17,gQjrzIeolamc4izrpq+Pp3lh9SY=,Om4dUsn3E0+lPgOXw6AHP69hZXI=
13,18,rDDzwVV3LTGdUbzGbJR5pYtUNE4=,jmek++4z5t5ff5szb8wLmVN4M3g=
14,18,rDDzwVV3LTGdUbzGbJR5pYtUNE4=,hbrLbq7qD48GR5+plRQuJWk8ubE=
14,17,gQjrzIeolamc4izrpq+Pp3lh9SY=,/H+lvb8FuujscoagqxKruiIih30=
14,16,gQjrzIeolamc4izrpq+Pp3lh9SY=,/H+lvb8FuujscoagqxKruiIih30=
15,17,gQjrzIeolamc4izrpq+Pp3lh9SY=,/H+lvb8FuujscoagqxKruiIih30=
15,16,gQjrzIeolamc4izrpq+Pp3lh9SY=,/H+lvb8FuujscoagqxKruiIih30=
18,18,lg5hBqM8dAFRzUG6mWe3UOMkVwo=,mg4T42T4Xs6RlhflSS6Plqpt69Y=
17,18,lg5hBqM8dAFRzUG6mWe3UOMkVwo=,SevmaUOa9wb6p74///z9F3XuPMI=
18,17,lg5hBqM8dAFRzUG6mWe3UOMkVwo=,UxQCyW7Izg74FgRQEgcvwmWZoPc=
17,17,IWkI1HNt48Ut+XcdL9wrmxCdHIk=,1ooWF6IalQHXwZylDZfo+7rJihE=
18,16,lg5hBqM8dAFRzUG6mWe3UOMkVwo=,UxQCyW7Izg74FgRQEgcvwmWZoPc=
16,17,IWkI1HNt48Ut+XcdL9wrmxCdHIk=,1ooWF6IalQHXwZylDZfo+7rJihE=
17,16,IWkI1HNt48Ut+XcdL9wrmxCdHIk=,1ooWF6IalQHXwZylDZfo+7rJihE=
16,18,lg5hBqM8dAFRzUG6mWe3UOMkVwo=,SevmaUOa9wb6p74///z9F3XuPMI=
16,16,IWkI1HNt48Ut+XcdL9wrmxCdHIk=,1ooWF6IalQHXwZylDZfo+7rJihE=
5,21,8FJKlNpgGXUnaKeQZnDFpZQ027Q=,22vbMH200B7dhgXkw+QqTZlq6Kg=
6,21,8FJKlNpgGXUnaKeQZnDFpZQ027Q=,ljNmyLvnYLNQBOzqJpGDwmJXvBk=
5,20,B+1rd7bA4yczeiEMYh8uNUmtUDQ=,22vbMH200B7dhgXkw+QqTZlq6Kg=
6,20,B+1rd7bA4yczeiEMYh8uNUmtUDQ=,ljNmyLvnYLNQBOzqJpGDwmJXvBk=
5,19,TZg0BTeHhYkWfRHe2+UxslcoUAM=,tgIZYJTU1aBO8rxzG8HyFt1k1qY=
6,19,TZg0BTeHhYkWfRHe2+UxslcoUAM=,/5UG/HZOOi0Fi7Ln8M3Km2VIAoI=
7,19,BfGOkgH1ePBheKQvWwg7n+7IeiE=,/5UG/HZOOi0Fi7Ln8M3Km2VIAoI=
7,20,B+1rd7bA4yczeiEMYh8uNUmtUDQ=,ljNmyLvnYLNQBOzqJpGDwmJXvBk=
8,21,kChepcQEA1hAR4jTiqrLWqJk5rs=,YZRo8VXYwnuNWocThoLbcnVu2ak=
7,21,kChepcQEA1hAR4jTiqrLWqJk5rs=,ljNmyLvnYLNQBOzqJpGDwmJXvBk=
8,20,B+1rd7bA4yczeiEMYh8uNUmtUDQ=,YZRo8VXYwnuNWocThoLbcnVu2ak=
8,19,BfGOkgH1ePBheKQvWwg7n+7IeiE=,SgLn1L2Kixe2KOdjNINWsw0fwGo=
4,20,8FJKlNpgGXUnaKeQZnDFpZQ027Q=,22vbMH200B7dhgXkw+QqTZlq6Kg=
3,20,8FJKlNpgGXUnaKeQZnDFpZQ027Q=,32GEucx9cFUvJWOOyaR7puF/MKk=
4,21,8FJKlNpgGXUnaKeQZnDFpZQ027Q=,22vbMH200B7dhgXkw+QqTZlq6Kg=
3,19,BfGOkgH1ePBheKQvWwg7n+7IeiE=,RgR8xAz7HpMEtsHExW2IR4IHNs0=
4,19,BfGOkgH1ePBheKQvWwg7n+7IeiE=,tgIZYJTU1aBO8rxzG8HyFt1k1qY=
3,21,8FJKlNpgGXUnaKeQZnDFpZQ027Q=,32GEucx9cFUvJWOOyaR7puF/MKk=
1,21,B+1rd7bA4yczeiEMYh8uNUmtUDQ=,TGdE5sg+v+m8fyIB5+n5sME0FbM=
2,21,B+1rd7bA4yczeiEMYh8uNUmtUDQ=,32GEucx9cFUvJWOOyaR7puF/MKk=
9,21,AR973L9ZwqwKbAz9vXqHcnHy9pQ=,YZRo8VXYwnuNWocThoLbcnVu2ak=
10,21,AR973L9ZwqwKbAz9vXqHcnHy9pQ=,zmKdpFhJpHWv4MmD8LgONZhsHyU=
2,19,smqJkcVfqF1HRGPrLTuquDqVsp0=,RgR8xAz7HpMEtsHExW2IR4IHNs0=
2,20,B+1rd7bA4yczeiEMYh8uNUmtUDQ=,32GEucx9cFUvJWOOyaR7puF/MKk=
1,19,smqJkcVfqF1HRGPrLTuquDqVsp0=,fSuvXSN2j2RCiuVSH/Ncv7T1cYc=
1,20,B+1rd7bA4yczeiEMYh8uNUmtUDQ=,TGdE5sg+v+m8fyIB5+n5sME0FbM=
9,20,/BaYf9MHOuhH6uwKFze4WT43YUE=,YZRo8VXYwnuNWocThoLbcnVu2ak=
9,19,smqJkcVfqF1HRGPrLTuquDqVsp0=,SgLn1L2Kixe2KOdjNINWsw0fwGo=
10,19,smqJkcVfqF1HRGPrLTuquDqVsp0=,GGzpG6MOIHicJBlsp4/8xSwYrrA=
10,20,/BaYf9MHOuhH6uwKFze4WT43YUE=,zmKdpFhJpHWv4MmD8LgONZhsHyU=
12,21,xj1qK6WuK9Xp+8+lkHeATeyfV2k=,dsckcA6Lqi1El4PVZvP4UP/pgyI=
11,21,xj1qK6WuK9Xp+8+lkHeATeyfV2k=,zmKdpFhJpHWv4MmD8LgONZhsHyU=
13,21,/BaYf9MHOuhH6uwKFze4WT43YUE=,dsckcA6Lqi1El4PVZvP4UP/pgyI=
14,21,/BaYf9MHOuhH6uwKFze4WT43YUE=,RF7vSTrc8wDfzCLzl4Ks/pz2vqI=
14,20,/BaYf9MHOuhH6uwKFze4WT43YUE=,RF7vSTrc8wDfzCLzl4Ks/pz2vqI=
14,19,rDDzwVV3LTGdUbzGbJR5pYtUNE4=,hbrLbq7qD48GR5+plRQuJWk8ubE=
12,20,/BaYf9MHOuhH6uwKFze4WT43YUE=,dsckcA6Lqi1El4PVZvP4UP/pgyI=
12,19,rDDzwVV3LTGdUbzGbJR5pYtUNE4=,jmek++4z5t5ff5szb8wLmVN4M3g=
13,19,rDDzwVV3LTGdUbzGbJR5pYtUNE4=,jmek++4z5t5ff5szb8wLmVN4M3g=
13,20,/BaYf9MHOuhH6uwKFze4WT43YUE=,dsckcA6Lqi1El4PVZvP4UP/pgyI=
11,20,/BaYf9MHOuhH6uwKFze4WT43YUE=,zmKdpFhJpHWv4MmD8LgONZhsHyU=
11,19,rDDzwVV3LTGdUbzGbJR5pYtUNE4=,GGzpG6MOIHicJBlsp4/8xSwYrrA=
15,20,8FJKlNpgGXUnaKeQZnDFpZQ027Q=,RF7vSTrc8wDfzCLzl4Ks/pz2vqI=
15,19,rDDzwVV3LTGdUbzGbJR5pYtUNE4=,hbrLbq7qD48GR5+plRQuJWk8ubE=
15,21,8FJKlNpgGXUnaKeQZnDFpZQ027Q=,RF7vSTrc8wDfzCLzl4Ks/pz2vqI=
0,20,B+1rd7bA4yczeiEMYh8uNUmtUDQ=,TGdE5sg+v+m8fyIB5+n5sME0FbM=
0,21,B+1rd7bA4yczeiEMYh8uNUmtUDQ=,TGdE5sg+v+m8fyIB5+n5sME0FbM=
0,19,rDDzwVV3LTGdUbzGbJR5pYtUNE4=,fSuvXSN2j2RCiuVSH/Ncv7T1cYc=
21,21,3fT7Gc/mtEVCmZ4Gyt/ytruC3E8=,oi8LDDJC20fqnR4TeGO0hgxLQeE=
21,19,juP/drK/nNw/KN01BPJyDe+X4HQ=,JVnslE9DXTkHZhYPFl9hSFu2I4E=
21,20,juP/drK/nNw/KN01BPJyDe+X4HQ=,oi8LDDJC20fqnR4TeGO0hgxLQeE=
20,21,iBJ2QpDMM6fOWtoDSPE4BNRHWzY=,oi8LDDJC20fqnR4TeGO0hgxLQeE=
19,21,iBJ2QpDMM6fOWtoDSPE4BNRHWzY=,eSE2teUdheXu1kJx/+XsGZUf5Sw=
20,19,aOA+U5DESTYCuRLQp6K9XP+m3es=,JVnslE9DXTkHZhYPFl9hSFu2I4E=
19,19,geJ2AhtXY4Tks5snxV2JS8GA02A=,mg4T42T4Xs6RlhflSS6Plqpt69Y=
19,20,aOA+U5DESTYCuRLQp6K9XP+m3es=,eSE2teUdheXu1kJx/+XsGZUf5Sw=
20,20,aOA+U5DESTYCuRLQp6K9XP+m3es=,oi8LDDJC20fqnR4TeGO0hgxLQeE=
18,19,J9BtbDHs6F15Kvzfwrt9rcQiFvw=,mg4T42T4Xs6RlhflSS6Plqpt69Y=
17,20,aOA+U5DESTYCuRLQp6K9XP+m3es=,Apl6W1Qca4A2TxGDJ3kiBUnUigs=
17,19,J9BtbDHs6F15Kvzfwrt9rcQiFvw=,SevmaUOa9wb6p74///z9F3XuPMI=
18,20,aOA+U5DESTYCuRLQp6K9XP+m3es=,eSE2teUdheXu1kJx/+XsGZUf5Sw=
17,21,Y3lRSOCj5PcuB3p0Z3j5zWy/W0o=,Apl6W1Qca4A2TxGDJ3kiBUnUigs=
18,21,Y3lRSOCj5PcuB3p0Z3j5zWy/W0o=,eSE2teUdheXu1kJx/+XsGZUf5Sw=
16,20,juP/drK/nNw/KN01BPJyDe+X4HQ=,Apl6W1Qca4A2TxGDJ3kiBUnUigs=
16,21,Y3lRSOCj5PcuB3p0Z3j5zWy/W0o=,Apl6W1Qca4A2TxGDJ3kiBUnUigs=
16,19,lg5hBqM8dAFRzUG6mWe3UOMkVwo=,SevmaUOa9wb6p74///z9F3XuPMI=
19,18,lg5hBqM8dAFRzUG6mWe3UOMkVwo=,mg4T42T4Xs6RlhflSS6Plqpt69Y=
20,18,1RChq9CNmcLNJzk5IA8tjxQUxN4=,JVnslE9DXTkHZhYPFl9hSFu2I4E=
20,17,1RChq9CNmcLNJzk5IA8tjxQUxN4=,DwFYghs1S8wrRPNqBVAjl4SVucY=
19,17,lg5hBqM8dAFRzUG6mWe3UOMkVwo=,UxQCyW7Izg74FgRQEgcvwmWZoPc=
21,18,1RChq9CNmcLNJzk5IA8tjxQUxN4=,JVnslE9DXTkHZhYPFl9hSFu2I4E=
21,16,1RChq9CNmcLNJzk5IA8tjxQUxN4=,DwFYghs1S8wrRPNqBVAjl4SVucY=
21,17,1RChq9CNmcLNJzk5IA8tjxQUxN4=,DwFYghs1S8wrRPNqBVAjl4SVucY=
19,16,lg5hBqM8dAFRzUG6mWe3UOMkVwo=,UxQCyW7Izg74FgRQEgcvwmWZoPc=
20,16,1RChq9CNmcLNJzk5IA8tjxQUxN4=,DwFYghs1S8wrRPNqBVAjl4SVucY=
20,13,jh+hhVQjAFoJ9llxJ+YcwP032YY=,HaXmcUePwH0t55LBJ6yF9eSRTjQ=
21,13,jh+hhVQjAFoJ9llxJ+YcwP032YY=,HaXmcUePwH0t55LBJ6yF9eSRTjQ=
20,14,jh+hhVQjAFoJ9llxJ+YcwP032YY=,L0sFZMOBChbAbPRle47EXv75Mrc=
21,14,jh+hhVQjAFoJ9llxJ+YcwP032YY=,L0sFZMOBChbAbPRle47EXv75Mrc=
21,12,NCSNnd865REqnt2echGAvXeX6yQ=,HaXmcUePwH0t55LBJ6yF9eSRTjQ=
20,12,9uBKG0pxCOtkti/u/88PC9v+/hk=,HaXmcUePwH0t55LBJ6yF9eSRTjQ=
20,5,XwN3BJBvlgiVSQjAw+wKZHWiTaQ=,FwQOBG3jT9+GwaOUUYRxZK1YZBo=
21,5,1cMCk/vJ6ZOK5CKNceQ6W4wxAXg=,FwQOBG3jT9+GwaOUUYRxZK1YZBo=
21,4,GA7Yjyp9NYURSRTHyu6XjmDPyvk=,FwQOBG3jT9+GwaOUUYRxZK1YZBo=
20,4,yJkL72Osc5ckVLpyHXDjPhF81ec=,FwQOBG3jT9+GwaOUUYRxZK1YZBo=
21,1,yJkL72Osc5ckVLpyHXDjPhF81ec=,+IX+IBsDo1ApwWZJnhGHx9ZneWU=
20,1,yJkL72Osc5ckVLpyHXDjPhF81ec=,+IX+IBsDo1ApwWZJnhGHx9ZneWU=
20,0,jh+hhVQjAFoJ9llxJ+YcwP032YY=,+IX+IBsDo1ApwWZJnhGHx9ZneWU=
21,0,yJkL72Osc5ckVLpyHXDjPhF81ec=,+IX+IBsDo1ApwWZJnhGHx9ZneWU=
20,15,jh+hhVQjAFoJ9llxJ+YcwP032YY=,L0sFZMOBChbAbPRle47EXv75Mrc=
21,15,jh+hhVQjAFoJ9llxJ+YcwP032YY=,L0sFZMOBChbAbPRle47EXv75Mrc=
9,25,+fNORL8LuVM9aJu0on+gVVioN4o=,Ibhg3WqAFHcsDfQahJ/J2XltcWc=
10,25,+fNORL8LuVM9aJu0on+gVVioN4o=,/29imMKX9/pntgFBDhk0Av96qMU=
10,23,AR973L9ZwqwKbAz9vXqHcnHy9pQ=,uXLPgzY6jX3GkWOKyHYF34soSB8=
10,24,AR973L9ZwqwKbAz9vXqHcnHy9pQ=,/29imMKX9/pntgFBDhk0Av96qMU=
9,23,AR973L9ZwqwKbAz9vXqHcnHy9pQ=,B9IEBCv44WXPEuYQRLzBrsIqLqY=
9,24,AR973L9ZwqwKbAz9vXqHcnHy9pQ=,Ibhg3WqAFHcsDfQahJ/J2XltcWc=
9,22,AR973L9ZwqwKbAz9vXqHcnHy9pQ=,B9IEBCv44WXPEuYQRLzBrsIqLqY=
10,22,AR973L9ZwqwKbAz9vXqHcnHy9pQ=,uXLPgzY6jX3GkWOKyHYF34soSB8=
12,22,xj1qK6WuK9Xp+8+lkHeATeyfV2k=,VFrR+3u0B2+K9mz1/fV8tZthvT8=
11,22,xj1qK6WuK9Xp+8+lkHeATeyfV2k=,uXLPgzY6jX3GkWOKyHYF34soSB8=
13,22,/BaYf9MHOuhH6uwKFze4WT43YUE=,VFrR+3u0B2+K9mz1/fV8tZthvT8=
14,22,/BaYf9MHOuhH6uwKFze4WT43YUE=,WBA0vDQyobwfyKMwwi40Wgr1t3k=
11,24,/BaYf9MHOuhH6uwKFze4WT43YUE=,/29imMKX9/pntgFBDhk0Av96qMU=
12,25,/BaYf9MHOuhH6uwKFze4WT43YUE=,gSADzl8TW5pbbFkmSOCy0U5O6+M=
11,25,/BaYf9MHOuhH6uwKFze4WT43YUE=,/29imMKX9/pntgFBDhk0Av96qMU=
13,25,/BaYf9MHOuhH6uwKFze4WT43YUE=,gSADzl8TW5pbbFkmSOCy0U5O6+M=
14,25,/BaYf9MHOuhH6uwKFze4WT43YUE=,c1Wxws/8ecjHcmmyMEJLaF4C2t4=
12,23,/BaYf9MHOuhH6uwKFze4WT43YUE=,VFrR+3u0B2+K9mz1/fV8tZthvT8=
15,25,/BaYf9MHOuhH6uwKFze4WT43YUE=,c1Wxws/8ecjHcmmyMEJLaF4C2t4=
12,24,/BaYf9MHOuhH6uwKFze4WT43YUE=,gSADzl8TW5pbbFkmSOCy0U5O6+M=
11,23,/BaYf9MHOuhH6uwKFze4WT43YUE=,uXLPgzY6jX3GkWOKyHYF34soSB8=
13,23,/BaYf9MHOuhH6uwKFze4WT43YUE=,VFrR+3u0B2+K9mz1/fV8tZthvT8=
15,24,/BaYf9MHOuhH6uwKFze4WT43YUE=,c1Wxws/8ecjHcmmyMEJLaF4C2t4=
13,24,/BaYf9MHOuhH6uwKFze4WT43YUE=,gSADzl8TW5pbbFkmSOCy0U5O6+M=
14,24,/BaYf9MHOuhH6uwKFze4WT43YUE=,c1Wxws/8ecjHcmmyMEJLaF4C2t4=
15,23,/BaYf9MHOuhH6uwKFze4WT43YUE=,WBA0vDQyobwfyKMwwi40Wgr1t3k=
14,23,/BaYf9MHOuhH6uwKFze4WT43YUE=,WBA0vDQyobwfyKMwwi40Wgr1t3k=
8,25,YlUIorThEPcpDviwcZHiKU2inaM=,Ibhg3WqAFHcsDfQahJ/J2XltcWc=
7,25,YlUIorThEPcpDviwcZHiKU2inaM=,msMZ5ikMc81kHp0D5Totpb9sdoQ=
6,23,kChepcQEA1hAR4jTiqrLWqJk5rs=,EbfiLLR5/3LqcGBISY7+4gTcTXE=
5,23,kChepcQEA1hAR4jTiqrLWqJk5rs=,Wu4J7d05D3gI9ZTedwwQCuEB7JI=
5,25,kChepcQEA1hAR4jTiqrLWqJk5rs=,B2pYoFKYD8DGl2vgzTqSTDsWqmg=
7,23,kChepcQEA1hAR4jTiqrLWqJk5rs=,EbfiLLR5/3LqcGBISY7+4gTcTXE=
7,24,kChepcQEA1hAR4jTiqrLWqJk5rs=,msMZ5ikMc81kHp0D5Totpb9sdoQ=
6,24,kChepcQEA1hAR4jTiqrLWqJk5rs=,msMZ5ikMc81kHp0D5Totpb9sdoQ=
6,25,kChepcQEA1hAR4jTiqrLWqJk5rs=,msMZ5ikMc81kHp0D5Totpb9sdoQ=
5,24,kChepcQEA1hAR4jTiqrLWqJk5rs=,B2pYoFKYD8DGl2vgzTqSTDsWqmg=
7,22,kChepcQEA1hAR4jTiqrLWqJk5rs=,EbfiLLR5/3LqcGBISY7+4gTcTXE=
8,22,kChepcQEA1hAR4jTiqrLWqJk5rs=,B9IEBCv44WXPEuYQRLzBrsIqLqY=
8,24,kChepcQEA1hAR4jTiqrLWqJk5rs=,Ibhg3WqAFHcsDfQahJ/J2XltcWc=
8,23,kChepcQEA1hAR4jTiqrLWqJk5rs=,B9IEBCv44WXPEuYQRLzBrsIqLqY=
3,25,gaZ8lIF8ycnBjGr2PEjpv8f5/eU=,Y155f9OyweXIWkiJ7Ur1HN42/Q0=
4,25,gaZ8lIF8ycnBjGr2PEjpv8f5/eU=,B2pYoFKYD8DGl2vgzTqSTDsWqmg=
6,22,8FJKlNpgGXUnaKeQZnDFpZQ027Q=,EbfiLLR5/3LqcGBISY7+4gTcTXE=
5,22,8FJKlNpgGXUnaKeQZnDFpZQ027Q=,Wu4J7d05D3gI9ZTedwwQCuEB7JI=
3,24,8FJKlNpgGXUnaKeQZnDFpZQ027Q=,Y155f9OyweXIWkiJ7Ur1HN42/Q0=
4,24,8FJKlNpgGXUnaKeQZnDFpZQ027Q=,B2pYoFKYD8DGl2vgzTqSTDsWqmg=
4,23,8FJKlNpgGXUnaKeQZnDFpZQ027Q=,Wu4J7d05D3gI9ZTedwwQCuEB7JI=
3,23,8FJKlNpgGXUnaKeQZnDFpZQ027Q=,XeQw/SaQqEEEoXczprGiGLg0o3g=
4,22,8FJKlNpgGXUnaKeQZnDFpZQ027Q=,Wu4J7d05D3gI9ZTedwwQCuEB7JI=
3,22,8FJKlNpgGXUnaKeQZnDFpZQ027Q=,XeQw/SaQqEEEoXczprGiGLg0o3g=
15,22,8FJKlNpgGXUnaKeQZnDFpZQ027Q=,WBA0vDQyobwfyKMwwi40Wgr1t3k=
0,25,B+1rd7bA4yczeiEMYh8uNUmtUDQ=,Knmvw1JlWGETyFxFREd2NvEfK08=
2,25,B+1rd7bA4yczeiEMYh8uNUmtUDQ=,Y155f9OyweXIWkiJ7Ur1HN42/Q0=
1,25,B+1rd7bA4yczeiEMYh8uNUmtUDQ=,Knmvw1JlWGETyFxFREd2NvEfK08=
0,23,B+1rd7bA4yczeiEMYh8uNUmtUDQ=,5l1DNQ5nQ4JnvQKxVgBboPGbaVk=
2,24,B+1rd7bA4yczeiEMYh8uNUmtUDQ=,Y155f9OyweXIWkiJ7Ur1HN42/Q0=
2,23,B+1rd7bA4yczeiEMYh8uNUmtUDQ=,XeQw/SaQqEEEoXczprGiGLg0o3g=
1,24,B+1rd7bA4yczeiEMYh8uNUmtUDQ=,Knmvw1JlWGETyFxFREd2NvEfK08=
0,24,B+1rd7bA4yczeiEMYh8uNUmtUDQ=,Knmvw1JlWGETyFxFREd2NvEfK08=
1,23,B+1rd7bA4yczeiEMYh8uNUmtUDQ=,5l1DNQ5nQ4JnvQKxVgBboPGbaVk=
1,22,B+1rd7bA4yczeiEMYh8uNUmtUDQ=,5l1DNQ5nQ4JnvQKxVgBboPGbaVk=
0,22,B+1rd7bA4yczeiEMYh8uNUmtUDQ=,5l1DNQ5nQ4JnvQKxVgBboPGbaVk=
2,22,B+1rd7bA4yczeiEMYh8uNUmtUDQ=,XeQw/SaQqEEEoXczprGiGLg0o3g=
25,22,x+g/zcTp2+wb8RzYvhuSFgHummc=,4YjtjkHPDcSiEvi/wLc8YsMz7bs=
25,21,x+g/zcTp2+wb8RzYvhuSFgHummc=,TniUIUbS9AtghSX4nedunLhXLUA=
25,24,x+g/zcTp2+wb8RzYvhuSFgHummc=,Rx074EZXoPXUVpKTZakVCnCOw4U=
25,23,x+g/zcTp2+wb8RzYvhuSFgHummc=,4YjtjkHPDcSiEvi/wLc8YsMz7bs=
25,25,x+g/zcTp2+wb8RzYvhuSFgHummc=,Rx074EZXoPXUVpKTZakVCnCOw4U=
24,25,x+g/zcTp2+wb8RzYvhuSFgHummc=,Rx074EZXoPXUVpKTZakVCnCOw4U=
23,25,x+g/zcTp2+wb8RzYvhuSFgHummc=,NK4rNfpWm5vdG4DdvAsol3VPELA=
23,23,+PflJbywPRqigpgxGRFtNy9tPwk=,tSINPrR6FsSyG5zELIdnYfuj7wM=
23,22,+PflJbywPRqigpgxGRFtNy9tPwk=,tSINPrR6FsSyG5zELIdnYfuj7wM=
24,24,+PflJbywPRqigpgxGRFtNy9tPwk=,Rx074EZXoPXUVpKTZakVCnCOw4U=
24,21,+PflJbywPRqigpgxGRFtNy9tPwk=,TniUIUbS9AtghSX4nedunLhXLUA=
24,22,+PflJbywPRqigpgxGRFtNy9tPwk=,4YjtjkHPDcSiEvi/wLc8YsMz7bs=
23,24,+PflJbywPRqigpgxGRFtNy9tPwk=,NK4rNfpWm5vdG4DdvAsol3VPELA=
24,23,+PflJbywPRqigpgxGRFtNy9tPwk=,4YjtjkHPDcSiEvi/wLc8YsMz7bs=
23,21,+PflJbywPRqigpgxGRFtNy9tPwk=,K2B05ypOH1lwgcmmtc7gEtwZgS0=
22,25,+PflJbywPRqigpgxGRFtNy9tPwk=,NK4rNfpWm5vdG4DdvAsol3VPELA=
21,25,+PflJbywPRqigpgxGRFtNy9tPwk=,fG05PT1qyIwPogzAsqHYRQq/uYc=
22,23,3fT7Gc/mtEVCmZ4Gyt/ytruC3E8=,tSINPrR6FsSyG5zELIdnYfuj7wM=
22,22,3fT7Gc/mtEVCmZ4Gyt/ytruC3E8=,tSINPrR6FsSyG5zELIdnYfuj7wM=
21,23,3fT7Gc/mtEVCmZ4Gyt/ytruC3E8=,sprNh5BBNVJH4Hh2uQAg5XSMt6Q=
21,24,3fT7Gc/mtEVCmZ4Gyt/ytruC3E8=,fG05PT1qyIwPogzAsqHYRQq/uYc=
22,21,3fT7Gc/mtEVCmZ4Gyt/ytruC3E8=,K2B05ypOH1lwgcmmtc7gEtwZgS0=
22,24,3fT7Gc/mtEVCmZ4Gyt/ytruC3E8=,NK4rNfpWm5vdG4DdvAsol3VPELA=
21,22,3fT7Gc/mtEVCmZ4Gyt/ytruC3E8=,sprNh5BBNVJH4Hh2uQAg5XSMt6Q=
20,22,iBJ2QpDMM6fOWtoDSPE4BNRHWzY=,sprNh5BBNVJH4Hh2uQAg5XSMt6Q=
19,22,iBJ2QpDMM6fOWtoDSPE4BNRHWzY=,NmfA3L0q61kiogiBEvv5rl/NOSY=
19,25,iBJ2QpDMM6fOWtoDSPE4BNRHWzY=,gLFRO7aaKkTQOI2JYQIY0chTRXc=
20,24,iBJ2QpDMM6fOWtoDSPE4BNRHWzY=,fG05PT1qyIwPogzAsqHYRQq/uYc=
20,23,iBJ2QpDMM6fOWtoDSPE4BNRHWzY=,sprNh5BBNVJH4Hh2uQAg5XSMt6Q=
19,23,iBJ2QpDMM6fOWtoDSPE4BNRHWzY=,NmfA3L0q61kiogiBEvv5rl/NOSY=
20,25,iBJ2QpDMM6fOWtoDSPE4BNRHWzY=,fG05PT1qyIwPogzAsqHYRQq/uYc=
19,24,iBJ2QpDMM6fOWtoDSPE4BNRHWzY=,gLFRO7aaKkTQOI2JYQIY0chTRXc=
16,22,Y3lRSOCj5PcuB3p0Z3j5zWy/W0o=,nu8wu/xZ0zAGbCfADfQ9qHuIKr8=
17,22,Y3lRSOCj5PcuB3p0Z3j5zWy/W0o=,nu8wu/xZ0zAGbCfADfQ9qHuIKr8=
18,22,Y3lRSOCj5PcuB3p0Z3j5zWy/W0o=,NmfA3L0q61kiogiBEvv5rl/NOSY=
18,25,Y3lRSOCj5PcuB3p0Z3j5zWy/W0o=,gLFRO7aaKkTQOI2JYQIY0chTRXc=
17,25,Y3lRSOCj5PcuB3p0Z3j5zWy/W0o=,JsZ7JXF0o0QUxf/1CL+rBNpOSYM=
17,24,Y3lRSOCj5PcuB3p0Z3j5zWy/W0o=,JsZ7JXF0o0QUxf/1CL+rBNpOSYM=
16,24,Y3lRSOCj5PcuB3p0Z3j5zWy/W0o=,JsZ7JXF0o0QUxf/1CL+rBNpOSYM=
18,23,Y3lRSOCj5PcuB3p0Z3j5zWy/W0o=,NmfA3L0q61kiogiBEvv5rl/NOSY=
16,25,Y3lRSOCj5PcuB3p0Z3j5zWy/W0o=,JsZ7JXF0o0QUxf/1CL+rBNpOSYM=
18,24,Y3lRSOCj5PcuB3p0Z3j5zWy/W0o=,gLFRO7aaKkTQOI2JYQIY0chTRXc=
16,23,Y3lRSOCj5PcuB3p0Z3j5zWy/W0o=,nu8wu/xZ0zAGbCfADfQ9qHuIKr8=
17,23,Y3lRSOCj5PcuB3p0Z3j5zWy/W0o=,nu8wu/xZ0zAGbCfADfQ9qHuIKr8=
22,20,juP/drK/nNw/KN01BPJyDe+X4HQ=,K2B05ypOH1lwgcmmtc7gEtwZgS0=
22,19,juP/drK/nNw/KN01BPJyDe+X4HQ=,LPpoHp3jTXzUcDNo+SRU58heIRY=
25,19,1RChq9CNmcLNJzk5IA8tjxQUxN4=,rmXMoOyDVI4ohjl/E+Q9qaGCr+U=
25,20,1RChq9CNmcLNJzk5IA8tjxQUxN4=,TniUIUbS9AtghSX4nedunLhXLUA=
24,20,1RChq9CNmcLNJzk5IA8tjxQUxN4=,TniUIUbS9AtghSX4nedunLhXLUA=
23,19,1RChq9CNmcLNJzk5IA8tjxQUxN4=,LPpoHp3jTXzUcDNo+SRU58heIRY=
24,19,1RChq9CNmcLNJzk5IA8tjxQUxN4=,rmXMoOyDVI4ohjl/E+Q9qaGCr+U=
23,20,1RChq9CNmcLNJzk5IA8tjxQUxN4=,K2B05ypOH1lwgcmmtc7gEtwZgS0=
24,18,1RChq9CNmcLNJzk5IA8tjxQUxN4=,rmXMoOyDVI4ohjl/E+Q9qaGCr+U=
23,17,1RChq9CNmcLNJzk5IA8tjxQUxN4=,2STZlx1l4sTA4YeUULcuUEDFIwM=
24,16,1RChq9CNmcLNJzk5IA8tjxQUxN4=,KmQXe1lKlI6rOek2J0RzRtGpQZU=
25,17,1RChq9CNmcLNJzk5IA8tjxQUxN4=,KmQXe1lKlI6rOek2J0RzRtGpQZU=
25,16,1RChq9CNmcLNJzk5IA8tjxQUxN4=,KmQXe1lKlI6rOek2J0RzRtGpQZU=
25,18,1RChq9CNmcLNJzk5IA8tjxQUxN4=,rmXMoOyDVI4ohjl/E+Q9qaGCr+U=
24,17,1RChq9CNmcLNJzk5IA8tjxQUxN4=,KmQXe1lKlI6rOek2J0RzRtGpQZU=
23,18,1RChq9CNmcLNJzk5IA8tjxQUxN4=,LPpoHp3jTXzUcDNo+SRU58heIRY=
23,16,1RChq9CNmcLNJzk5IA8tjxQUxN4=,2STZlx1l4sTA4YeUULcuUEDFIwM=
22,18,1RChq9CNmcLNJzk5IA8tjxQUxN4=,LPpoHp3jTXzUcDNo+SRU58heIRY=
22,16,1RChq9CNmcLNJzk5IA8tjxQUxN4=,2STZlx1l4sTA4YeUULcuUEDFIwM=
22,17,1RChq9CNmcLNJzk5IA8tjxQUxN4=,2STZlx1l4sTA4YeUULcuUEDFIwM=
25,10,bAhJeXEMCkHcBuVjj3k2KRE914I=,D6SHnwjp/dInGCUA8+DuS3QhIyw=
25,9,bAhJeXEMCkHcBuVjj3k2KRE914I=,1z4c2BkQ/OQHcVuATPGc5WmD2UE=
24,10,bAhJeXEMCkHcBuVjj3k2KRE914I=,D6SHnwjp/dInGCUA8+DuS3QhIyw=
23,10,bAhJeXEMCkHcBuVjj3k2KRE914I=,T5UqYPDhWY/Gr96YF2Xyz545gzM=
24,9,bAhJeXEMCkHcBuVjj3k2KRE914I=,1z4c2BkQ/OQHcVuATPGc5WmD2UE=
23,9,bAhJeXEMCkHcBuVjj3k2KRE914I=,mkER+lxqK2mpX/0dwiMmRLQ5tQs=
22,10,bAhJeXEMCkHcBuVjj3k2KRE914I=,T5UqYPDhWY/Gr96YF2Xyz545gzM=
22,9,bAhJeXEMCkHcBuVjj3k2KRE914I=,mkER+lxqK2mpX/0dwiMmRLQ5tQs=
25,7,bAhJeXEMCkHcBuVjj3k2KRE914I=,GyuYM+vo+GIeFa1CjhYU+93fx8I=
25,8,bAhJeXEMCkHcBuVjj3k2KRE914I=,1z4c2BkQ/OQHcVuATPGc5WmD2UE=
23,7,SmeVnmXAod+el4B8A6QWO7T7MdM=,CIUtjIdb00HeE6T4+7rvUr9TYFQ=
24,7,SmeVnmXAod+el4B8A6QWO7T7MdM=,GyuYM+vo+GIeFa1CjhYU+93fx8I=
23,8,SmeVnmXAod+el4B8A6QWO7T7MdM=,mkER+lxqK2mpX/0dwiMmRLQ5tQs=
24,8,SmeVnmXAod+el4B8A6QWO7T7MdM=,1z4c2BkQ/OQHcVuATPGc5WmD2UE=
25,6,SmeVnmXAod+el4B8A6QWO7T7MdM=,GyuYM+vo+GIeFa1CjhYU+93fx8I=
25,5,SmeVnmXAod+el4B8A6QWO7T7MdM=,pQ6vZQexlKuwbsSHh0C/Lp0GC30=
22,8,1+sewkvjo/08GgpSb1t1ZfM8ekc=,mkER+lxqK2mpX/0dwiMmRLQ5tQs=
22,7,1+sewkvjo/08GgpSb1t1ZfM8ekc=,CIUtjIdb00HeE6T4+7rvUr9TYFQ=
24,6,1+sewkvjo/08GgpSb1t1ZfM8ekc=,GyuYM+vo+GIeFa1CjhYU+93fx8I=
24,5,1+sewkvjo/08GgpSb1t1ZfM8ekc=,pQ6vZQexlKuwbsSHh0C/Lp0GC30=
23,6,1+sewkvjo/08GgpSb1t1ZfM8ekc=,CIUtjIdb00HeE6T4+7rvUr9TYFQ=
23,5,1+sewkvjo/08GgpSb1t1ZfM8ekc=,DZx2GgTIA7fvh1j8gDcmUkiX9rI=
22,5,1cMCk/vJ6ZOK5CKNceQ6W4wxAXg=,DZx2GgTIA7fvh1j8gDcmUkiX9rI=
22,6,1cMCk/vJ6ZOK5CKNceQ6W4wxAXg=,CIUtjIdb00HeE6T4+7rvUr9TYFQ=
25,4,u6qyzjRSz0c6urpQbZymXuDt25U=,pQ6vZQexlKuwbsSHh0C/Lp0GC30=
25,3,u6qyzjRSz0c6urpQbZymXuDt25U=,BY1ssJRn9MyZdyfRHHUu/YYix0w=
23,4,u6qyzjRSz0c6urpQbZymXuDt25U=,DZx2GgTIA7fvh1j8gDcmUkiX9rI=
23,3,u6qyzjRSz0c6urpQbZymXuDt25U=,6zMXZG3wpPSxL/uRYg6p8XanKL8=
24,4,u6qyzjRSz0c6urpQbZymXuDt25U=,pQ6vZQexlKuwbsSHh0C/Lp0GC30=
24,3,u6qyzjRSz0c6urpQbZymXuDt25U=,BY1ssJRn9MyZdyfRHHUu/YYix0w=
22,4,GA7Yjyp9NYURSRTHyu6XjmDPyvk=,DZx2GgTIA7fvh1j8gDcmUkiX9rI=
22,3,GA7Yjyp9NYURSRTHyu6XjmDPyvk=,6zMXZG3wpPSxL/uRYg6p8XanKL8=
25,1,GA7Yjyp9NYURSRTHyu6XjmDPyvk=,iuHvEfrrVZ626U3MlE4p7xCmg+I=
25,2,GA7Yjyp9NYURSRTHyu6XjmDPyvk=,BY1ssJRn9MyZdyfRHHUu/YYix0w=
25,0,GA7Yjyp9NYURSRTHyu6XjmDPyvk=,iuHvEfrrVZ626U3MlE4p7xCmg+I=
24,1,yJkL72Osc5ckVLpyHXDjPhF81ec=,iuHvEfrrVZ626U3MlE4p7xCmg+I=
24,0,yJkL72Osc5ckVLpyHXDjPhF81ec=,iuHvEfrrVZ626U3MlE4p7xCmg+I=
23,1,yJkL72Osc5ckVLpyHXDjPhF81ec=,f3Axo1ZT3cRc8D28sJFWMIXA9Mc=
24,2,yJkL72Osc5ckVLpyHXDjPhF81ec=,BY1ssJRn9MyZdyfRHHUu/YYix0w=
22,0,yJkL72Osc5ckVLpyHXDjPhF81ec=,f3Axo1ZT3cRc8D28sJFWMIXA9Mc=
23,2,yJkL72Osc5ckVLpyHXDjPhF81ec=,6zMXZG3wpPSxL/uRYg6p8XanKL8=
23,0,yJkL72Osc5ckVLpyHXDjPhF81ec=,f3Axo1ZT3cRc8D28sJFWMIXA9Mc=
22,1,yJkL72Osc5ckVLpyHXDjPhF81ec=,f3Axo1ZT3cRc8D28sJFWMIXA9Mc=
22,2,yJkL72Osc5ckVLpyHXDjPhF81ec=,6zMXZG3wpPSxL/uRYg6p8XanKL8=
25,11,9uBKG0pxCOtkti/u/88PC9v+/hk=,D6SHnwjp/dInGCUA8+DuS3QhIyw=
25,12,9uBKG0pxCOtkti/u/88PC9v+/hk=,geLhzOxrCqoJn6CWo5KcyWRUa3A=
25,13,NCSNnd865REqnt2echGAvXeX6yQ=,geLhzOxrCqoJn6CWo5KcyWRUa3A=
25,14,NCSNnd865REqnt2echGAvXeX6yQ=,o3MoBkqLVcVf8j1JKgct9rvk+E0=
23,11,NCSNnd865REqnt2echGAvXeX6yQ=,T5UqYPDhWY/Gr96YF2Xyz545gzM=
24,12,NCSNnd865REqnt2echGAvXeX6yQ=,geLhzOxrCqoJn6CWo5KcyWRUa3A=
23,12,NCSNnd865REqnt2echGAvXeX6yQ=,GDboRZCBLhdZTL/1h3H94ETfEb4=
24,11,NCSNnd865REqnt2echGAvXeX6yQ=,D6SHnwjp/dInGCUA8+DuS3QhIyw=
22,11,NCSNnd865REqnt2echGAvXeX6yQ=,T5UqYPDhWY/Gr96YF2Xyz545gzM=
22,12,NCSNnd865REqnt2echGAvXeX6yQ=,GDboRZCBLhdZTL/1h3H94ETfEb4=
25,15,NCSNnd865REqnt2echGAvXeX6yQ=,o3MoBkqLVcVf8j1JKgct9rvk+E0=
24,13,jh+hhVQjAFoJ9llxJ+YcwP032YY=,geLhzOxrCqoJn6CWo5KcyWRUa3A=
23,13,jh+hhVQjAFoJ9llxJ+YcwP032YY=,GDboRZCBLhdZTL/1h3H94ETfEb4=
24,15,jh+hhVQjAFoJ9llxJ+YcwP032YY=,o3MoBkqLVcVf8j1JKgct9rvk+E0=
23,15,jh+hhVQjAFoJ9llxJ+YcwP032YY=,EJdWpNbQXns6L/f4NValDCeaGUM=
23,14,jh+hhVQjAFoJ9llxJ+YcwP032YY=,EJdWpNbQXns6L/f4NValDCeaGUM=
24,14,jh+hhVQjAFoJ9llxJ+YcwP032YY=,o3MoBkqLVcVf8j1JKgct9rvk+E0=
22,15,jh+hhVQjAFoJ9llxJ+YcwP032YY=,EJdWpNbQXns6L/f4NValDCeaGUM=
22,14,jh+hhVQjAFoJ9llxJ+YcwP032YY=,EJdWpNbQXns6L/f4NValDCeaGUM=
22,13,jh+hhVQjAFoJ9llxJ+YcwP032YY=,GDboRZCBLhdZTL/1h3H94ETfEb4=
