20,-4,iy8yeCZIMQHQIrhmMhDk14pyd+c=,6equWTxwsoH6etKZThaTQNj+A9c=
18,-4,CG8timOfeoeQmDYY7LQ/n4E7ans=,+M7tS1x3R2DnRYfUju0X5maCgX4=
21,-3,tjzqZPE+NsoU1KQm+GsjKVYOYOw=,6equWTxwsoH6etKZThaTQNj+A9c=
21,-4,oQDG1EfmZwVJuHZ/AQhNpUDgfAQ=,6equWTxwsoH6etKZThaTQNj+A9c=
20,-3,tjzqZPE+NsoU1KQm+GsjKVYOYOw=,6equWTxwsoH6etKZThaTQNj+A9c=
19,-4,G6yCTwUcWloIDI6Kg4DC5idkFKA=,+M7tS1x3R2DnRYfUju0X5maCgX4=
19,-1,mVxbDhgshpw1ODJ1kwdPe0KXAec=,0d8GEc4dfpZnaD0JqDtmtxZfy58=
18,-1,mVxbDhgshpw1ODJ1kwdPe0KXAec=,0d8GEc4dfpZnaD0JqDtmtxZfy58=
16,-2,OUiWll0ntVYHq5Br2IX6uzegttg=,m0DvxnogkpHrPBhhDR1Ox5XtH6o=
18,-3,mVxbDhgshpw1ODJ1kwdPe0KXAec=,+M7tS1x3R2DnRYfUju0X5maCgX4=
17,-3,Feq8pubGM8koSf0XEps8LVRoBiY=,F4JFbVWxAe7kM43dvtIC2vYmqEM=
19,-2,mVxbDhgshpw1ODJ1kwdPe0KXAec=,0d8GEc4dfpZnaD0JqDtmtxZfy58=
16,-1,OUiWll0ntVYHq5Br2IX6uzegttg=,m0DvxnogkpHrPBhhDR1Ox5XtH6o=
17,-1,OUiWll0ntVYHq5Br2IX6uzegttg=,m0DvxnogkpHrPBhhDR1Ox5XtH6o=
17,-4,lBSoFI0HavxphLvXQlE95UwreR8=,F4JFbVWxAe7kM43dvtIC2vYmqEM=
17,-2,OUiWll0ntVYHq5Br2IX6uzegttg=,m0DvxnogkpHrPBhhDR1Ox5XtH6o=
19,-3,mVxbDhgshpw1ODJ1kwdPe0KXAec=,+M7tS1x3R2DnRYfUju0X5maCgX4=
16,-4,Feq8pubGM8koSf0XEps8LVRoBiY=,F4JFbVWxAe7kM43dvtIC2vYmqEM=
18,-2,mVxbDhgshpw1ODJ1kwdPe0KXAec=,0d8GEc4dfpZnaD0JqDtmtxZfy58=
16,-3,Feq8pubGM8koSf0XEps8LVRoBiY=,F4JFbVWxAe7kM43dvtIC2vYmqEM=
8,-3,UZq8xP4UBmJQJZBJLFfe3pnk+y8=,0drbqk7C3soP8D2c3GTsLC1ItXs=
7,-3,UZq8xP4UBmJQJZBJLFfe3pnk+y8=,EusT/WQoHe1zfsfqR7fykxvzmbA=
8,-2,UZq8xP4UBmJQJZBJLFfe3pnk+y8=,xZwrGG+u4zEJy7YarG16IBzfcMg=
7,-2,UZq8xP4UBmJQJZBJLFfe3pnk+y8=,PGpRxiMkBF/5q0J2gVT58QoPn2U=
5,-3,UZq8xP4UBmJQJZBJLFfe3pnk+y8=,yPPcYUn1nJsFZhnDrUFGC40zZR0=
6,-2,UZq8xP4UBmJQJZBJLFfe3pnk+y8=,PGpRxiMkBF/5q0J2gVT58QoPn2U=
5,-2,UZq8xP4UBmJQJZBJLFfe3pnk+y8=,JPkDBMVss7LtB8dh+yU/3OQDMDU=
4,-3,Fp5P9udmAPef4kXhlMYLDSrXahk=,yPPcYUn1nJsFZhnDrUFGC40zZR0=
6,-3,UZq8xP4UBmJQJZBJLFfe3pnk+y8=,EusT/WQoHe1zfsfqR7fykxvzmbA=
3,-2,Fp5P9udmAPef4kXhlMYLDSrXahk=,u2ead/P5JTWQKxmz5KHv2lWzzN0=
4,-2,Fp5P9udmAPef4kXhlMYLDSrXahk=,JPkDBMVss7LtB8dh+yU/3OQDMDU=
3,-3,Fp5P9udmAPef4kXhlMYLDSrXahk=,H2PEbeSG0Va8VKatXG91nTP+Rgk=
2,-2,Fp5P9udmAPef4kXhlMYLDSrXahk=,u2ead/P5JTWQKxmz5KHv2lWzzN0=
1,-3,Fp5P9udmAPef4kXhlMYLDSrXahk=,s+5qOJCDPQ4P3R6rT3j7Uvb2niI=
2,-3,Fp5P9udmAPef4kXhlMYLDSrXahk=,H2PEbeSG0Va8VKatXG91nTP+Rgk=
1,-2,Fp5P9udmAPef4kXhlMYLDSrXahk=,XZL0jMswIrcgIHCB6T2tofyb3d8=
2,-4,jXmf2ThfE3Zvni7Sy3FwY8qgKSc=,H2PEbeSG0Va8VKatXG91nTP+Rgk=
2,-5,jXmf2ThfE3Zvni7Sy3FwY8qgKSc=,68IwfFy91WDWX3n4arPwpKoiOhU=
1,-4,jXmf2ThfE3Zvni7Sy3FwY8qgKSc=,s+5qOJCDPQ4P3R6rT3j7Uvb2niI=
1,-5,jXmf2ThfE3Zvni7Sy3FwY8qgKSc=,K7xGBAPgPf7zcWJHWiF/MCn7i60=
4,-5,zLcHYvd92/CEJI9n9L5IOcMNJj8=,S3zy9cPHVZdFrTfTexzVQyrPDs8=
3,-4,zLcHYvd92/CEJI9n9L5IOcMNJj8=,H2PEbeSG0Va8VKatXG91nTP+Rgk=
4,-4,zLcHYvd92/CEJI9n9L5IOcMNJj8=,yPPcYUn1nJsFZhnDrUFGC40zZR0=
3,-5,zLcHYvd92/CEJI9n9L5IOcMNJj8=,68IwfFy91WDWX3n4arPwpKoiOhU=
2,-6,jXmf2ThfE3Zvni7Sy3FwY8qgKSc=,68IwfFy91WDWX3n4arPwpKoiOhU=
2,-7,CQecrhwILccxbstBvZFTRSdZqTs=,zYRbuB83U0CUB2sQbhYInT79Ows=
4,-7,CQecrhwILccxbstBvZFTRSdZqTs=,XmOWtUqQcQ5TaEBbVQV7g5CwAl4=
4,-6,ia7h3pHKmRZG/d4Df6rP5pqjNEI=,S3zy9cPHVZdFrTfTexzVQyrPDs8=
3,-6,ia7h3pHKmRZG/d4Df6rP5pqjNEI=,68IwfFy91WDWX3n4arPwpKoiOhU=
3,-7,CQecrhwILccxbstBvZFTRSdZqTs=,zYRbuB83U0CUB2sQbhYInT79Ows=
1,-6,jXmf2ThfE3Zvni7Sy3FwY8qgKSc=,K7xGBAPgPf7zcWJHWiF/MCn7i60=
1,-7,CQecrhwILccxbstBvZFTRSdZqTs=,+oLe8CGWIV+KF8XT9FGOU5kgWBE=
3,-10,gPnAxZTA+nO22j2FR3iXbtSqKLQ=,OphZpf9FRRUetjmNU0lMDBov0As=
4,-11,gPnAxZTA+nO22j2FR3iXbtSqKLQ=,mgMFxsLI8ZTL16b+oq6dMbZRvGg=
3,-8,te1a4H4Js7v1fxlA2yKrzz3Jzts=,zYRbuB83U0CUB2sQbhYInT79Ows=
4,-9,Id2F+5fKLuygMxjHDAyA1frjr2Q=,iCmNmk1jM7ISBrrrSxZiAF0TWzE=
4,-8,te1a4H4Js7v1fxlA2yKrzz3Jzts=,XmOWtUqQcQ5TaEBbVQV7g5CwAl4=
2,-8,te1a4H4Js7v1fxlA2yKrzz3Jzts=,zYRbuB83U0CUB2sQbhYInT79Ows=
2,-9,dLGTNXkryOK+pGEtK1/EIGPW9pY=,OphZpf9FRRUetjmNU0lMDBov0As=
1,-8,te1a4H4Js7v1fxlA2yKrzz3Jzts=,+oLe8CGWIV+KF8XT9FGOU5kgWBE=
4,-10,gPnAxZTA+nO22j2FR3iXbtSqKLQ=,iCmNmk1jM7ISBrrrSxZiAF0TWzE=
1,-9,dLGTNXkryOK+pGEtK1/EIGPW9pY=,6Ro3BhJDa3tIbRjBXNkl1QolGD4=
3,-9,Id2F+5fKLuygMxjHDAyA1frjr2Q=,OphZpf9FRRUetjmNU0lMDBov0As=
3,-11,gPnAxZTA+nO22j2FR3iXbtSqKLQ=,P8OLxjlJ6gsjEPs0rGyxm6Rwpt8=
10,-8,F8fyli8T5arznQP57Vl7rl9wU9c=,lW+dYcDibwf5uLngX+2/qQma3qU=
9,-8,0WsViErmH0UPqXjesMp6RzMirHE=,tvGC0/orjdBIGSn01ZjdjMyiFbw=
9,-9,0WsViErmH0UPqXjesMp6RzMirHE=,Gz7YBy59WaNLryn429TlQGYUN98=
10,-9,F8fyli8T5arznQP57Vl7rl9wU9c=,eXqsZozOvZBHUIubiAgVrcH/OXg=
6,-8,ct3HTGVNmBQ57WAuVPrgtW6NWh0=,/pAQswZcU52OXovrltSFYVoCoWs=
8,-9,0WsViErmH0UPqXjesMp6RzMirHE=,Gz7YBy59WaNLryn429TlQGYUN98=
5,-9,dLGTNXkryOK+pGEtK1/EIGPW9pY=,iCmNmk1jM7ISBrrrSxZiAF0TWzE=
7,-9,dLGTNXkryOK+pGEtK1/EIGPW9pY=,EZd3S7VFqKf+sm/f961ZH4Tw//A=
8,-8,0WsViErmH0UPqXjesMp6RzMirHE=,tvGC0/orjdBIGSn01ZjdjMyiFbw=
6,-9,dLGTNXkryOK+pGEtK1/EIGPW9pY=,EZd3S7VFqKf+sm/f961ZH4Tw//A=
7,-8,ct3HTGVNmBQ57WAuVPrgtW6NWh0=,/pAQswZcU52OXovrltSFYVoCoWs=
5,-8,ct3HTGVNmBQ57WAuVPrgtW6NWh0=,XmOWtUqQcQ5TaEBbVQV7g5CwAl4=
10,-6,dLGTNXkryOK+pGEtK1/EIGPW9pY=,U2zlbHdyYHxwV8stYHdJv3x8Wr4=
9,-6,0WsViErmH0UPqXjesMp6RzMirHE=,mSNJxTamFVReWOMIDhV+3eRssFY=
9,-7,0WsViErmH0UPqXjesMp6RzMirHE=,tvGC0/orjdBIGSn01ZjdjMyiFbw=
10,-7,dLGTNXkryOK+pGEtK1/EIGPW9pY=,lW+dYcDibwf5uLngX+2/qQma3qU=
8,-5,G1t8/vBtgYbys+wydzU7qlsThEA=,mSNJxTamFVReWOMIDhV+3eRssFY=
8,-6,G1t8/vBtgYbys+wydzU7qlsThEA=,mSNJxTamFVReWOMIDhV+3eRssFY=
6,-5,31/333w4vZx12lviU2DFxaiuCkg=,v0kUzRk9v1jMNKrOnm11OZ1P/gQ=
7,-5,Cv0nAN8oK9Pwej0KMKtRqqxXnPc=,v0kUzRk9v1jMNKrOnm11OZ1P/gQ=
6,-6,UPq7c0t4Yg+0XNs+MGnVn0yNvYc=,v0kUzRk9v1jMNKrOnm11OZ1P/gQ=
8,-4,G1t8/vBtgYbys+wydzU7qlsThEA=,0drbqk7C3soP8D2c3GTsLC1ItXs=
5,-4,G1t8/vBtgYbys+wydzU7qlsThEA=,yPPcYUn1nJsFZhnDrUFGC40zZR0=
5,-6,ia7h3pHKmRZG/d4Df6rP5pqjNEI=,S3zy9cPHVZdFrTfTexzVQyrPDs8=
8,-7,G1t8/vBtgYbys+wydzU7qlsThEA=,tvGC0/orjdBIGSn01ZjdjMyiFbw=
7,-6,UPq7c0t4Yg+0XNs+MGnVn0yNvYc=,v0kUzRk9v1jMNKrOnm11OZ1P/gQ=
5,-5,G1t8/vBtgYbys+wydzU7qlsThEA=,S3zy9cPHVZdFrTfTexzVQyrPDs8=
6,-4,G1t8/vBtgYbys+wydzU7qlsThEA=,EusT/WQoHe1zfsfqR7fykxvzmbA=
7,-7,pZRQSti3oq1bj9zCEJOwDZJohy4=,/pAQswZcU52OXovrltSFYVoCoWs=
6,-7,pZRQSti3oq1bj9zCEJOwDZJohy4=,/pAQswZcU52OXovrltSFYVoCoWs=
7,-4,G1t8/vBtgYbys+wydzU7qlsThEA=,EusT/WQoHe1zfsfqR7fykxvzmbA=
5,-7,pZRQSti3oq1bj9zCEJOwDZJohy4=,XmOWtUqQcQ5TaEBbVQV7g5CwAl4=
10,-5,9EqXOS4SQFknSsjTHYZVfGWnMzM=,U2zlbHdyYHxwV8stYHdJv3x8Wr4=
9,-4,ia7h3pHKmRZG/d4Df6rP5pqjNEI=,0drbqk7C3soP8D2c3GTsLC1ItXs=
10,-4,9EqXOS4SQFknSsjTHYZVfGWnMzM=,UMmqqZ8vreUFVS2fPfyy5/+cFFY=
9,-5,ia7h3pHKmRZG/d4Df6rP5pqjNEI=,mSNJxTamFVReWOMIDhV+3eRssFY=
9,-3,ia7h3pHKmRZG/d4Df6rP5pqjNEI=,0drbqk7C3soP8D2c3GTsLC1ItXs=
9,-2,ia7h3pHKmRZG/d4Df6rP5pqjNEI=,xZwrGG+u4zEJy7YarG16IBzfcMg=
10,-2,0CJLBa4st1SnvEqReP9tqzY+Mg4=,E4r5M+Pk4JCOn2z7+ShDwj3MYVo=
10,-3,9EqXOS4SQFknSsjTHYZVfGWnMzM=,UMmqqZ8vreUFVS2fPfyy5/+cFFY=
11,-5,sjbYvm1QzVPBH6RnHKIM5xbztew=,U2zlbHdyYHxwV8stYHdJv3x8Wr4=
12,-4,sjbYvm1QzVPBH6RnHKIM5xbztew=,X3SSVmwukCuvVLfql56JfBWCYkE=
11,-4,sjbYvm1QzVPBH6RnHKIM5xbztew=,UMmqqZ8vreUFVS2fPfyy5/+cFFY=
10,-1,0CJLBa4st1SnvEqReP9tqzY+Mg4=,E4r5M+Pk4JCOn2z7+ShDwj3MYVo=
9,-1,ia7h3pHKmRZG/d4Df6rP5pqjNEI=,xZwrGG+u4zEJy7YarG16IBzfcMg=
8,-1,ia7h3pHKmRZG/d4Df6rP5pqjNEI=,xZwrGG+u4zEJy7YarG16IBzfcMg=
7,-1,ia7h3pHKmRZG/d4Df6rP5pqjNEI=,PGpRxiMkBF/5q0J2gVT58QoPn2U=
5,-1,ia7h3pHKmRZG/d4Df6rP5pqjNEI=,JPkDBMVss7LtB8dh+yU/3OQDMDU=
6,-1,ia7h3pHKmRZG/d4Df6rP5pqjNEI=,PGpRxiMkBF/5q0J2gVT58QoPn2U=
4,-1,ia7h3pHKmRZG/d4Df6rP5pqjNEI=,JPkDBMVss7LtB8dh+yU/3OQDMDU=
3,-1,ia7h3pHKmRZG/d4Df6rP5pqjNEI=,u2ead/P5JTWQKxmz5KHv2lWzzN0=
1,-1,ia7h3pHKmRZG/d4Df6rP5pqjNEI=,XZL0jMswIrcgIHCB6T2tofyb3d8=
2,-1,ia7h3pHKmRZG/d4Df6rP5pqjNEI=,u2ead/P5JTWQKxmz5KHv2lWzzN0=
0,-2,ia7h3pHKmRZG/d4Df6rP5pqjNEI=,XZL0jMswIrcgIHCB6T2tofyb3d8=
0,-3,ia7h3pHKmRZG/d4Df6rP5pqjNEI=,s+5qOJCDPQ4P3R6rT3j7Uvb2niI=
0,-5,jXmf2ThfE3Zvni7Sy3FwY8qgKSc=,K7xGBAPgPf7zcWJHWiF/MCn7i60=
0,-4,jXmf2ThfE3Zvni7Sy3FwY8qgKSc=,s+5qOJCDPQ4P3R6rT3j7Uvb2niI=
0,-6,jXmf2ThfE3Zvni7Sy3FwY8qgKSc=,K7xGBAPgPf7zcWJHWiF/MCn7i60=
0,-7,j06le/gErTokaJ7RvRIBIn5dMdE=,+oLe8CGWIV+KF8XT9FGOU5kgWBE=
0,-8,j06le/gErTokaJ7RvRIBIn5dMdE=,+oLe8CGWIV+KF8XT9FGOU5kgWBE=
0,-9,GZJwcVkXKqF2O5QhRJ+8i1BPPJw=,6Ro3BhJDa3tIbRjBXNkl1QolGD4=
2,-10,dLGTNXkryOK+pGEtK1/EIGPW9pY=,OphZpf9FRRUetjmNU0lMDBov0As=
1,-11,dLGTNXkryOK+pGEtK1/EIGPW9pY=,KAUcAKe0sTYLJpko/gUNcf3uLaE=
1,-10,dLGTNXkryOK+pGEtK1/EIGPW9pY=,6Ro3BhJDa3tIbRjBXNkl1QolGD4=
2,-11,dLGTNXkryOK+pGEtK1/EIGPW9pY=,P8OLxjlJ6gsjEPs0rGyxm6Rwpt8=
0,-10,dLGTNXkryOK+pGEtK1/EIGPW9pY=,6Ro3BhJDa3tIbRjBXNkl1QolGD4=
12,-1,j06le/gErTokaJ7RvRIBIn5dMdE=,zB+Yu/XS0PZWa7xgDt5970Ju9J0=
11,-3,dLGTNXkryOK+pGEtK1/EIGPW9pY=,UMmqqZ8vreUFVS2fPfyy5/+cFFY=
11,-1,0CJLBa4st1SnvEqReP9tqzY+Mg4=,E4r5M+Pk4JCOn2z7+ShDwj3MYVo=
11,-2,0CJLBa4st1SnvEqReP9tqzY+Mg4=,E4r5M+Pk4JCOn2z7+ShDwj3MYVo=
12,-2,j06le/gErTokaJ7RvRIBIn5dMdE=,zB+Yu/XS0PZWa7xgDt5970Ju9J0=
13,-4,PXHlZ7gHhZrlRTO4vRBXfqE5EBE=,X3SSVmwukCuvVLfql56JfBWCYkE=
12,-3,dLGTNXkryOK+pGEtK1/EIGPW9pY=,X3SSVmwukCuvVLfql56JfBWCYkE=
15,-4,81PNbuIH+DHbNAphX7WW/ztmZWk=,OsXEGkKcTi6/Bfb/IwZiB9o1Az0=
14,-4,huI2AGV5/CFxSQDZDulDJTsLVIA=,OsXEGkKcTi6/Bfb/IwZiB9o1Az0=
4,-12,svqLbMmQRiDvFDFyahWsU3DlqUI=,mgMFxsLI8ZTL16b+oq6dMbZRvGg=
3,-12,svqLbMmQRiDvFDFyahWsU3DlqUI=,P8OLxjlJ6gsjEPs0rGyxm6Rwpt8=
0,-11,dLGTNXkryOK+pGEtK1/EIGPW9pY=,KAUcAKe0sTYLJpko/gUNcf3uLaE=
0,-1,ia7h3pHKmRZG/d4Df6rP5pqjNEI=,XZL0jMswIrcgIHCB6T2tofyb3d8=
11,-9,ieHPC7idwr/A1xqWr7mc03gURok=,eXqsZozOvZBHUIubiAgVrcH/OXg=
11,-8,ieHPC7idwr/A1xqWr7mc03gURok=,lW+dYcDibwf5uLngX+2/qQma3qU=
11,-6,ieHPC7idwr/A1xqWr7mc03gURok=,U2zlbHdyYHxwV8stYHdJv3x8Wr4=
11,-7,ieHPC7idwr/A1xqWr7mc03gURok=,lW+dYcDibwf5uLngX+2/qQma3qU=
2,-12,gPnAxZTA+nO22j2FR3iXbtSqKLQ=,P8OLxjlJ6gsjEPs0rGyxm6Rwpt8=
1,-12,Id2F+5fKLuygMxjHDAyA1frjr2Q=,KAUcAKe0sTYLJpko/gUNcf3uLaE=
0,-12,gPnAxZTA+nO22j2FR3iXbtSqKLQ=,KAUcAKe0sTYLJpko/gUNcf3uLaE=
8,-12,4bQm8XMC9A6HxdiGdMbXRfJ+mi0=,EVSdiG7YHA8CPT/IHmFJ7PHBF+c=
6,-10,svqLbMmQRiDvFDFyahWsU3DlqUI=,EZd3S7VFqKf+sm/f961ZH4Tw//A=
7,-10,FmgJDs6aR41cWOaCP83TRESvFGU=,EZd3S7VFqKf+sm/f961ZH4Tw//A=
6,-12,svqLbMmQRiDvFDFyahWsU3DlqUI=,LS64L8H9hhknBnWAVZT/D8nmA4Y=
5,-12,svqLbMmQRiDvFDFyahWsU3DlqUI=,mgMFxsLI8ZTL16b+oq6dMbZRvGg=
7,-12,4bQm8XMC9A6HxdiGdMbXRfJ+mi0=,LS64L8H9hhknBnWAVZT/D8nmA4Y=
5,-11,svqLbMmQRiDvFDFyahWsU3DlqUI=,mgMFxsLI8ZTL16b+oq6dMbZRvGg=
7,-11,FmgJDs6aR41cWOaCP83TRESvFGU=,LS64L8H9hhknBnWAVZT/D8nmA4Y=
14,-3,81PNbuIH+DHbNAphX7WW/ztmZWk=,OsXEGkKcTi6/Bfb/IwZiB9o1Az0=
8,-11,FmgJDs6aR41cWOaCP83TRESvFGU=,EVSdiG7YHA8CPT/IHmFJ7PHBF+c=
9,-12,GZJwcVkXKqF2O5QhRJ+8i1BPPJw=,EVSdiG7YHA8CPT/IHmFJ7PHBF+c=
6,-11,svqLbMmQRiDvFDFyahWsU3DlqUI=,LS64L8H9hhknBnWAVZT/D8nmA4Y=
10,-12,GZJwcVkXKqF2O5QhRJ+8i1BPPJw=,fGuA4Rkp22kgVPnVfHcsHM+VLBc=
11,-12,GZJwcVkXKqF2O5QhRJ+8i1BPPJw=,fGuA4Rkp22kgVPnVfHcsHM+VLBc=
15,-3,huI2AGV5/CFxSQDZDulDJTsLVIA=,OsXEGkKcTi6/Bfb/IwZiB9o1Az0=
13,-2,j06le/gErTokaJ7RvRIBIn5dMdE=,zB+Yu/XS0PZWa7xgDt5970Ju9J0=
13,-1,j06le/gErTokaJ7RvRIBIn5dMdE=,zB+Yu/XS0PZWa7xgDt5970Ju9J0=
13,-3,GZJwcVkXKqF2O5QhRJ+8i1BPPJw=,X3SSVmwukCuvVLfql56JfBWCYkE=
9,-11,GZJwcVkXKqF2O5QhRJ+8i1BPPJw=,EVSdiG7YHA8CPT/IHmFJ7PHBF+c=
14,-1,j06le/gErTokaJ7RvRIBIn5dMdE=,cg4mdfSP32Y6JWI1gKWcEIIRkjo=
15,-2,j06le/gErTokaJ7RvRIBIn5dMdE=,cg4mdfSP32Y6JWI1gKWcEIIRkjo=
11,-10,GZJwcVkXKqF2O5QhRJ+8i1BPPJw=,eXqsZozOvZBHUIubiAgVrcH/OXg=
14,-2,j06le/gErTokaJ7RvRIBIn5dMdE=,cg4mdfSP32Y6JWI1gKWcEIIRkjo=
11,-11,GZJwcVkXKqF2O5QhRJ+8i1BPPJw=,fGuA4Rkp22kgVPnVfHcsHM+VLBc=
15,-1,j06le/gErTokaJ7RvRIBIn5dMdE=,cg4mdfSP32Y6JWI1gKWcEIIRkjo=
5,-10,svqLbMmQRiDvFDFyahWsU3DlqUI=,iCmNmk1jM7ISBrrrSxZiAF0TWzE=
10,-10,GZJwcVkXKqF2O5QhRJ+8i1BPPJw=,eXqsZozOvZBHUIubiAgVrcH/OXg=
8,-10,ia7h3pHKmRZG/d4Df6rP5pqjNEI=,Gz7YBy59WaNLryn429TlQGYUN98=
10,-11,GZJwcVkXKqF2O5QhRJ+8i1BPPJw=,fGuA4Rkp22kgVPnVfHcsHM+VLBc=
9,-10,ia7h3pHKmRZG/d4Df6rP5pqjNEI=,Gz7YBy59WaNLryn429TlQGYUN98=
17,-11,otNZXG5Sfda28C34TzfAISGz6Jc=,Dd1hzEU/SixD1kYnqcl8e7ZUQSg=
17,-14,tjzqZPE+NsoU1KQm+GsjKVYOYOw=,Gfva2o3jgxs2oySHcXIdhRUR6+U=
17,-12,Feq8pubGM8koSf0XEps8LVRoBiY=,Dd1hzEU/SixD1kYnqcl8e7ZUQSg=
17,-13,tjzqZPE+NsoU1KQm+GsjKVYOYOw=,Gfva2o3jgxs2oySHcXIdhRUR6+U=
16,-12,Feq8pubGM8koSf0XEps8LVRoBiY=,Dd1hzEU/SixD1kYnqcl8e7ZUQSg=
16,-13,tjzqZPE+NsoU1KQm+GsjKVYOYOw=,Gfva2o3jgxs2oySHcXIdhRUR6+U=
16,-14,tjzqZPE+NsoU1KQm+GsjKVYOYOw=,Gfva2o3jgxs2oySHcXIdhRUR6+U=
16,-11,Feq8pubGM8koSf0XEps8LVRoBiY=,Dd1hzEU/SixD1kYnqcl8e7ZUQSg=
12,-5,sjbYvm1QzVPBH6RnHKIM5xbztew=,MhFVY7TD2Pr3/sWUzhBUEZtD5eU=
12,-7,ieHPC7idwr/A1xqWr7mc03gURok=,wcidnSU9OIKCpEpjovYGiscnyxc=
12,-9,ia7h3pHKmRZG/d4Df6rP5pqjNEI=,Lc4bhYGS+meKBMqvk1v50aZCUhI=
12,-6,ieHPC7idwr/A1xqWr7mc03gURok=,MhFVY7TD2Pr3/sWUzhBUEZtD5eU=
12,-8,ieHPC7idwr/A1xqWr7mc03gURok=,wcidnSU9OIKCpEpjovYGiscnyxc=
8,-13,4bQm8XMC9A6HxdiGdMbXRfJ+mi0=,fyK9ouPZniLj7ZD/ukFqxgU180k=
7,-13,4bQm8XMC9A6HxdiGdMbXRfJ+mi0=,/0rzGGP9Kv34z9y92PCv15ax8Ps=
6,-13,svqLbMmQRiDvFDFyahWsU3DlqUI=,/0rzGGP9Kv34z9y92PCv15ax8Ps=
5,-13,svqLbMmQRiDvFDFyahWsU3DlqUI=,z5Wk0SOXJB4hnzI8ppwauCESE2o=
4,-13,svqLbMmQRiDvFDFyahWsU3DlqUI=,z5Wk0SOXJB4hnzI8ppwauCESE2o=
3,-13,svqLbMmQRiDvFDFyahWsU3DlqUI=,rTkKcMnS0sdABd6s2EJgIlnD0mA=
2,-13,gPnAxZTA+nO22j2FR3iXbtSqKLQ=,rTkKcMnS0sdABd6s2EJgIlnD0mA=
1,-13,gPnAxZTA+nO22j2FR3iXbtSqKLQ=,kvNJeNKa09imISMLKjdvq14Vq3U=
0,-13,gPnAxZTA+nO22j2FR3iXbtSqKLQ=,kvNJeNKa09imISMLKjdvq14Vq3U=
0,-14,Id2F+5fKLuygMxjHDAyA1frjr2Q=,kvNJeNKa09imISMLKjdvq14Vq3U=
0,-15,81PNbuIH+DHbNAphX7WW/ztmZWk=,LyDuAkTujLnmQC920ayURlwpx0g=
1,-14,Id2F+5fKLuygMxjHDAyA1frjr2Q=,kvNJeNKa09imISMLKjdvq14Vq3U=
1,-15,81PNbuIH+DHbNAphX7WW/ztmZWk=,LyDuAkTujLnmQC920ayURlwpx0g=
2,-15,81PNbuIH+DHbNAphX7WW/ztmZWk=,Qxu3zcXm4wClo9uZTJO/Ng5HmIU=
2,-14,Id2F+5fKLuygMxjHDAyA1frjr2Q=,rTkKcMnS0sdABd6s2EJgIlnD0mA=
13,-5,PXHlZ7gHhZrlRTO4vRBXfqE5EBE=,MhFVY7TD2Pr3/sWUzhBUEZtD5eU=
14,-5,huI2AGV5/CFxSQDZDulDJTsLVIA=,FGLvTx0R9FYc93EZbJFxwpiMfns=
14,-6,huI2AGV5/CFxSQDZDulDJTsLVIA=,FGLvTx0R9FYc93EZbJFxwpiMfns=
13,-6,PXHlZ7gHhZrlRTO4vRBXfqE5EBE=,MhFVY7TD2Pr3/sWUzhBUEZtD5eU=
13,-7,PXHlZ7gHhZrlRTO4vRBXfqE5EBE=,wcidnSU9OIKCpEpjovYGiscnyxc=
14,-7,huI2AGV5/CFxSQDZDulDJTsLVIA=,fqnABZrIFPTzUXAw+KLVzaGBpk4=
13,-8,oZdeYGs034Dd1N0hg8iqvJ+Jy3c=,wcidnSU9OIKCpEpjovYGiscnyxc=
13,-9,ia7h3pHKmRZG/d4Df6rP5pqjNEI=,Lc4bhYGS+meKBMqvk1v50aZCUhI=
14,-8,Saz5sN+CK6OSRHceAKWuEgf07VQ=,fqnABZrIFPTzUXAw+KLVzaGBpk4=
14,-9,Saz5sN+CK6OSRHceAKWuEgf07VQ=,Pp+hu9LGY9mjdN4499LclTCvtO8=
13,-11,oZdeYGs034Dd1N0hg8iqvJ+Jy3c=,yCPHjinS+KRowPhdVOa+iMs6MYg=
13,-10,ia7h3pHKmRZG/d4Df6rP5pqjNEI=,Lc4bhYGS+meKBMqvk1v50aZCUhI=
14,-11,Saz5sN+CK6OSRHceAKWuEgf07VQ=,P8dhQ6CouCiBAk7UlLRn/KLElus=
14,-10,Saz5sN+CK6OSRHceAKWuEgf07VQ=,Pp+hu9LGY9mjdN4499LclTCvtO8=
13,-12,uGC347OybDezICkBX0Dq4zmMn88=,yCPHjinS+KRowPhdVOa+iMs6MYg=
14,-13,THkwGqvtUYnTWYlD6cQRisf5f+k=,fNQBmUQbv/luAHgkCNdYvdAe1YE=
13,-13,uGC347OybDezICkBX0Dq4zmMn88=,XhBUHbdG7O7MvzkP6CL/IrHkRpg=
14,-12,THkwGqvtUYnTWYlD6cQRisf5f+k=,P8dhQ6CouCiBAk7UlLRn/KLElus=
13,-15,THkwGqvtUYnTWYlD6cQRisf5f+k=,wUPGyRR4kHfXCH94kScpCjJ8t6U=
14,-14,THkwGqvtUYnTWYlD6cQRisf5f+k=,fNQBmUQbv/luAHgkCNdYvdAe1YE=
13,-14,IVW/jgeV7jfpDtKIDRrVPApbROo=,XhBUHbdG7O7MvzkP6CL/IrHkRpg=
14,-15,THkwGqvtUYnTWYlD6cQRisf5f+k=,cz28eUdZ1BhNuunYPVohtrrIIaM=
11,-15,1lhKHegl/qlhqP6OMwiEXfQ63pE=,Z0Dt9KMLrj6UcZSqQXEqTNeWyOs=
12,-15,1lhKHegl/qlhqP6OMwiEXfQ63pE=,wUPGyRR4kHfXCH94kScpCjJ8t6U=
11,-14,ia7h3pHKmRZG/d4Df6rP5pqjNEI=,SW3pD+6GwvQ4o1WyMd0MPmB/3Jw=
12,-14,mjRNZ6f3o/KE8/rLyjPYjKqQCAQ=,XhBUHbdG7O7MvzkP6CL/IrHkRpg=
10,-15,1lhKHegl/qlhqP6OMwiEXfQ63pE=,Z0Dt9KMLrj6UcZSqQXEqTNeWyOs=
9,-15,1lhKHegl/qlhqP6OMwiEXfQ63pE=,ChutzNqD+OoZdQkrnMQFg57wWFk=
2,-16,81PNbuIH+DHbNAphX7WW/ztmZWk=,Qxu3zcXm4wClo9uZTJO/Ng5HmIU=
1,-16,81PNbuIH+DHbNAphX7WW/ztmZWk=,LyDuAkTujLnmQC920ayURlwpx0g=
10,-14,ia7h3pHKmRZG/d4Df6rP5pqjNEI=,SW3pD+6GwvQ4o1WyMd0MPmB/3Jw=
9,-14,GZJwcVkXKqF2O5QhRJ+8i1BPPJw=,fyK9ouPZniLj7ZD/ukFqxgU180k=
12,-12,GZJwcVkXKqF2O5QhRJ+8i1BPPJw=,yCPHjinS+KRowPhdVOa+iMs6MYg=
12,-13,GZJwcVkXKqF2O5QhRJ+8i1BPPJw=,XhBUHbdG7O7MvzkP6CL/IrHkRpg=
9,-13,GZJwcVkXKqF2O5QhRJ+8i1BPPJw=,fyK9ouPZniLj7ZD/ukFqxgU180k=
10,-13,ia7h3pHKmRZG/d4Df6rP5pqjNEI=,SW3pD+6GwvQ4o1WyMd0MPmB/3Jw=
11,-13,ia7h3pHKmRZG/d4Df6rP5pqjNEI=,SW3pD+6GwvQ4o1WyMd0MPmB/3Jw=
12,-10,ia7h3pHKmRZG/d4Df6rP5pqjNEI=,Lc4bhYGS+meKBMqvk1v50aZCUhI=
12,-11,GZJwcVkXKqF2O5QhRJ+8i1BPPJw=,yCPHjinS+KRowPhdVOa+iMs6MYg=
15,-13,81PNbuIH+DHbNAphX7WW/ztmZWk=,fNQBmUQbv/luAHgkCNdYvdAe1YE=
15,-12,81PNbuIH+DHbNAphX7WW/ztmZWk=,P8dhQ6CouCiBAk7UlLRn/KLElus=
15,-11,81PNbuIH+DHbNAphX7WW/ztmZWk=,P8dhQ6CouCiBAk7UlLRn/KLElus=
15,-10,81PNbuIH+DHbNAphX7WW/ztmZWk=,Pp+hu9LGY9mjdN4499LclTCvtO8=
13,-16,81PNbuIH+DHbNAphX7WW/ztmZWk=,wUPGyRR4kHfXCH94kScpCjJ8t6U=
14,-16,81PNbuIH+DHbNAphX7WW/ztmZWk=,cz28eUdZ1BhNuunYPVohtrrIIaM=
15,-8,81PNbuIH+DHbNAphX7WW/ztmZWk=,fqnABZrIFPTzUXAw+KLVzaGBpk4=
15,-9,81PNbuIH+DHbNAphX7WW/ztmZWk=,Pp+hu9LGY9mjdN4499LclTCvtO8=
15,-6,81PNbuIH+DHbNAphX7WW/ztmZWk=,FGLvTx0R9FYc93EZbJFxwpiMfns=
15,-7,81PNbuIH+DHbNAphX7WW/ztmZWk=,fqnABZrIFPTzUXAw+KLVzaGBpk4=
15,-5,81PNbuIH+DHbNAphX7WW/ztmZWk=,FGLvTx0R9FYc93EZbJFxwpiMfns=
15,-14,81PNbuIH+DHbNAphX7WW/ztmZWk=,fNQBmUQbv/luAHgkCNdYvdAe1YE=
15,-15,81PNbuIH+DHbNAphX7WW/ztmZWk=,cz28eUdZ1BhNuunYPVohtrrIIaM=
15,-16,81PNbuIH+DHbNAphX7WW/ztmZWk=,cz28eUdZ1BhNuunYPVohtrrIIaM=
9,-16,81PNbuIH+DHbNAphX7WW/ztmZWk=,ChutzNqD+OoZdQkrnMQFg57wWFk=
10,-16,81PNbuIH+DHbNAphX7WW/ztmZWk=,Z0Dt9KMLrj6UcZSqQXEqTNeWyOs=
11,-16,81PNbuIH+DHbNAphX7WW/ztmZWk=,Z0Dt9KMLrj6UcZSqQXEqTNeWyOs=
12,-16,81PNbuIH+DHbNAphX7WW/ztmZWk=,wUPGyRR4kHfXCH94kScpCjJ8t6U=
0,-16,81PNbuIH+DHbNAphX7WW/ztmZWk=,LyDuAkTujLnmQC920ayURlwpx0g=
8,-14,GZJwcVkXKqF2O5QhRJ+8i1BPPJw=,fyK9ouPZniLj7ZD/ukFqxgU180k=
7,-15,81PNbuIH+DHbNAphX7WW/ztmZWk=,aIh8L0dfOEIWnnAPOpDh/aleo7w=
7,-14,GZJwcVkXKqF2O5QhRJ+8i1BPPJw=,/0rzGGP9Kv34z9y92PCv15ax8Ps=
7,-16,81PNbuIH+DHbNAphX7WW/ztmZWk=,aIh8L0dfOEIWnnAPOpDh/aleo7w=
8,-15,81PNbuIH+DHbNAphX7WW/ztmZWk=,ChutzNqD+OoZdQkrnMQFg57wWFk=
8,-16,81PNbuIH+DHbNAphX7WW/ztmZWk=,ChutzNqD+OoZdQkrnMQFg57wWFk=
6,-16,81PNbuIH+DHbNAphX7WW/ztmZWk=,aIh8L0dfOEIWnnAPOpDh/aleo7w=
5,-15,81PNbuIH+DHbNAphX7WW/ztmZWk=,YBXR7zeyr1s2me2iTF/MxuTGRwQ=
4,-15,81PNbuIH+DHbNAphX7WW/ztmZWk=,YBXR7zeyr1s2me2iTF/MxuTGRwQ=
3,-16,81PNbuIH+DHbNAphX7WW/ztmZWk=,Qxu3zcXm4wClo9uZTJO/Ng5HmIU=
3,-15,81PNbuIH+DHbNAphX7WW/ztmZWk=,Qxu3zcXm4wClo9uZTJO/Ng5HmIU=
4,-16,81PNbuIH+DHbNAphX7WW/ztmZWk=,YBXR7zeyr1s2me2iTF/MxuTGRwQ=
5,-16,81PNbuIH+DHbNAphX7WW/ztmZWk=,YBXR7zeyr1s2me2iTF/MxuTGRwQ=
6,-15,81PNbuIH+DHbNAphX7WW/ztmZWk=,aIh8L0dfOEIWnnAPOpDh/aleo7w=
6,-14,g34ohzVcV4g23F5wlMGzmKra8Yw=,/0rzGGP9Kv34z9y92PCv15ax8Ps=
4,-14,g34ohzVcV4g23F5wlMGzmKra8Yw=,z5Wk0SOXJB4hnzI8ppwauCESE2o=
5,-14,g34ohzVcV4g23F5wlMGzmKra8Yw=,z5Wk0SOXJB4hnzI8ppwauCESE2o=
3,-14,g34ohzVcV4g23F5wlMGzmKra8Yw=,rTkKcMnS0sdABd6s2EJgIlnD0mA=
2,-20,MRgUJwlA6gh2sNsici/qyVBxRF0=,tN7E/qO7T6WM2YeK1gPVFxIk/Bg=
2,-19,lX/4qa1MqECcnwxwI29y0xgq8G0=,tN7E/qO7T6WM2YeK1gPVFxIk/Bg=
3,-20,B+i0AhDhioHVy7D29PzHD2iEecA=,tN7E/qO7T6WM2YeK1gPVFxIk/Bg=
3,-19,lX/4qa1MqECcnwxwI29y0xgq8G0=,tN7E/qO7T6WM2YeK1gPVFxIk/Bg=
17,-7,lBSoFI0HavxphLvXQlE95UwreR8=,JkREjCYSF4GKID50L4KWDtGtc5k=
17,-6,lBSoFI0HavxphLvXQlE95UwreR8=,UpM/Gk4qhqlqAcP7fRBzjRRe1q4=
18,-7,CG8timOfeoeQmDYY7LQ/n4E7ans=,13yU9GCbWaBnhLuwQEsPWwqBiQ0=
18,-6,CG8timOfeoeQmDYY7LQ/n4E7ans=,RJv6D3GO1bzTZhZxcwa5ks687sU=
17,-5,lBSoFI0HavxphLvXQlE95UwreR8=,UpM/Gk4qhqlqAcP7fRBzjRRe1q4=
18,-5,CG8timOfeoeQmDYY7LQ/n4E7ans=,RJv6D3GO1bzTZhZxcwa5ks687sU=
18,-8,CG8timOfeoeQmDYY7LQ/n4E7ans=,13yU9GCbWaBnhLuwQEsPWwqBiQ0=
18,-9,CG8timOfeoeQmDYY7LQ/n4E7ans=,lUOXGjGqE9LJio6H8tDkYTR8ZoA=
17,-9,otNZXG5Sfda28C34TzfAISGz6Jc=,UbQFeSf4X+DZqV6SlkpkvpMDTmg=
17,-8,otNZXG5Sfda28C34TzfAISGz6Jc=,JkREjCYSF4GKID50L4KWDtGtc5k=
18,-11,mVxbDhgshpw1ODJ1kwdPe0KXAec=,8aVq+pqL0zbQvo2QV2/86sqxKBY=
18,-10,mVxbDhgshpw1ODJ1kwdPe0KXAec=,lUOXGjGqE9LJio6H8tDkYTR8ZoA=
17,-10,otNZXG5Sfda28C34TzfAISGz6Jc=,UbQFeSf4X+DZqV6SlkpkvpMDTmg=
18,-13,mVxbDhgshpw1ODJ1kwdPe0KXAec=,XQNvgqs8wnBhiqypLitNPN6I2uI=
16,-10,Feq8pubGM8koSf0XEps8LVRoBiY=,UbQFeSf4X+DZqV6SlkpkvpMDTmg=
16,-9,Feq8pubGM8koSf0XEps8LVRoBiY=,UbQFeSf4X+DZqV6SlkpkvpMDTmg=
18,-12,mVxbDhgshpw1ODJ1kwdPe0KXAec=,8aVq+pqL0zbQvo2QV2/86sqxKBY=
16,-8,Feq8pubGM8koSf0XEps8LVRoBiY=,JkREjCYSF4GKID50L4KWDtGtc5k=
16,-6,Feq8pubGM8koSf0XEps8LVRoBiY=,UpM/Gk4qhqlqAcP7fRBzjRRe1q4=
16,-7,Feq8pubGM8koSf0XEps8LVRoBiY=,JkREjCYSF4GKID50L4KWDtGtc5k=
16,-5,Feq8pubGM8koSf0XEps8LVRoBiY=,UpM/Gk4qhqlqAcP7fRBzjRRe1q4=
18,-16,CG8timOfeoeQmDYY7LQ/n4E7ans=,3joO/K+1SNX4oxjZ3RzBAeIDPgw=
18,-14,CG8timOfeoeQmDYY7LQ/n4E7ans=,XQNvgqs8wnBhiqypLitNPN6I2uI=
18,-15,CG8timOfeoeQmDYY7LQ/n4E7ans=,3joO/K+1SNX4oxjZ3RzBAeIDPgw=
17,-15,Feq8pubGM8koSf0XEps8LVRoBiY=,jNZeO25fT++8JqNqU70XbnASdCE=
16,-15,Feq8pubGM8koSf0XEps8LVRoBiY=,jNZeO25fT++8JqNqU70XbnASdCE=
16,-16,Feq8pubGM8koSf0XEps8LVRoBiY=,jNZeO25fT++8JqNqU70XbnASdCE=
17,-16,Feq8pubGM8koSf0XEps8LVRoBiY=,jNZeO25fT++8JqNqU70XbnASdCE=
17,-19,jqZ/avjIm9r43SnRe7riUOv0i5o=,/FiwNLY7z3AYCzJjYb7ZyHyuOH0=
18,-19,jqZ/avjIm9r43SnRe7riUOv0i5o=,uMUH0lLVG9OI1NRH0ZEgrEu7FPQ=
18,-18,jqZ/avjIm9r43SnRe7riUOv0i5o=,72TwkbMprFcXMGBNdqZWlS8fZWI=
18,-17,jqZ/avjIm9r43SnRe7riUOv0i5o=,72TwkbMprFcXMGBNdqZWlS8fZWI=
16,-19,jqZ/avjIm9r43SnRe7riUOv0i5o=,/FiwNLY7z3AYCzJjYb7ZyHyuOH0=
17,-18,Feq8pubGM8koSf0XEps8LVRoBiY=,fKHODKfp8Hp4pQ06qgcfyItTDNI=
17,-17,Feq8pubGM8koSf0XEps8LVRoBiY=,fKHODKfp8Hp4pQ06qgcfyItTDNI=
16,-17,Feq8pubGM8koSf0XEps8LVRoBiY=,fKHODKfp8Hp4pQ06qgcfyItTDNI=
16,-18,Feq8pubGM8koSf0XEps8LVRoBiY=,fKHODKfp8Hp4pQ06qgcfyItTDNI=
1,-19,lX/4qa1MqECcnwxwI29y0xgq8G0=,CtV7K1mXjLCncivo4AX6Wrz3LyI=
1,-18,o7Pg3XkAoQNouWt7BCDxPCSHa6k=,9ysjlkavZeVyitVM0frStsu8Zak=
2,-18,o7Pg3XkAoQNouWt7BCDxPCSHa6k=,8WtunbioNWWXsvekE/bd8/NFMwc=
3,-18,o7Pg3XkAoQNouWt7BCDxPCSHa6k=,8WtunbioNWWXsvekE/bd8/NFMwc=
4,-19,lX/4qa1MqECcnwxwI29y0xgq8G0=,vJqxO8LFes8CEgTud083j8gg1c8=
4,-18,o7Pg3XkAoQNouWt7BCDxPCSHa6k=,vT22kQsqIMW4H8rhtlS+082BmPo=
5,-19,lX/4qa1MqECcnwxwI29y0xgq8G0=,vJqxO8LFes8CEgTud083j8gg1c8=
6,-19,6dOaCW0MTNQeDrjRRwcZuG+IjW0=,If0ywnIRqH8eMosfchR32h7wvBw=
5,-18,oOw/vBtgDOxpQJlAnB7dhf11oA4=,vT22kQsqIMW4H8rhtlS+082BmPo=
6,-18,oOw/vBtgDOxpQJlAnB7dhf11oA4=,u7khwe8r0BPEkDHE8C6v2aTLpcA=
7,-18,oOw/vBtgDOxpQJlAnB7dhf11oA4=,u7khwe8r0BPEkDHE8C6v2aTLpcA=
7,-19,6dOaCW0MTNQeDrjRRwcZuG+IjW0=,If0ywnIRqH8eMosfchR32h7wvBw=
8,-18,oOw/vBtgDOxpQJlAnB7dhf11oA4=,TaHU66QblcO07cKSLmXvF7IGDgI=
8,-19,lX/4qa1MqECcnwxwI29y0xgq8G0=,kw0nL60tXSMeAm19Ez+3zGRuv2Y=
9,-19,lX/4qa1MqECcnwxwI29y0xgq8G0=,kw0nL60tXSMeAm19Ez+3zGRuv2Y=
9,-18,9QgPzruqKba31aU86Lvf1L+JXT4=,TaHU66QblcO07cKSLmXvF7IGDgI=
10,-19,lX/4qa1MqECcnwxwI29y0xgq8G0=,QRSY+NHRAnfADABWDF1lil8ZjGY=
10,-18,9QgPzruqKba31aU86Lvf1L+JXT4=,9Ccq3lFpxgjk8+trUovzgy6AISg=
9,-17,9QgPzruqKba31aU86Lvf1L+JXT4=,TaHU66QblcO07cKSLmXvF7IGDgI=
10,-17,9QgPzruqKba31aU86Lvf1L+JXT4=,9Ccq3lFpxgjk8+trUovzgy6AISg=
7,-17,9QgPzruqKba31aU86Lvf1L+JXT4=,u7khwe8r0BPEkDHE8C6v2aTLpcA=
8,-17,9QgPzruqKba31aU86Lvf1L+JXT4=,TaHU66QblcO07cKSLmXvF7IGDgI=
5,-17,9QgPzruqKba31aU86Lvf1L+JXT4=,vT22kQsqIMW4H8rhtlS+082BmPo=
6,-17,9QgPzruqKba31aU86Lvf1L+JXT4=,u7khwe8r0BPEkDHE8C6v2aTLpcA=
4,-17,9QgPzruqKba31aU86Lvf1L+JXT4=,vT22kQsqIMW4H8rhtlS+082BmPo=
3,-17,9QgPzruqKba31aU86Lvf1L+JXT4=,8WtunbioNWWXsvekE/bd8/NFMwc=
1,-17,9QgPzruqKba31aU86Lvf1L+JXT4=,9ysjlkavZeVyitVM0frStsu8Zak=
2,-17,9QgPzruqKba31aU86Lvf1L+JXT4=,8WtunbioNWWXsvekE/bd8/NFMwc=
0,-17,9QgPzruqKba31aU86Lvf1L+JXT4=,9ysjlkavZeVyitVM0frStsu8Zak=
0,-19,lX/4qa1MqECcnwxwI29y0xgq8G0=,CtV7K1mXjLCncivo4AX6Wrz3LyI=
0,-18,9QgPzruqKba31aU86Lvf1L+JXT4=,9ysjlkavZeVyitVM0frStsu8Zak=
12,-17,9QgPzruqKba31aU86Lvf1L+JXT4=,3a2SlhCXVtriS5nCJOl2dMbJOWY=
11,-19,lX/4qa1MqECcnwxwI29y0xgq8G0=,QRSY+NHRAnfADABWDF1lil8ZjGY=
11,-18,9QgPzruqKba31aU86Lvf1L+JXT4=,9Ccq3lFpxgjk8+trUovzgy6AISg=
12,-18,9QgPzruqKba31aU86Lvf1L+JXT4=,3a2SlhCXVtriS5nCJOl2dMbJOWY=
12,-19,lX/4qa1MqECcnwxwI29y0xgq8G0=,z+by5yl5fgfGaiFyXawlneVgcRo=
11,-17,9QgPzruqKba31aU86Lvf1L+JXT4=,9Ccq3lFpxgjk8+trUovzgy6AISg=
15,-19,lX/4qa1MqECcnwxwI29y0xgq8G0=,KKsYZ7aXYEC5dkQJTdHrZCcuKjk=
14,-19,lX/4qa1MqECcnwxwI29y0xgq8G0=,KKsYZ7aXYEC5dkQJTdHrZCcuKjk=
13,-19,lX/4qa1MqECcnwxwI29y0xgq8G0=,z+by5yl5fgfGaiFyXawlneVgcRo=
13,-17,9QgPzruqKba31aU86Lvf1L+JXT4=,3a2SlhCXVtriS5nCJOl2dMbJOWY=
13,-18,9QgPzruqKba31aU86Lvf1L+JXT4=,3a2SlhCXVtriS5nCJOl2dMbJOWY=
14,-18,9QgPzruqKba31aU86Lvf1L+JXT4=,5rF8iOn0gHShs2AzIfYgHnd/GIs=
15,-17,9QgPzruqKba31aU86Lvf1L+JXT4=,5rF8iOn0gHShs2AzIfYgHnd/GIs=
15,-18,9QgPzruqKba31aU86Lvf1L+JXT4=,5rF8iOn0gHShs2AzIfYgHnd/GIs=
14,-17,9QgPzruqKba31aU86Lvf1L+JXT4=,5rF8iOn0gHShs2AzIfYgHnd/GIs=
21,-5,oQDG1EfmZwVJuHZ/AQhNpUDgfAQ=,OihbFL4LrV9lxXj5AyBXoOvxwvc=
20,-5,iy8yeCZIMQHQIrhmMhDk14pyd+c=,OihbFL4LrV9lxXj5AyBXoOvxwvc=
19,-5,G6yCTwUcWloIDI6Kg4DC5idkFKA=,RJv6D3GO1bzTZhZxcwa5ks687sU=
21,-6,DYFGVhLesSR18tUtl6C02bP9TdI=,OihbFL4LrV9lxXj5AyBXoOvxwvc=
21,-7,DYFGVhLesSR18tUtl6C02bP9TdI=,wcP2oU77tzW/HPocMC9ap4c7QnE=
19,-6,SjwT/+zqJTpL3Gri5vhXo1jN5eY=,RJv6D3GO1bzTZhZxcwa5ks687sU=
20,-7,iy8yeCZIMQHQIrhmMhDk14pyd+c=,wcP2oU77tzW/HPocMC9ap4c7QnE=
19,-7,SjwT/+zqJTpL3Gri5vhXo1jN5eY=,13yU9GCbWaBnhLuwQEsPWwqBiQ0=
20,-6,iy8yeCZIMQHQIrhmMhDk14pyd+c=,OihbFL4LrV9lxXj5AyBXoOvxwvc=
19,-8,SjwT/+zqJTpL3Gri5vhXo1jN5eY=,13yU9GCbWaBnhLuwQEsPWwqBiQ0=
19,-9,SjwT/+zqJTpL3Gri5vhXo1jN5eY=,lUOXGjGqE9LJio6H8tDkYTR8ZoA=
20,-9,iy8yeCZIMQHQIrhmMhDk14pyd+c=,34gi0z9EXn5WUBIxzOeWhCvzHNw=
21,-9,9WJCjk89sOO2Q9hZkezk5iDx4oY=,34gi0z9EXn5WUBIxzOeWhCvzHNw=
21,-8,9WJCjk89sOO2Q9hZkezk5iDx4oY=,wcP2oU77tzW/HPocMC9ap4c7QnE=
20,-8,iy8yeCZIMQHQIrhmMhDk14pyd+c=,wcP2oU77tzW/HPocMC9ap4c7QnE=
20,-10,tjzqZPE+NsoU1KQm+GsjKVYOYOw=,34gi0z9EXn5WUBIxzOeWhCvzHNw=
21,-11,9WJCjk89sOO2Q9hZkezk5iDx4oY=,eneAe82M8DKUSAwXU8K2TPt91Ow=
21,-10,9WJCjk89sOO2Q9hZkezk5iDx4oY=,34gi0z9EXn5WUBIxzOeWhCvzHNw=
19,-11,3jDFsBhp2n/5zlj+QPTfYXtwcZI=,8aVq+pqL0zbQvo2QV2/86sqxKBY=
20,-11,tjzqZPE+NsoU1KQm+GsjKVYOYOw=,eneAe82M8DKUSAwXU8K2TPt91Ow=
19,-10,3jDFsBhp2n/5zlj+QPTfYXtwcZI=,lUOXGjGqE9LJio6H8tDkYTR8ZoA=
21,-12,9WJCjk89sOO2Q9hZkezk5iDx4oY=,eneAe82M8DKUSAwXU8K2TPt91Ow=
21,-13,9WJCjk89sOO2Q9hZkezk5iDx4oY=,J1SvtiVrb2ORX3AFimdtGiSoU8M=
19,-12,3jDFsBhp2n/5zlj+QPTfYXtwcZI=,8aVq+pqL0zbQvo2QV2/86sqxKBY=
20,-12,tjzqZPE+NsoU1KQm+GsjKVYOYOw=,eneAe82M8DKUSAwXU8K2TPt91Ow=
20,-13,tjzqZPE+NsoU1KQm+GsjKVYOYOw=,J1SvtiVrb2ORX3AFimdtGiSoU8M=
19,-13,3jDFsBhp2n/5zlj+QPTfYXtwcZI=,XQNvgqs8wnBhiqypLitNPN6I2uI=
21,-15,tdNIGyZle5jA+Zv96ECRZZAQ8Mw=,iT0+lxjRE6K46J0i8FFL6g4qx0I=
21,-14,tdNIGyZle5jA+Zv96ECRZZAQ8Mw=,J1SvtiVrb2ORX3AFimdtGiSoU8M=
19,-15,CG8timOfeoeQmDYY7LQ/n4E7ans=,3joO/K+1SNX4oxjZ3RzBAeIDPgw=
20,-14,tjzqZPE+NsoU1KQm+GsjKVYOYOw=,J1SvtiVrb2ORX3AFimdtGiSoU8M=
20,-15,tjzqZPE+NsoU1KQm+GsjKVYOYOw=,iT0+lxjRE6K46J0i8FFL6g4qx0I=
19,-14,CG8timOfeoeQmDYY7LQ/n4E7ans=,XQNvgqs8wnBhiqypLitNPN6I2uI=
21,-16,tjzqZPE+NsoU1KQm+GsjKVYOYOw=,iT0+lxjRE6K46J0i8FFL6g4qx0I=
20,-16,tjzqZPE+NsoU1KQm+GsjKVYOYOw=,iT0+lxjRE6K46J0i8FFL6g4qx0I=
19,-16,CG8timOfeoeQmDYY7LQ/n4E7ans=,3joO/K+1SNX4oxjZ3RzBAeIDPgw=
21,-2,tjzqZPE+NsoU1KQm+GsjKVYOYOw=,dIQvOVYl9hE5iGsPBJVjKVgWdbY=
20,-2,tjzqZPE+NsoU1KQm+GsjKVYOYOw=,dIQvOVYl9hE5iGsPBJVjKVgWdbY=
21,-1,tjzqZPE+NsoU1KQm+GsjKVYOYOw=,dIQvOVYl9hE5iGsPBJVjKVgWdbY=
20,-1,tjzqZPE+NsoU1KQm+GsjKVYOYOw=,dIQvOVYl9hE5iGsPBJVjKVgWdbY=
21,-22,+5dsA9HMpP07bt/+3OfMfXRAf5Y=,R/pU8g4lYWBScxM8RqgdnllvfH8=
21,-20,n0Enj45VaUfqv3YlGafjlxEIh/4=,9472LIy6EDB3jfE3PuGIUWFM4Hs=
21,-21,n0Enj45VaUfqv3YlGafjlxEIh/4=,R/pU8g4lYWBScxM8RqgdnllvfH8=
19,-22,u7jmzE6X0mosL4BHLjjSjMj3O/E=,trrLvZDdQhzNCqzsRX+iLt0Fq04=
20,-22,B7Hf3S9LqRVRlXV9z3cdmGKyz+Y=,R/pU8g4lYWBScxM8RqgdnllvfH8=
20,-20,B7Hf3S9LqRVRlXV9z3cdmGKyz+Y=,9472LIy6EDB3jfE3PuGIUWFM4Hs=
19,-20,bfuNBZ2rmlnn00DvvCbn354o45o=,uMUH0lLVG9OI1NRH0ZEgrEu7FPQ=
20,-21,B7Hf3S9LqRVRlXV9z3cdmGKyz+Y=,R/pU8g4lYWBScxM8RqgdnllvfH8=
19,-21,B7Hf3S9LqRVRlXV9z3cdmGKyz+Y=,trrLvZDdQhzNCqzsRX+iLt0Fq04=
21,-19,L8zsjROJXSVi6u9K2ImpqAhdwBA=,9472LIy6EDB3jfE3PuGIUWFM4Hs=
21,-18,L8zsjROJXSVi6u9K2ImpqAhdwBA=,8KE8T4HIvKb3qL9Dh+5cozWURUM=
19,-18,jqZ/avjIm9r43SnRe7riUOv0i5o=,72TwkbMprFcXMGBNdqZWlS8fZWI=
20,-18,L8zsjROJXSVi6u9K2ImpqAhdwBA=,8KE8T4HIvKb3qL9Dh+5cozWURUM=
20,-19,L8zsjROJXSVi6u9K2ImpqAhdwBA=,9472LIy6EDB3jfE3PuGIUWFM4Hs=
19,-19,jqZ/avjIm9r43SnRe7riUOv0i5o=,uMUH0lLVG9OI1NRH0ZEgrEu7FPQ=
18,-22,B7Hf3S9LqRVRlXV9z3cdmGKyz+Y=,trrLvZDdQhzNCqzsRX+iLt0Fq04=
17,-22,B7Hf3S9LqRVRlXV9z3cdmGKyz+Y=,2i9GkB9QOjcvwB6vyCp0bGythV0=
16,-22,B7Hf3S9LqRVRlXV9z3cdmGKyz+Y=,2i9GkB9QOjcvwB6vyCp0bGythV0=
16,-21,L8zsjROJXSVi6u9K2ImpqAhdwBA=,2i9GkB9QOjcvwB6vyCp0bGythV0=
16,-20,jqZ/avjIm9r43SnRe7riUOv0i5o=,/FiwNLY7z3AYCzJjYb7ZyHyuOH0=
18,-21,B7Hf3S9LqRVRlXV9z3cdmGKyz+Y=,trrLvZDdQhzNCqzsRX+iLt0Fq04=
21,-17,L8zsjROJXSVi6u9K2ImpqAhdwBA=,8KE8T4HIvKb3qL9Dh+5cozWURUM=
17,-20,jqZ/avjIm9r43SnRe7riUOv0i5o=,/FiwNLY7z3AYCzJjYb7ZyHyuOH0=
18,-20,jqZ/avjIm9r43SnRe7riUOv0i5o=,uMUH0lLVG9OI1NRH0ZEgrEu7FPQ=
17,-21,B7Hf3S9LqRVRlXV9z3cdmGKyz+Y=,2i9GkB9QOjcvwB6vyCp0bGythV0=
20,-17,L8zsjROJXSVi6u9K2ImpqAhdwBA=,8KE8T4HIvKb3qL9Dh+5cozWURUM=
19,-17,jqZ/avjIm9r43SnRe7riUOv0i5o=,72TwkbMprFcXMGBNdqZWlS8fZWI=
2,-22,1XaWxoU0s5aumFahGqVzLo+8Obg=,jrUu+ArelsSwiA1saBNb2Oz5AuA=
1,-22,1XaWxoU0s5aumFahGqVzLo+8Obg=,M39P4bIuQyHyMpngEtJHgmhT2yc=
2,-21,zdU1sFDF7FZ7lD4MCKQ/vceeJGQ=,jrUu+ArelsSwiA1saBNb2Oz5AuA=
1,-20,MRgUJwlA6gh2sNsici/qyVBxRF0=,CtV7K1mXjLCncivo4AX6Wrz3LyI=
1,-21,zdU1sFDF7FZ7lD4MCKQ/vceeJGQ=,M39P4bIuQyHyMpngEtJHgmhT2yc=
3,-22,pPK4HzoJW1Gbg9VYOjRve1a+ZQI=,jrUu+ArelsSwiA1saBNb2Oz5AuA=
4,-22,pPK4HzoJW1Gbg9VYOjRve1a+ZQI=,oVSLvmopaU9dbbJE1mR6RT5WL6s=
6,-22,xWV8tOTDWvEJsFRHbGm5GW9JDp0=,NhdACGTTsehOl63AaihjWB+4SyU=
5,-22,xWV8tOTDWvEJsFRHbGm5GW9JDp0=,oVSLvmopaU9dbbJE1mR6RT5WL6s=
4,-20,B+i0AhDhioHVy7D29PzHD2iEecA=,vJqxO8LFes8CEgTud083j8gg1c8=
4,-21,6dOaCW0MTNQeDrjRRwcZuG+IjW0=,oVSLvmopaU9dbbJE1mR6RT5WL6s=
3,-21,6dOaCW0MTNQeDrjRRwcZuG+IjW0=,jrUu+ArelsSwiA1saBNb2Oz5AuA=
5,-21,6dOaCW0MTNQeDrjRRwcZuG+IjW0=,oVSLvmopaU9dbbJE1mR6RT5WL6s=
6,-20,6dOaCW0MTNQeDrjRRwcZuG+IjW0=,If0ywnIRqH8eMosfchR32h7wvBw=
6,-21,6dOaCW0MTNQeDrjRRwcZuG+IjW0=,NhdACGTTsehOl63AaihjWB+4SyU=
5,-20,B+i0AhDhioHVy7D29PzHD2iEecA=,vJqxO8LFes8CEgTud083j8gg1c8=
7,-22,FWyP5/Bgc+lLOeU/pHVgyr2IY/Y=,NhdACGTTsehOl63AaihjWB+4SyU=
8,-22,FWyP5/Bgc+lLOeU/pHVgyr2IY/Y=,Db3m45hqzF12qTsGmma5IQBA5po=
10,-22,QqLsx7OZ53HMdSet8fUo24msYao=,to5uxXGeNw6GcJ3Hu/xwbhu5Wx8=
9,-22,QqLsx7OZ53HMdSet8fUo24msYao=,Db3m45hqzF12qTsGmma5IQBA5po=
7,-20,6dOaCW0MTNQeDrjRRwcZuG+IjW0=,If0ywnIRqH8eMosfchR32h7wvBw=
8,-20,iMvGBrxZtSnKQxpdm4A6PRMPXHo=,kw0nL60tXSMeAm19Ez+3zGRuv2Y=
8,-21,6dOaCW0MTNQeDrjRRwcZuG+IjW0=,Db3m45hqzF12qTsGmma5IQBA5po=
7,-21,6dOaCW0MTNQeDrjRRwcZuG+IjW0=,NhdACGTTsehOl63AaihjWB+4SyU=
10,-20,WfTA3awf27fBOLuUkBai5VziuWo=,QRSY+NHRAnfADABWDF1lil8ZjGY=
10,-21,6dOaCW0MTNQeDrjRRwcZuG+IjW0=,to5uxXGeNw6GcJ3Hu/xwbhu5Wx8=
9,-20,WfTA3awf27fBOLuUkBai5VziuWo=,kw0nL60tXSMeAm19Ez+3zGRuv2Y=
9,-21,6dOaCW0MTNQeDrjRRwcZuG+IjW0=,Db3m45hqzF12qTsGmma5IQBA5po=
12,-22,L5v996Kqez6NzZ5Mk6jO3z7IuGg=,NRUvzrd+UEe0G9bRoYMb5Lpl0Ls=
11,-22,L5v996Kqez6NzZ5Mk6jO3z7IuGg=,to5uxXGeNw6GcJ3Hu/xwbhu5Wx8=
12,-20,lX/4qa1MqECcnwxwI29y0xgq8G0=,z+by5yl5fgfGaiFyXawlneVgcRo=
11,-20,lX/4qa1MqECcnwxwI29y0xgq8G0=,QRSY+NHRAnfADABWDF1lil8ZjGY=
11,-21,1XaWxoU0s5aumFahGqVzLo+8Obg=,to5uxXGeNw6GcJ3Hu/xwbhu5Wx8=
12,-21,1XaWxoU0s5aumFahGqVzLo+8Obg=,NRUvzrd+UEe0G9bRoYMb5Lpl0Ls=
0,-20,lX/4qa1MqECcnwxwI29y0xgq8G0=,CtV7K1mXjLCncivo4AX6Wrz3LyI=
13,-22,Ezfhl2lhAvzNSpmZ7LlUgN6iW0A=,NRUvzrd+UEe0G9bRoYMb5Lpl0Ls=
0,-21,zdU1sFDF7FZ7lD4MCKQ/vceeJGQ=,M39P4bIuQyHyMpngEtJHgmhT2yc=
0,-22,zdU1sFDF7FZ7lD4MCKQ/vceeJGQ=,M39P4bIuQyHyMpngEtJHgmhT2yc=
15,-20,lX/4qa1MqECcnwxwI29y0xgq8G0=,KKsYZ7aXYEC5dkQJTdHrZCcuKjk=
14,-20,lX/4qa1MqECcnwxwI29y0xgq8G0=,KKsYZ7aXYEC5dkQJTdHrZCcuKjk=
13,-20,lX/4qa1MqECcnwxwI29y0xgq8G0=,z+by5yl5fgfGaiFyXawlneVgcRo=
13,-21,1XaWxoU0s5aumFahGqVzLo+8Obg=,NRUvzrd+UEe0G9bRoYMb5Lpl0Ls=
15,-21,zdU1sFDF7FZ7lD4MCKQ/vceeJGQ=,Kcp/9LbiHJvtgFfmwjlvcz9ZMiw=
14,-22,Ezfhl2lhAvzNSpmZ7LlUgN6iW0A=,Kcp/9LbiHJvtgFfmwjlvcz9ZMiw=
14,-21,1XaWxoU0s5aumFahGqVzLo+8Obg=,Kcp/9LbiHJvtgFfmwjlvcz9ZMiw=
15,-22,1XaWxoU0s5aumFahGqVzLo+8Obg=,Kcp/9LbiHJvtgFfmwjlvcz9ZMiw=
25,-11,uJpmlSnvJxk2KBWlIJhjjxkaIE4=,F7QvVHEEJVhLs4fiaNu+5aChgG0=
25,-10,uJpmlSnvJxk2KBWlIJhjjxkaIE4=,v7yTtlM2iZKsD5VSRhVsDr2nvv0=
25,-13,X5yG/QdEBKn7LOSE2yXIPByx9/c=,5Nf4rNHdtdP4xXtsBvpVNJou2sY=
25,-12,X5yG/QdEBKn7LOSE2yXIPByx9/c=,F7QvVHEEJVhLs4fiaNu+5aChgG0=
24,-10,X5yG/QdEBKn7LOSE2yXIPByx9/c=,v7yTtlM2iZKsD5VSRhVsDr2nvv0=
24,-11,X5yG/QdEBKn7LOSE2yXIPByx9/c=,F7QvVHEEJVhLs4fiaNu+5aChgG0=
23,-11,X5yG/QdEBKn7LOSE2yXIPByx9/c=,8XutYmTdaXwDfx9uXV2N4zXJkHE=
23,-10,X5yG/QdEBKn7LOSE2yXIPByx9/c=,FF22YO8MLxWzj4RK6HMf2ZcjI6Y=
23,-12,X5yG/QdEBKn7LOSE2yXIPByx9/c=,8XutYmTdaXwDfx9uXV2N4zXJkHE=
24,-12,X5yG/QdEBKn7LOSE2yXIPByx9/c=,F7QvVHEEJVhLs4fiaNu+5aChgG0=
24,-13,X5yG/QdEBKn7LOSE2yXIPByx9/c=,5Nf4rNHdtdP4xXtsBvpVNJou2sY=
23,-13,X5yG/QdEBKn7LOSE2yXIPByx9/c=,KKNPWVZlGquhK3eznpEipBsqBec=
25,-14,tdNIGyZle5jA+Zv96ECRZZAQ8Mw=,5Nf4rNHdtdP4xXtsBvpVNJou2sY=
23,-14,tdNIGyZle5jA+Zv96ECRZZAQ8Mw=,KKNPWVZlGquhK3eznpEipBsqBec=
25,-15,tdNIGyZle5jA+Zv96ECRZZAQ8Mw=,hymB+sUw/4I88Oe4vlY+obm6DiI=
24,-14,tdNIGyZle5jA+Zv96ECRZZAQ8Mw=,5Nf4rNHdtdP4xXtsBvpVNJou2sY=
24,-15,tdNIGyZle5jA+Zv96ECRZZAQ8Mw=,hymB+sUw/4I88Oe4vlY+obm6DiI=
23,-15,tdNIGyZle5jA+Zv96ECRZZAQ8Mw=,YEU+2r8oZW2Tegb5Iurq+QjS3DM=
22,-15,tdNIGyZle5jA+Zv96ECRZZAQ8Mw=,YEU+2r8oZW2Tegb5Iurq+QjS3DM=
22,-14,tdNIGyZle5jA+Zv96ECRZZAQ8Mw=,KKNPWVZlGquhK3eznpEipBsqBec=
22,-12,9WJCjk89sOO2Q9hZkezk5iDx4oY=,8XutYmTdaXwDfx9uXV2N4zXJkHE=
22,-13,9WJCjk89sOO2Q9hZkezk5iDx4oY=,KKNPWVZlGquhK3eznpEipBsqBec=
22,-11,9WJCjk89sOO2Q9hZkezk5iDx4oY=,8XutYmTdaXwDfx9uXV2N4zXJkHE=
22,-10,9WJCjk89sOO2Q9hZkezk5iDx4oY=,FF22YO8MLxWzj4RK6HMf2ZcjI6Y=
22,-8,9WJCjk89sOO2Q9hZkezk5iDx4oY=,pgFZk+OP5vugcE003nQ/3eDjDu8=
22,-9,9WJCjk89sOO2Q9hZkezk5iDx4oY=,FF22YO8MLxWzj4RK6HMf2ZcjI6Y=
25,-6,9t9xDdIpwj0k1opNdwy+ercfQ6Q=,imtWR5pCY1kBAFLf7Wsdmz7tWkU=
25,-9,9t9xDdIpwj0k1opNdwy+ercfQ6Q=,v7yTtlM2iZKsD5VSRhVsDr2nvv0=
24,-9,9t9xDdIpwj0k1opNdwy+ercfQ6Q=,v7yTtlM2iZKsD5VSRhVsDr2nvv0=
24,-8,9t9xDdIpwj0k1opNdwy+ercfQ6Q=,iaFBzHiAaB+yU7UnSxpcrM9OwBc=
23,-8,9t9xDdIpwj0k1opNdwy+ercfQ6Q=,pgFZk+OP5vugcE003nQ/3eDjDu8=
25,-8,9t9xDdIpwj0k1opNdwy+ercfQ6Q=,iaFBzHiAaB+yU7UnSxpcrM9OwBc=
25,-7,9t9xDdIpwj0k1opNdwy+ercfQ6Q=,iaFBzHiAaB+yU7UnSxpcrM9OwBc=
23,-9,9t9xDdIpwj0k1opNdwy+ercfQ6Q=,FF22YO8MLxWzj4RK6HMf2ZcjI6Y=
24,-7,9t9xDdIpwj0k1opNdwy+ercfQ6Q=,iaFBzHiAaB+yU7UnSxpcrM9OwBc=
23,-7,9t9xDdIpwj0k1opNdwy+ercfQ6Q=,pgFZk+OP5vugcE003nQ/3eDjDu8=
23,-6,9t9xDdIpwj0k1opNdwy+ercfQ6Q=,WmLjesVTNUzY7nNyOpsNfRDwaYM=
24,-6,9t9xDdIpwj0k1opNdwy+ercfQ6Q=,imtWR5pCY1kBAFLf7Wsdmz7tWkU=
22,-6,DYFGVhLesSR18tUtl6C02bP9TdI=,WmLjesVTNUzY7nNyOpsNfRDwaYM=
22,-7,DYFGVhLesSR18tUtl6C02bP9TdI=,pgFZk+OP5vugcE003nQ/3eDjDu8=
25,-4,DYFGVhLesSR18tUtl6C02bP9TdI=,qlqCwZf2TT7aKeAqNMnaDtNehWU=
25,-5,DYFGVhLesSR18tUtl6C02bP9TdI=,imtWR5pCY1kBAFLf7Wsdmz7tWkU=
23,-4,oQDG1EfmZwVJuHZ/AQhNpUDgfAQ=,Ay+YFZyqLn+wBWLaG9XF4J9OyP8=
24,-4,oQDG1EfmZwVJuHZ/AQhNpUDgfAQ=,qlqCwZf2TT7aKeAqNMnaDtNehWU=
23,-5,oQDG1EfmZwVJuHZ/AQhNpUDgfAQ=,WmLjesVTNUzY7nNyOpsNfRDwaYM=
24,-5,oQDG1EfmZwVJuHZ/AQhNpUDgfAQ=,imtWR5pCY1kBAFLf7Wsdmz7tWkU=
22,-5,oQDG1EfmZwVJuHZ/AQhNpUDgfAQ=,WmLjesVTNUzY7nNyOpsNfRDwaYM=
22,-4,oQDG1EfmZwVJuHZ/AQhNpUDgfAQ=,Ay+YFZyqLn+wBWLaG9XF4J9OyP8=
25,-3,iy8yeCZIMQHQIrhmMhDk14pyd+c=,qlqCwZf2TT7aKeAqNMnaDtNehWU=
25,-2,iy8yeCZIMQHQIrhmMhDk14pyd+c=,ELqlDETrzD1SoFmfgUGvv8bHRAM=
25,-1,iy8yeCZIMQHQIrhmMhDk14pyd+c=,ELqlDETrzD1SoFmfgUGvv8bHRAM=
23,-1,iy8yeCZIMQHQIrhmMhDk14pyd+c=,f+4yrLdbY52xUPgw5rznxjYP05g=
24,-1,iy8yeCZIMQHQIrhmMhDk14pyd+c=,ELqlDETrzD1SoFmfgUGvv8bHRAM=
23,-3,iy8yeCZIMQHQIrhmMhDk14pyd+c=,Ay+YFZyqLn+wBWLaG9XF4J9OyP8=
24,-3,iy8yeCZIMQHQIrhmMhDk14pyd+c=,qlqCwZf2TT7aKeAqNMnaDtNehWU=
23,-2,iy8yeCZIMQHQIrhmMhDk14pyd+c=,f+4yrLdbY52xUPgw5rznxjYP05g=
24,-2,iy8yeCZIMQHQIrhmMhDk14pyd+c=,ELqlDETrzD1SoFmfgUGvv8bHRAM=
22,-3,tjzqZPE+NsoU1KQm+GsjKVYOYOw=,Ay+YFZyqLn+wBWLaG9XF4J9OyP8=
22,-1,tjzqZPE+NsoU1KQm+GsjKVYOYOw=,f+4yrLdbY52xUPgw5rznxjYP05g=
22,-2,tjzqZPE+NsoU1KQm+GsjKVYOYOw=,f+4yrLdbY52xUPgw5rznxjYP05g=
22,-16,tjzqZPE+NsoU1KQm+GsjKVYOYOw=,YEU+2r8oZW2Tegb5Iurq+QjS3DM=
23,-16,tjzqZPE+NsoU1KQm+GsjKVYOYOw=,YEU+2r8oZW2Tegb5Iurq+QjS3DM=
25,-16,tjzqZPE+NsoU1KQm+GsjKVYOYOw=,hymB+sUw/4I88Oe4vlY+obm6DiI=
24,-16,tjzqZPE+NsoU1KQm+GsjKVYOYOw=,hymB+sUw/4I88Oe4vlY+obm6DiI=
25,-21,pTr0grjPxSMvvZVwWeA8riZN9qM=,FXuS0LlathbVmsEKgdVvOfSo4Uo=
25,-20,pTr0grjPxSMvvZVwWeA8riZN9qM=,tkZN0eN4m7lP2l7KRbBl465vk+g=
23,-21,Ol5X3k7jwR40LnaXHLLHrvpfcac=,oHh/63hfqK9KlqqCqRU62pZ1C1I=
24,-21,Ol5X3k7jwR40LnaXHLLHrvpfcac=,FXuS0LlathbVmsEKgdVvOfSo4Uo=
24,-20,Ol5X3k7jwR40LnaXHLLHrvpfcac=,tkZN0eN4m7lP2l7KRbBl465vk+g=
23,-20,Ol5X3k7jwR40LnaXHLLHrvpfcac=,v1+VqnF8SdN2/Pz+5JPwM8rYMA8=
22,-20,n0Enj45VaUfqv3YlGafjlxEIh/4=,v1+VqnF8SdN2/Pz+5JPwM8rYMA8=
22,-21,n0Enj45VaUfqv3YlGafjlxEIh/4=,oHh/63hfqK9KlqqCqRU62pZ1C1I=
22,-22,+5dsA9HMpP07bt/+3OfMfXRAf5Y=,oHh/63hfqK9KlqqCqRU62pZ1C1I=
22,-23,+5dsA9HMpP07bt/+3OfMfXRAf5Y=,9tk8+razd5W8ilv3HQTfEvY7Imw=
21,-23,+5dsA9HMpP07bt/+3OfMfXRAf5Y=,LNGQoLC0/J82zUPdOy7e8deA1cs=
18,-25,u7jmzE6X0mosL4BHLjjSjMj3O/E=,1gOOjn5jVIbWt7SSiQuhwXBIjlk=
17,-25,u7jmzE6X0mosL4BHLjjSjMj3O/E=,Mzh77sz9maHhAPG2A9FN50OqMhc=
17,-24,u7jmzE6X0mosL4BHLjjSjMj3O/E=,HV9ItKCEIUFJ51Z3EcgWckJhtEo=
18,-24,u7jmzE6X0mosL4BHLjjSjMj3O/E=,+dIQdR8HQClo/atLLT6In+Ckngc=
16,-25,u7jmzE6X0mosL4BHLjjSjMj3O/E=,Mzh77sz9maHhAPG2A9FN50OqMhc=
16,-24,u7jmzE6X0mosL4BHLjjSjMj3O/E=,HV9ItKCEIUFJ51Z3EcgWckJhtEo=
18,-23,u7jmzE6X0mosL4BHLjjSjMj3O/E=,+dIQdR8HQClo/atLLT6In+Ckngc=
17,-23,B7Hf3S9LqRVRlXV9z3cdmGKyz+Y=,HV9ItKCEIUFJ51Z3EcgWckJhtEo=
20,-23,B7Hf3S9LqRVRlXV9z3cdmGKyz+Y=,LNGQoLC0/J82zUPdOy7e8deA1cs=
19,-23,B7Hf3S9LqRVRlXV9z3cdmGKyz+Y=,+dIQdR8HQClo/atLLT6In+Ckngc=
25,-19,B7Hf3S9LqRVRlXV9z3cdmGKyz+Y=,tkZN0eN4m7lP2l7KRbBl465vk+g=
25,-18,B7Hf3S9LqRVRlXV9z3cdmGKyz+Y=,kSEHCAq+wrA3uSWZv/rAcoo/cIo=
25,-17,B7Hf3S9LqRVRlXV9z3cdmGKyz+Y=,kSEHCAq+wrA3uSWZv/rAcoo/cIo=
16,-23,B7Hf3S9LqRVRlXV9z3cdmGKyz+Y=,HV9ItKCEIUFJ51Z3EcgWckJhtEo=
24,-19,L8zsjROJXSVi6u9K2ImpqAhdwBA=,tkZN0eN4m7lP2l7KRbBl465vk+g=
23,-19,L8zsjROJXSVi6u9K2ImpqAhdwBA=,v1+VqnF8SdN2/Pz+5JPwM8rYMA8=
23,-17,L8zsjROJXSVi6u9K2ImpqAhdwBA=,Du9Tn91xZUFOIY+wRaJBqruh41w=
24,-18,L8zsjROJXSVi6u9K2ImpqAhdwBA=,kSEHCAq+wrA3uSWZv/rAcoo/cIo=
24,-17,L8zsjROJXSVi6u9K2ImpqAhdwBA=,kSEHCAq+wrA3uSWZv/rAcoo/cIo=
22,-19,L8zsjROJXSVi6u9K2ImpqAhdwBA=,v1+VqnF8SdN2/Pz+5JPwM8rYMA8=
22,-18,L8zsjROJXSVi6u9K2ImpqAhdwBA=,Du9Tn91xZUFOIY+wRaJBqruh41w=
23,-18,L8zsjROJXSVi6u9K2ImpqAhdwBA=,Du9Tn91xZUFOIY+wRaJBqruh41w=
22,-17,L8zsjROJXSVi6u9K2ImpqAhdwBA=,Du9Tn91xZUFOIY+wRaJBqruh41w=
19,-24,L8zsjROJXSVi6u9K2ImpqAhdwBA=,+dIQdR8HQClo/atLLT6In+Ckngc=
19,-25,L8zsjROJXSVi6u9K2ImpqAhdwBA=,1gOOjn5jVIbWt7SSiQuhwXBIjlk=
20,-24,L8zsjROJXSVi6u9K2ImpqAhdwBA=,LNGQoLC0/J82zUPdOy7e8deA1cs=
20,-25,L8zsjROJXSVi6u9K2ImpqAhdwBA=,gtCLPTGI9+o65lOKkIvq1msnO8k=
21,-24,L8zsjROJXSVi6u9K2ImpqAhdwBA=,LNGQoLC0/J82zUPdOy7e8deA1cs=
21,-25,L8zsjROJXSVi6u9K2ImpqAhdwBA=,gtCLPTGI9+o65lOKkIvq1msnO8k=
22,-24,L8zsjROJXSVi6u9K2ImpqAhdwBA=,9tk8+razd5W8ilv3HQTfEvY7Imw=
25,-22,L8zsjROJXSVi6u9K2ImpqAhdwBA=,FXuS0LlathbVmsEKgdVvOfSo4Uo=
25,-25,L8zsjROJXSVi6u9K2ImpqAhdwBA=,iWtOPnjbMrik8L6DwG8wH6jiup8=
22,-25,L8zsjROJXSVi6u9K2ImpqAhdwBA=,4x0E85sqkEgEMatbv64UePqkmLA=
25,-24,L8zsjROJXSVi6u9K2ImpqAhdwBA=,lAHAgY1Mu5044nQgYDTri5Zmf28=
25,-23,L8zsjROJXSVi6u9K2ImpqAhdwBA=,lAHAgY1Mu5044nQgYDTri5Zmf28=
23,-23,L8zsjROJXSVi6u9K2ImpqAhdwBA=,9tk8+razd5W8ilv3HQTfEvY7Imw=
23,-22,L8zsjROJXSVi6u9K2ImpqAhdwBA=,oHh/63hfqK9KlqqCqRU62pZ1C1I=
24,-24,L8zsjROJXSVi6u9K2ImpqAhdwBA=,lAHAgY1Mu5044nQgYDTri5Zmf28=
24,-22,L8zsjROJXSVi6u9K2ImpqAhdwBA=,FXuS0LlathbVmsEKgdVvOfSo4Uo=
24,-23,L8zsjROJXSVi6u9K2ImpqAhdwBA=,lAHAgY1Mu5044nQgYDTri5Zmf28=
24,-25,L8zsjROJXSVi6u9K2ImpqAhdwBA=,iWtOPnjbMrik8L6DwG8wH6jiup8=
23,-25,L8zsjROJXSVi6u9K2ImpqAhdwBA=,4x0E85sqkEgEMatbv64UePqkmLA=
23,-24,L8zsjROJXSVi6u9K2ImpqAhdwBA=,9tk8+razd5W8ilv3HQTfEvY7Imw=
13,-23,Ezfhl2lhAvzNSpmZ7LlUgN6iW0A=,BufR0edjXROUZaB0B8ik6cG7Xxo=
14,-23,Ezfhl2lhAvzNSpmZ7LlUgN6iW0A=,O2oWEmlmwXHPjUAUsWEZBVaExXU=
11,-23,L5v996Kqez6NzZ5Mk6jO3z7IuGg=,098nqMgv91n9hDm0X1mZLXHw1i0=
12,-23,L5v996Kqez6NzZ5Mk6jO3z7IuGg=,BufR0edjXROUZaB0B8ik6cG7Xxo=
10,-23,QqLsx7OZ53HMdSet8fUo24msYao=,098nqMgv91n9hDm0X1mZLXHw1i0=
9,-23,waAHpwbBVU9etmqzd4Ofkuvsh/s=,DtgW+AJ6JWNGYuM3Gzl3PRvedt4=
8,-23,FWyP5/Bgc+lLOeU/pHVgyr2IY/Y=,DtgW+AJ6JWNGYuM3Gzl3PRvedt4=
7,-23,FWyP5/Bgc+lLOeU/pHVgyr2IY/Y=,vWhbszI9v+x/qEizWfDyv9c7VdY=
5,-23,xWV8tOTDWvEJsFRHbGm5GW9JDp0=,pi7otBGy+lwF3ktAETz5yFuqUtA=
6,-23,xWV8tOTDWvEJsFRHbGm5GW9JDp0=,vWhbszI9v+x/qEizWfDyv9c7VdY=
4,-23,pPK4HzoJW1Gbg9VYOjRve1a+ZQI=,pi7otBGy+lwF3ktAETz5yFuqUtA=
3,-23,pPK4HzoJW1Gbg9VYOjRve1a+ZQI=,TRPx34FARcu3WHOsUBzFt6uToTY=
1,-23,1XaWxoU0s5aumFahGqVzLo+8Obg=,V9v2nJVsJWViGEvp0tiDtwEFouc=
2,-23,1XaWxoU0s5aumFahGqVzLo+8Obg=,TRPx34FARcu3WHOsUBzFt6uToTY=
1,-25,1XaWxoU0s5aumFahGqVzLo+8Obg=,Q8/layU1vxO9PgFla6x7o2jal6E=
2,-25,1XaWxoU0s5aumFahGqVzLo+8Obg=,7CpktWg6XeUZoapY2BZYzLdk9cE=
2,-24,1XaWxoU0s5aumFahGqVzLo+8Obg=,TRPx34FARcu3WHOsUBzFt6uToTY=
1,-24,1XaWxoU0s5aumFahGqVzLo+8Obg=,V9v2nJVsJWViGEvp0tiDtwEFouc=
4,-25,1XaWxoU0s5aumFahGqVzLo+8Obg=,JGcSnwcIy+ahRD/lG/GI8j7kspA=
3,-24,1XaWxoU0s5aumFahGqVzLo+8Obg=,TRPx34FARcu3WHOsUBzFt6uToTY=
4,-24,1XaWxoU0s5aumFahGqVzLo+8Obg=,pi7otBGy+lwF3ktAETz5yFuqUtA=
3,-25,1XaWxoU0s5aumFahGqVzLo+8Obg=,7CpktWg6XeUZoapY2BZYzLdk9cE=
5,-25,1XaWxoU0s5aumFahGqVzLo+8Obg=,JGcSnwcIy+ahRD/lG/GI8j7kspA=
6,-24,1XaWxoU0s5aumFahGqVzLo+8Obg=,vWhbszI9v+x/qEizWfDyv9c7VdY=
5,-24,1XaWxoU0s5aumFahGqVzLo+8Obg=,pi7otBGy+lwF3ktAETz5yFuqUtA=
6,-25,1XaWxoU0s5aumFahGqVzLo+8Obg=,jbrU+cnGqJdUnLB3+FYdn2DC+QQ=
8,-24,1XaWxoU0s5aumFahGqVzLo+8Obg=,DtgW+AJ6JWNGYuM3Gzl3PRvedt4=
7,-24,1XaWxoU0s5aumFahGqVzLo+8Obg=,vWhbszI9v+x/qEizWfDyv9c7VdY=
8,-25,1XaWxoU0s5aumFahGqVzLo+8Obg=,DBzIL5BMgd5J10Xx6u+F1bh0wb4=
7,-25,1XaWxoU0s5aumFahGqVzLo+8Obg=,jbrU+cnGqJdUnLB3+FYdn2DC+QQ=
14,-24,1XaWxoU0s5aumFahGqVzLo+8Obg=,O2oWEmlmwXHPjUAUsWEZBVaExXU=
13,-24,1XaWxoU0s5aumFahGqVzLo+8Obg=,BufR0edjXROUZaB0B8ik6cG7Xxo=
13,-25,1XaWxoU0s5aumFahGqVzLo+8Obg=,gkSLeJvWB9Zhu2sLfNq7sbCF3Q0=
15,-23,1XaWxoU0s5aumFahGqVzLo+8Obg=,O2oWEmlmwXHPjUAUsWEZBVaExXU=
15,-25,1XaWxoU0s5aumFahGqVzLo+8Obg=,Fwq3bX3taHFFU44ln283VgowV/Y=
15,-24,1XaWxoU0s5aumFahGqVzLo+8Obg=,O2oWEmlmwXHPjUAUsWEZBVaExXU=
12,-25,1XaWxoU0s5aumFahGqVzLo+8Obg=,gkSLeJvWB9Zhu2sLfNq7sbCF3Q0=
14,-25,1XaWxoU0s5aumFahGqVzLo+8Obg=,Fwq3bX3taHFFU44ln283VgowV/Y=
11,-25,1XaWxoU0s5aumFahGqVzLo+8Obg=,/llTmriWmAUQJXvom3yFB6iNkzM=
9,-25,1XaWxoU0s5aumFahGqVzLo+8Obg=,DBzIL5BMgd5J10Xx6u+F1bh0wb4=
9,-24,1XaWxoU0s5aumFahGqVzLo+8Obg=,DtgW+AJ6JWNGYuM3Gzl3PRvedt4=
12,-24,1XaWxoU0s5aumFahGqVzLo+8Obg=,BufR0edjXROUZaB0B8ik6cG7Xxo=
10,-24,1XaWxoU0s5aumFahGqVzLo+8Obg=,098nqMgv91n9hDm0X1mZLXHw1i0=
11,-24,1XaWxoU0s5aumFahGqVzLo+8Obg=,098nqMgv91n9hDm0X1mZLXHw1i0=
10,-25,1XaWxoU0s5aumFahGqVzLo+8Obg=,/llTmriWmAUQJXvom3yFB6iNkzM=
0,-23,zdU1sFDF7FZ7lD4MCKQ/vceeJGQ=,V9v2nJVsJWViGEvp0tiDtwEFouc=
0,-24,zdU1sFDF7FZ7lD4MCKQ/vceeJGQ=,V9v2nJVsJWViGEvp0tiDtwEFouc=
0,-25,zdU1sFDF7FZ7lD4MCKQ/vceeJGQ=,Q8/layU1vxO9PgFla6x7o2jal6E=
